Name,Date,Rate,Votes,Genre,Duration,Type,Certificate,Episodes,Nudity,Violence,Profanity,Alcohol,Frightening
No Time to Die,2021.0,7.6,107163.0,"Action, Adventure, Thriller",163.0,Film,PG-13,-1.0,Mild,Moderate,Mild,Mild,Moderate
The Guilty,2021.0,6.3,64375.0,"Crime, Drama, Thriller",90.0,Film,R,-1.0,None,None,Severe,None,Moderate
The Many Saints of Newark,2021.0,6.4,27145.0,"Crime, Drama",120.0,Film,R,-1.0,Moderate,Severe,Severe,Moderate,Moderate
Venom: Let There Be Carnage,2021.0,6.4,30443.0,"Action, Adventure, Sci-Fi",97.0,Film,PG-13,-1.0,None,Moderate,Moderate,Mild,Moderate
Dune,2021.0,8.3,84636.0,"Action, Adventure, Drama",155.0,Film,PG-13,-1.0,None,Moderate,None,Mild,Moderate
Ted Lasso,2021.0,8.8,117562.0,"Comedy, Drama, Sport",30.0,Series,TV-MA,23.0,Mild,None,Severe,Mild,None
Free Guy,2021.0,7.3,153835.0,"Action, Adventure, Comedy",115.0,Film,PG-13,-1.0,Mild,Moderate,Moderate,None,Mild
House of the Dragon,2021.0,-1.0,-1.0,"Action, Adventure, Drama",-1.0,Series,None,10.0,No Rate,No Rate,No Rate,No Rate,No Rate
What If...?,2021.0,7.6,51959.0,"Animation, Action, Adventure",-1.0,Series,TV-14,18.0,None,Moderate,Mild,Mild,Moderate
Sex Education,2021.0,8.3,220201.0,"Comedy, Drama",45.0,Series,TV-MA,25.0,Severe,Mild,Severe,Moderate,Mild
The Walking Dead,2021.0,8.2,906327.0,"Drama, Horror, Thriller",44.0,Series,TV-14,177.0,Mild,Severe,Moderate,Mild,Severe
The Chestnut Man,2021.0,7.9,15434.0,"Crime, Drama, Mystery",50.0,Series,TV-MA,6.0,Mild,Moderate,Mild,None,Moderate
Foundation,2021.0,7.4,16675.0,"Drama, Sci-Fi",-1.0,Series,TV-14,11.0,Mild,Moderate,Mild,No Rate,Mild
The Sopranos,2021.0,9.2,340006.0,"Crime, Drama",55.0,Series,TV-MA,86.0,Severe,Severe,Severe,Severe,Severe
Only Murders in the Building,2021.0,8.3,22988.0,"Comedy, Crime, Drama",-1.0,Series,TV-MA,11.0,Mild,Moderate,Severe,Mild,Mild
American Horror Story,2021.0,8.0,296306.0,"Drama, Horror, Thriller",60.0,Series,TV-MA,116.0,Severe,Severe,Severe,Severe,Severe
Seinfeld,2021.0,8.8,272028.0,Comedy,22.0,Series,TV-PG,174.0,Mild,Mild,Mild,Mild,None
Grey's Anatomy,2021.0,7.5,275094.0,"Drama, Romance",41.0,Series,TV-14,384.0,Moderate,Severe,Mild,Moderate,Moderate
Game of Thrones,2021.0,9.2,1885776.0,"Action, Adventure, Drama",57.0,Series,TV-MA,73.0,Severe,Severe,Severe,Moderate,Severe
Black Widow,2021.0,6.8,246603.0,"Action, Adventure, Sci-Fi",134.0,Film,PG-13,-1.0,None,Moderate,Mild,Mild,Moderate
The Last Duel,2021.0,7.7,6498.0,"Action, Drama, History",152.0,Film,R,-1.0,Severe,Severe,Moderate,Mild,Severe
Alice in Borderland,2021.0,7.7,33151.0,"Action, Fantasy, Mystery",50.0,Series,TV-MA,9.0,Moderate,Severe,Mild,Mild,Severe
Shang-Chi and the Legend of the Ten Rings,2021.0,7.9,109552.0,"Action, Adventure, Fantasy",132.0,Film,PG-13,-1.0,None,Moderate,Mild,Mild,Mild
Billions,2021.0,8.4,80562.0,Drama,60.0,Series,TV-MA,72.0,Moderate,None,Severe,Moderate,None
Resident Evil: Welcome to Raccoon City,2021.0,-1.0,-1.0,"Action, Horror, Mystery",107.0,Film,R,-1.0,No Rate,No Rate,No Rate,No Rate,No Rate
Spectre,2015.0,6.8,407514.0,"Action, Adventure, Thriller",148.0,Film,PG-13,-1.0,Mild,Moderate,Mild,Mild,Moderate
Casino Royale,2006.0,8.0,613873.0,"Action, Adventure, Thriller",144.0,Film,PG-13,-1.0,Mild,Moderate,Mild,Mild,Moderate
Lucifer,2006.0,8.1,288801.0,"Crime, Drama, Fantasy",42.0,Series,TV-14,93.0,Mild,Mild,Mild,Moderate,Mild
The Morning Show,2006.0,8.4,73736.0,Drama,60.0,Series,TV-MA,20.0,Mild,None,Severe,Mild,Mild
Halloween Kills,2021.0,6.1,20383.0,"Horror, Thriller",105.0,Film,R,-1.0,None,Severe,Severe,Mild,Severe
There's Someone Inside Your House,2021.0,4.8,7724.0,"Horror, Mystery, Thriller",96.0,Film,TV-MA,-1.0,Mild,Severe,Moderate,Moderate,Moderate
Malignant,2021.0,6.3,53310.0,"Crime, Horror, Mystery",111.0,Film,R,-1.0,None,Severe,Moderate,None,Severe
Wolf,2021.0,4.1,229.0,"Drama, Mystery, Thriller",98.0,Film,None,-1.0,No Rate,No Rate,No Rate,No Rate,No Rate
La casa de papel,2021.0,8.2,393487.0,"Action, Crime, Drama",70.0,Series,TV-MA,41.0,Moderate,Moderate,Moderate,Mild,Moderate
"Tick, Tick... Boom!",2021.0,-1.0,-1.0,"Biography, Drama, Musical",115.0,Film,PG-13,-1.0,No Rate,No Rate,No Rate,No Rate,No Rate
The Night House,2020.0,6.5,14936.0,"Horror, Mystery, Thriller",107.0,Film,R,-1.0,Mild,Moderate,Moderate,Moderate,Severe
Succession,2020.0,8.7,66106.0,Drama,60.0,Series,TV-MA,29.0,Moderate,Mild,Severe,Moderate,None
La Brea,2020.0,5.2,3198.0,"Drama, Mystery, Sci-Fi",-1.0,Series,TV-14,5.0,None,Mild,No Rate,Mild,Mild
Venom,2018.0,6.7,414787.0,"Action, Adventure, Sci-Fi",112.0,Film,PG-13,-1.0,Mild,Moderate,Moderate,Mild,Moderate
Skyfall,2012.0,7.8,658977.0,"Action, Adventure, Thriller",143.0,Film,PG-13,-1.0,Mild,Moderate,Mild,Mild,Moderate
NCIS: Naval Criminal Investigative Service,2012.0,7.7,130626.0,"Action, Crime, Drama",60.0,Series,TV-14,420.0,Mild,Moderate,Mild,Mild,Moderate
See,2012.0,7.6,59581.0,"Action, Drama, Sci-Fi",60.0,Series,TV-MA,17.0,Moderate,Severe,Moderate,None,Moderate
The Addams Family 2,2021.0,5.3,3798.0,"Animation, Adventure, Comedy",93.0,Film,PG,-1.0,Mild,Moderate,None,None,Mild
Big Sky,2021.0,6.8,11483.0,"Crime, Drama, Mystery",60.0,Series,TV-14,20.0,Mild,Moderate,Mild,Mild,Moderate
Peaky Blinders,2021.0,8.8,416006.0,"Crime, Drama",60.0,Series,TV-MA,36.0,Severe,Severe,Severe,Severe,Moderate
What We Do in the Shadows,2021.0,8.5,50078.0,"Comedy, Fantasy, Horror",30.0,Series,TV-MA,31.0,Moderate,Moderate,Moderate,Mild,Mild
Titane,2021.0,7.2,6076.0,"Drama, Horror, Sci-Fi",108.0,Film,R,-1.0,Severe,Severe,Severe,Moderate,Severe
American Crime Story,2021.0,8.4,87503.0,"Biography, Crime, Drama",42.0,Series,TV-MA,30.0,Moderate,Severe,Severe,Moderate,Severe
CSI: Vegas,2021.0,7.8,1313.0,Crime,-1.0,Series,TV-14,10.0,No Rate,No Rate,No Rate,No Rate,No Rate
Stranger Things,2021.0,8.7,918729.0,"Drama, Fantasy, Horror",51.0,Series,TV-14,34.0,Mild,Moderate,Moderate,Mild,Moderate
Titans,2021.0,7.6,82808.0,"Action, Adventure, Crime",45.0,Series,TV-MA,37.0,Moderate,Severe,Severe,Mild,Moderate
Goliath,2021.0,8.2,40575.0,Drama,60.0,Series,TV-MA,32.0,Moderate,Moderate,Severe,Severe,Moderate
Breaking Bad,2021.0,9.4,1593305.0,"Crime, Drama, Thriller",49.0,Series,TV-MA,62.0,Mild,Severe,Moderate,Severe,Severe
On My Block,2021.0,8.0,13772.0,"Comedy, Drama",30.0,Series,TV-14,38.0,Mild,Moderate,Moderate,Moderate,Mild
Old,2021.0,5.8,52713.0,"Drama, Horror, Mystery",108.0,Film,PG-13,-1.0,Mild,Moderate,Mild,None,Moderate
Y: The Last Man,2021.0,6.3,7780.0,"Action, Adventure, Drama",60.0,Series,TV-14,10.0,Mild,Moderate,Moderate,No Rate,No Rate
The Rookie,2021.0,8.0,27281.0,"Comedy, Crime, Drama",43.0,Series,TV-14,59.0,Mild,Moderate,Mild,Moderate,Mild
No One Gets Out Alive,2021.0,5.3,7573.0,"Drama, Horror, Mystery",85.0,Film,R,-1.0,None,Severe,Severe,No Rate,Severe
Law & Order: Special Victims Unit,2021.0,8.0,92115.0,"Crime, Drama, Mystery",60.0,Series,TV-14,502.0,Moderate,Moderate,Moderate,Moderate,Severe
Hocus Pocus,1993.0,6.9,110741.0,"Comedy, Family, Fantasy",96.0,Film,PG,-1.0,Mild,Mild,Mild,Mild,Moderate
The Office,1993.0,8.9,475207.0,Comedy,22.0,Series,TV-14,188.0,Mild,None,Mild,Mild,None
Chicago Fire,1993.0,8.0,46774.0,"Action, Drama",43.0,Series,TV-14,202.0,Mild,Moderate,Mild,Mild,Mild
Dune,1984.0,6.4,142157.0,"Action, Adventure, Sci-Fi",137.0,Film,PG-13,-1.0,Mild,Moderate,None,Mild,Moderate
You,1984.0,7.7,173763.0,"Crime, Drama, Romance",45.0,Series,TV-MA,31.0,Moderate,Moderate,Mild,Mild,Moderate
Den skyldige,2018.0,7.5,52965.0,"Crime, Drama, Thriller",85.0,Film,R,-1.0,None,None,Mild,None,Moderate
Quantum of Solace,2008.0,6.6,424649.0,"Action, Adventure, Thriller",106.0,Film,PG-13,-1.0,Mild,Moderate,Mild,Mild,Moderate
Doom Patrol,2008.0,7.9,43676.0,"Action, Adventure, Comedy",60.0,Series,TV-MA,35.0,Moderate,Severe,Severe,Mild,Moderate
Yellowstone,2008.0,8.6,48060.0,"Drama, Western",60.0,Series,TV-MA,32.0,Moderate,Moderate,Severe,Moderate,Moderate
The Suicide Squad,2021.0,7.3,224344.0,"Action, Adventure, Comedy",132.0,Film,R,-1.0,Moderate,Severe,Severe,Moderate,Severe
Friends,2021.0,8.8,903947.0,"Comedy, Romance",22.0,Series,TV-PG,235.0,Mild,None,Mild,Mild,None
Eternals,2021.0,-1.0,-1.0,"Action, Adventure, Drama",157.0,Film,PG-13,-1.0,No Rate,No Rate,No Rate,No Rate,No Rate
Brooklyn Nine-Nine,2021.0,8.4,267096.0,"Comedy, Crime",22.0,Series,TV-14,153.0,Mild,Mild,Mild,Mild,Mild
Cruella,2021.0,7.4,174071.0,"Adventure, Comedy, Crime",134.0,Film,PG-13,-1.0,None,Mild,Mild,Mild,Mild
The Blacklist,2021.0,8.0,219628.0,"Crime, Drama, Mystery",43.0,Series,TV-14,177.0,None,Moderate,Mild,Mild,Mild
Supernatural,2021.0,8.4,411255.0,"Drama, Fantasy, Horror",44.0,Series,TV-14,327.0,Mild,Moderate,Mild,Mild,Moderate
Downton Abbey,2021.0,8.7,180688.0,"Drama, Romance",58.0,Series,TV-PG,52.0,Mild,Mild,Mild,Mild,Mild
Animal Kingdom,2021.0,8.2,30515.0,"Crime, Drama",60.0,Series,TV-MA,75.0,Moderate,Moderate,Moderate,Severe,Moderate
Criminal Minds,2021.0,8.1,177854.0,"Crime, Drama, Mystery",42.0,Series,TV-14,323.0,Mild,Severe,Mild,Mild,Severe
Halloween,1978.0,7.7,248788.0,"Horror, Thriller",91.0,Film,R,-1.0,Moderate,Moderate,Mild,Mild,Severe
Vigil,1978.0,7.3,10126.0,"Crime, Drama, Mystery",-1.0,Series,TV-MA,6.0,Mild,Moderate,Moderate,Moderate,Moderate
Infinite,2021.0,5.5,32451.0,"Action, Sci-Fi, Thriller",106.0,Film,PG-13,-1.0,None,Moderate,Moderate,Mild,Moderate
V/H/S/94,2021.0,5.5,3196.0,"Horror, Mystery, Thriller",103.0,Film,None,-1.0,No Rate,No Rate,No Rate,No Rate,No Rate
The Good Doctor,2021.0,8.1,78703.0,Drama,41.0,Series,TV-14,80.0,Mild,Moderate,Mild,Mild,Mild
Dexter,2021.0,8.6,678377.0,"Crime, Drama, Mystery",53.0,Series,TV-MA,96.0,Moderate,Severe,Severe,Mild,Severe
The Green Knight,2021.0,6.6,53565.0,"Adventure, Drama, Fantasy",130.0,Film,R,-1.0,Moderate,Moderate,None,Mild,Moderate
Last Man Down,2021.0,-1.0,-1.0,Action,87.0,Film,R,-1.0,No Rate,No Rate,No Rate,No Rate,No Rate
The French Dispatch,2021.0,7.4,1370.0,"Comedy, Drama, Romance",108.0,Film,R,-1.0,Moderate,Mild,Moderate,Moderate,Mild
The Boys,2021.0,8.7,316047.0,"Action, Crime, Drama",60.0,Series,TV-MA,24.0,Severe,Severe,Severe,Moderate,Severe
Ridley Road,2021.0,6.6,704.0,Thriller,-1.0,Series,None,4.0,No Rate,No Rate,No Rate,No Rate,No Rate
Vikings,2021.0,8.5,472761.0,"Action, Adventure, Drama",44.0,Series,TV-MA,93.0,Severe,Severe,Mild,Mild,Severe
Spider-Man: No Way Home,2021.0,-1.0,-1.0,"Action, Adventure, Sci-Fi",-1.0,Film,None,-1.0,No Rate,No Rate,No Rate,No Rate,No Rate
Silent Witness,2021.0,7.8,7917.0,"Crime, Drama, Mystery",120.0,Series,TV-14,232.0,Severe,Severe,Moderate,Moderate,Severe
Ghosts,2021.0,7.0,1343.0,"Comedy, Fantasy",-1.0,Series,None,6.0,No Rate,No Rate,No Rate,No Rate,No Rate
The Card Counter,2021.0,6.2,9236.0,"Crime, Drama, Thriller",111.0,Film,R,-1.0,Moderate,Moderate,Moderate,Mild,Severe
Lamb,2021.0,6.7,2251.0,"Drama, Horror, Mystery",106.0,Film,R,-1.0,Moderate,Moderate,Mild,Mild,Moderate
Midsomer Murders,2021.0,7.8,28198.0,"Crime, Drama, Mystery",90.0,Series,TV-14,132.0,Mild,Moderate,Mild,Mild,Moderate
Rick and Morty,2021.0,9.2,436882.0,"Animation, Adventure, Comedy",23.0,Series,TV-MA,52.0,Moderate,Severe,Severe,Severe,Moderate
After We Fell,2021.0,5.0,2719.0,Drama,98.0,Film,R,-1.0,Moderate,Mild,Moderate,Moderate,Mild
Riverdale,2021.0,6.7,130524.0,"Crime, Drama, Mystery",45.0,Series,TV-14,98.0,Moderate,Moderate,Mild,Moderate,Moderate
The Harder They Fall,2021.0,5.2,315.0,"Drama, Western",130.0,Film,R,-1.0,Mild,Severe,Moderate,Moderate,Severe
Licorice Pizza,2021.0,-1.0,-1.0,"Comedy, Drama",-1.0,Film,R,-1.0,No Rate,No Rate,No Rate,No Rate,No Rate
Chicago Med,2021.0,7.6,20080.0,Drama,43.0,Series,TV-14,126.0,Mild,Moderate,Mild,Mild,Moderate
The Lost Symbol,2021.0,6.7,2851.0,"Action, Adventure, Drama",-1.0,Series,TV-PG,8.0,None,Mild,Mild,None,Mild
Star Wars: Visions,2021.0,7.2,9175.0,"Animation, Action, Adventure",-1.0,Series,TV-PG,9.0,None,Mild,None,No Rate,Mild
Promising Young Woman,2020.0,7.5,132936.0,"Crime, Drama, Thriller",113.0,Film,R,-1.0,Mild,Moderate,Severe,Moderate,Moderate
Modern Family,2020.0,8.4,388093.0,"Comedy, Drama, Romance",22.0,Series,TV-PG,250.0,Mild,None,Mild,Mild,None
The Mandalorian,2020.0,8.8,359850.0,"Action, Adventure, Sci-Fi",40.0,Series,TV-14,24.0,None,Moderate,None,None,Moderate
Queenpins,2021.0,6.2,3525.0,"Comedy, Crime",110.0,Film,R,-1.0,None,None,Moderate,None,None
The Big Bang Theory,2021.0,8.1,753761.0,"Comedy, Romance",22.0,Series,TV-PG,280.0,Mild,None,Mild,Mild,None
The Wire,2021.0,9.3,306334.0,"Crime, Drama, Thriller",59.0,Series,TV-MA,60.0,Severe,Severe,Severe,Severe,Severe
Doctor Who,2021.0,8.6,207605.0,"Adventure, Drama, Family",45.0,Series,TV-PG,200.0,None,Mild,Mild,None,Moderate
Candyman,2021.0,6.0,35936.0,"Horror, Thriller",91.0,Film,R,-1.0,None,Severe,Moderate,Mild,Severe
The White Lotus,2021.0,7.7,37058.0,"Comedy, Drama",353.0,Series,TV-MA,7.0,Moderate,Mild,Moderate,Severe,None
The Witcher,2021.0,8.2,353732.0,"Action, Adventure, Fantasy",60.0,Series,TV-MA,17.0,Severe,Severe,Moderate,Mild,Moderate
The Starling,2021.0,6.3,6994.0,"Comedy, Drama",102.0,Film,PG-13,-1.0,Mild,None,Mild,Mild,None
Kate,2021.0,6.3,41301.0,"Action, Adventure, Crime",106.0,Film,R,-1.0,Mild,Severe,Severe,Mild,Moderate
The Sandman,2021.0,-1.0,-1.0,"Action, Adventure, Drama",-1.0,Series,None,11.0,No Rate,No Rate,No Rate,No Rate,No Rate
Knives Out,2019.0,7.9,537031.0,"Comedy, Crime, Drama",130.0,Film,PG-13,-1.0,None,Mild,Moderate,Mild,Mild
New Amsterdam,2019.0,8.1,30554.0,Drama,43.0,Series,TV-14,61.0,Mild,Moderate,Mild,Moderate,Moderate
Cry Macho,2021.0,5.8,13148.0,"Drama, Thriller, Western",104.0,Film,PG-13,-1.0,Mild,Mild,Moderate,Mild,Mild
Castle,2021.0,8.1,146732.0,"Comedy, Crime, Drama",43.0,Series,TV-14,173.0,Mild,Moderate,Mild,Mild,Moderate
Black Mirror,2021.0,8.8,482062.0,"Drama, Sci-Fi, Thriller",60.0,Series,TV-MA,22.0,Severe,Severe,Severe,Mild,Severe
Law & Order: Organized Crime,2021.0,7.6,4267.0,"Crime, Drama, Mystery",-1.0,Series,TV-14,14.0,Mild,Moderate,Moderate,Moderate,Moderate
Till Death,2021.0,5.8,12586.0,"Horror, Thriller",88.0,Film,R,-1.0,Mild,Severe,Moderate,Mild,Moderate
The Voyeurs,2021.0,5.9,10281.0,"Drama, Mystery, Thriller",120.0,Film,R,-1.0,Severe,Moderate,Mild,Moderate,Moderate
The Crown,2021.0,8.6,176135.0,"Biography, Drama, History",58.0,Series,TV-MA,60.0,Moderate,Mild,Mild,Mild,Mild
Better Call Saul,2021.0,8.8,359684.0,"Crime, Drama",46.0,Series,TV-MA,63.0,Mild,Moderate,Moderate,Moderate,Moderate
The Handmaid's Tale,2021.0,8.4,204512.0,"Drama, Sci-Fi, Thriller",60.0,Series,TV-MA,47.0,Severe,Severe,Moderate,Mild,Severe
Lost,2021.0,8.3,520422.0,"Adventure, Drama, Fantasy",44.0,Series,TV-14,119.0,Mild,Moderate,Mild,Moderate,Moderate
Outlander,2021.0,8.4,138887.0,"Drama, Fantasy, Romance",64.0,Series,TV-MA,87.0,Severe,Severe,Moderate,Mild,Moderate
The Simpsons,2021.0,8.6,381626.0,"Animation, Comedy",22.0,Series,TV-PG,731.0,Moderate,Moderate,Mild,Moderate,Mild
Dear Evan Hansen,2021.0,6.0,5468.0,"Drama, Musical",137.0,Film,PG-13,-1.0,Mild,None,Mild,Mild,Mild
CSI: Crime Scene Investigation,2021.0,7.6,80011.0,"Crime, Drama, Mystery",60.0,Series,TV-14,336.0,Mild,Severe,Mild,Mild,Moderate
Loki,2021.0,8.3,208457.0,"Action, Adventure, Fantasy",-1.0,Series,TV-14,7.0,None,Moderate,Mild,None,Moderate
It's Always Sunny in Philadelphia,2021.0,8.8,201983.0,Comedy,22.0,Series,TV-MA,157.0,Moderate,Mild,Severe,Severe,Mild
Hypnotic,2021.0,-1.0,-1.0,"Drama, Horror, Thriller",88.0,Film,None,-1.0,No Rate,No Rate,No Rate,No Rate,No Rate
Superstore,2021.0,7.8,39602.0,Comedy,22.0,Series,TV-14,113.0,Mild,Mild,Mild,Mild,None
The Resident,2021.0,7.7,22186.0,Drama,60.0,Series,TV-14,76.0,Mild,Mild,Mild,Mild,Mild
Gisaengchung,2019.0,8.6,669620.0,"Comedy, Drama, Thriller",132.0,Film,R,-1.0,Moderate,Severe,Moderate,Mild,Moderate
Mr. Robot,2019.0,8.5,354297.0,"Crime, Drama, Thriller",49.0,Series,TV-MA,45.0,Moderate,Severe,Severe,Severe,Severe
Last Night in Soho,2021.0,7.4,1122.0,"Drama, Horror, Mystery",116.0,Film,R,-1.0,Moderate,Moderate,Moderate,Mild,Moderate
Titanic,1997.0,7.8,1096676.0,"Drama, Romance",194.0,Film,PG-13,-1.0,Moderate,Moderate,Moderate,Mild,Severe
Shiddat,2021.0,8.0,8066.0,Romance,146.0,Film,None,-1.0,No Rate,No Rate,No Rate,No Rate,No Rate
Scream,2022.0,-1.0,-1.0,"Horror, Mystery, Thriller",120.0,Film,None,-1.0,No Rate,No Rate,No Rate,No Rate,No Rate
Ozark,2022.0,8.4,214799.0,"Crime, Drama, Thriller",60.0,Series,TV-MA,44.0,Severe,Severe,Severe,Severe,Severe
Rise of the Footsoldier: Origins,2021.0,6.4,1894.0,"Action, Crime, Drama",107.0,Film,None,-1.0,No Rate,No Rate,No Rate,No Rate,No Rate
F9,2021.0,5.2,97696.0,"Action, Adventure, Crime",143.0,Film,PG-13,-1.0,None,Moderate,Mild,Mild,Moderate
Shingeki no kyojin,2021.0,9.0,255267.0,"Animation, Action, Adventure",24.0,Series,TV-MA,86.0,Mild,Severe,Moderate,Mild,Severe
365 dni,2020.0,3.3,67739.0,"Drama, Romance",114.0,Film,TV-MA,-1.0,Severe,Mild,Moderate,Moderate,Mild
Archer,2020.0,8.6,144917.0,"Animation, Action, Comedy",22.0,Series,TV-MA,135.0,Moderate,Severe,Severe,Severe,Moderate
How I Met Your Mother,2020.0,8.3,635038.0,"Comedy, Romance",22.0,Series,TV-14,208.0,Moderate,None,Mild,Moderate,None
Chehre,2021.0,6.6,21358.0,"Drama, Mystery, Thriller",139.0,Film,None,-1.0,No Rate,No Rate,No Rate,No Rate,No Rate
Young Sheldon,2021.0,7.5,41356.0,Comedy,30.0,Series,TV-PG,90.0,Mild,None,Mild,Mild,None
The Batman,2022.0,-1.0,-1.0,"Action, Crime, Drama",-1.0,Film,None,-1.0,No Rate,No Rate,No Rate,No Rate,No Rate
Black Mafia Family,2022.0,6.8,930.0,"Biography, Crime, Drama",-1.0,Series,None,9.0,No Rate,No Rate,No Rate,No Rate,No Rate
Manifest,2022.0,7.1,39468.0,"Drama, Mystery, Sci-Fi",43.0,Series,TV-14,62.0,Mild,Mild,Mild,None,Mild
S.W.A.T.,2022.0,7.1,18353.0,"Action, Adventure, Crime",43.0,Series,TV-14,89.0,Mild,Moderate,Mild,Mild,Moderate
Friday Night Lights,2022.0,8.6,60640.0,"Drama, Sport",44.0,Series,TV-14,76.0,Mild,Mild,Mild,Moderate,None
9-1-1,2022.0,7.8,26981.0,"Action, Drama, Thriller",43.0,Series,TV-14,65.0,Mild,Moderate,Mild,Mild,Moderate
Heat,1995.0,8.2,609446.0,"Crime, Drama, Thriller",170.0,Film,R,-1.0,Mild,Severe,Severe,Mild,Moderate
Old Henry,2021.0,7.2,4233.0,Western,99.0,Film,None,-1.0,No Rate,No Rate,No Rate,No Rate,No Rate
Chicago P.D.,2021.0,8.1,32212.0,"Action, Crime, Drama",43.0,Series,TV-14,171.0,Mild,Moderate,Mild,Moderate,Moderate
Shameless,2021.0,8.5,217452.0,"Comedy, Drama",46.0,Series,TV-MA,134.0,Severe,Moderate,Severe,Severe,Moderate
The Expanse,2021.0,8.5,123865.0,"Drama, Mystery, Sci-Fi",60.0,Series,TV-14,62.0,Moderate,Moderate,Moderate,Mild,Moderate
Muppets Haunted Mansion,2021.0,6.7,2929.0,"Adventure, Comedy, Family",52.0,Film,TV-PG,-1.0,None,Mild,Mild,None,Moderate
Westworld,2021.0,8.6,453101.0,"Drama, Mystery, Sci-Fi",62.0,Series,TV-MA,35.0,Severe,Severe,Severe,Moderate,Moderate
American Rust,2021.0,7.0,1915.0,"Crime, Drama",-1.0,Series,TV-MA,9.0,Severe,No Rate,No Rate,No Rate,No Rate
Ghosts,2021.0,8.2,8577.0,"Comedy, Fantasy",30.0,Series,TV-14,19.0,Mild,Mild,Mild,Mild,None
Fear the Walking Dead,2021.0,6.9,120421.0,"Drama, Horror, Sci-Fi",44.0,Series,TV-MA,101.0,Mild,Severe,Mild,Mild,Severe
Cinderella,2021.0,4.2,33916.0,"Adventure, Comedy, Family",113.0,Film,PG,-1.0,Mild,None,Mild,None,None
Bridgerton,2021.0,7.3,89503.0,"Drama, Romance",60.0,Series,TV-MA,16.0,Severe,Mild,Mild,Mild,Mild
Halloween,2018.0,6.5,132934.0,"Crime, Horror, Thriller",106.0,Film,R,-1.0,Mild,Severe,Moderate,Mild,Severe
The Addams Family,2019.0,5.8,33649.0,"Animation, Adventure, Comedy",86.0,Film,PG,-1.0,None,Mild,None,Mild,Mild
House M.D.,2019.0,8.7,432280.0,"Drama, Mystery",44.0,Series,TV-14,176.0,Mild,Moderate,Mild,Moderate,Moderate
Good Girls,2019.0,7.8,44113.0,"Comedy, Crime, Drama",43.0,Series,TV-14,50.0,Mild,Moderate,Mild,Moderate,Mild
The Flash,2019.0,7.6,325626.0,"Action, Adventure, Drama",43.0,Series,TV-PG,165.0,Mild,Mild,Mild,Mild,Mild
Scream,1996.0,7.3,304350.0,"Horror, Mystery",111.0,Film,R,-1.0,Mild,Severe,Moderate,Mild,Severe
Suits,1996.0,8.4,380478.0,"Comedy, Drama",44.0,Series,TV-14,134.0,Mild,Mild,Moderate,Moderate,None
Once Upon a Time... in Hollywood,2019.0,7.6,643564.0,"Comedy, Drama",161.0,Film,R,-1.0,Mild,Severe,Severe,Moderate,Moderate
My Little Pony: A New Generation,2021.0,7.0,2247.0,"Animation, Adventure, Comedy",90.0,Film,PG,-1.0,None,Mild,None,None,Mild
Jungle Cruise,2021.0,6.6,113396.0,"Action, Adventure, Comedy",127.0,Film,PG-13,-1.0,None,Moderate,None,Mild,Moderate
Gilmore Girls,2021.0,8.1,110011.0,"Comedy, Drama",44.0,Series,TV-PG,154.0,Mild,None,Mild,Mild,None
True Detective,2021.0,8.9,524326.0,"Crime, Drama, Mystery",55.0,Series,TV-MA,24.0,Severe,Severe,Severe,Severe,Severe
Bones,2021.0,7.8,147495.0,"Comedy, Crime, Drama",40.0,Series,TV-14,245.0,Mild,Severe,Mild,Mild,Moderate
American Horror Stories,2021.0,6.1,12381.0,"Drama, Horror, Thriller",45.0,Series,TV-MA,8.0,Moderate,Severe,Severe,Moderate,Severe
Intrusion,2021.0,5.2,8561.0,"Drama, Thriller",92.0,Film,TV-14,-1.0,None,Mild,Mild,Mild,Moderate
Leverage: Redemption,2021.0,8.8,13554.0,"Crime, Mystery, Thriller",-1.0,Series,TV-14,16.0,Moderate,Moderate,None,Moderate,Mild
Blade Runner 2049,2017.0,8.0,502751.0,"Action, Drama, Mystery",164.0,Film,R,-1.0,Moderate,Moderate,Moderate,Mild,Moderate
The X Files,2017.0,8.6,209643.0,"Crime, Drama, Mystery",45.0,Series,TV-14,217.0,Mild,Moderate,Mild,Mild,Severe
Ordinary Joe,2017.0,6.6,1391.0,Drama,-1.0,Series,TV-G,7.0,Mild,No Rate,No Rate,No Rate,No Rate
Schitt's Creek,2017.0,8.5,97987.0,Comedy,22.0,Series,TV-14,80.0,Mild,None,Moderate,Mild,None
The Matrix Resurrections,2021.0,-1.0,-1.0,"Action, Sci-Fi",140.0,Film,None,-1.0,No Rate,No Rate,No Rate,No Rate,No Rate
The Vampire Diaries,2021.0,7.7,298419.0,"Drama, Fantasy, Horror",43.0,Series,TV-14,171.0,Moderate,Moderate,Mild,Moderate,Moderate
Grantchester,2021.0,7.9,11403.0,"Crime, Drama, Mystery",45.0,Series,TV-14,39.0,Mild,Mild,Mild,Severe,Mild
Blue Bayou,2021.0,7.1,1833.0,Drama,117.0,Film,R,-1.0,No Rate,Moderate,Moderate,Mild,Moderate
The Matrix,1999.0,8.7,1767660.0,"Action, Sci-Fi",136.0,Film,R,-1.0,Mild,Moderate,Moderate,Mild,Moderate
Manhunt,1999.0,7.5,6268.0,"Biography, Crime, Drama",45.0,Series,TV-14,7.0,None,Mild,Severe,Mild,Mild
ER,1999.0,7.7,54651.0,"Drama, Romance",44.0,Series,TV-14,331.0,Mild,Moderate,Mild,Mild,Moderate
One of Us Is Lying,1999.0,6.6,537.0,"Crime, Drama, Mystery",-1.0,Series,None,9.0,No Rate,No Rate,No Rate,No Rate,No Rate
The Wolf of Wall Street,2013.0,8.2,1271608.0,"Biography, Comedy, Crime",180.0,Film,R,-1.0,Severe,Moderate,Severe,Severe,Moderate
The Last Kingdom,2013.0,8.4,98462.0,"Action, Drama, History",60.0,Series,TV-MA,46.0,Moderate,Severe,Mild,Mild,Moderate
The Shawshank Redemption,1994.0,9.3,2474122.0,Drama,142.0,Film,R,-1.0,Mild,Moderate,Severe,Mild,Moderate
Star Trek: The Next Generation,1994.0,8.6,109337.0,"Action, Adventure, Mystery",44.0,Series,TV-PG,176.0,Mild,Mild,Mild,Mild,Moderate
The Walking Dead: World Beyond,1994.0,4.2,11306.0,"Drama, Horror, Sci-Fi",60.0,Series,TV-14,20.0,Mild,Moderate,Mild,Mild,Moderate
FBI,1994.0,6.9,13075.0,"Action, Crime, Drama",60.0,Series,TV-14,61.0,None,Moderate,Mild,Mild,Moderate
Fargo,1994.0,8.9,347559.0,"Crime, Drama, Thriller",53.0,Series,TV-MA,41.0,Mild,Severe,Moderate,Mild,Severe
Joker,2019.0,8.4,1077534.0,"Crime, Drama, Thriller",122.0,Film,R,-1.0,Mild,Severe,Moderate,Moderate,Severe
Harry Potter and the Sorcerer's Stone,2001.0,7.6,702396.0,"Adventure, Family, Fantasy",152.0,Film,PG,-1.0,None,Mild,Mild,None,Mild
Curb Your Enthusiasm,2001.0,8.7,111076.0,Comedy,28.0,Series,TV-MA,110.0,Moderate,None,Severe,Mild,None
Boruto: Naruto Next Generations,2001.0,7.1,16068.0,"Animation, Action, Adventure",23.0,Series,TV-14,221.0,None,Moderate,Mild,Mild,Moderate
Zodiac,2007.0,7.7,499163.0,"Crime, Drama, Mystery",157.0,Film,R,-1.0,Mild,Moderate,Moderate,Moderate,Severe
Supergirl,2007.0,6.2,117623.0,"Action, Adventure, Drama",43.0,Series,TV-PG,126.0,Mild,Mild,Mild,Mild,Mild
Snake Eyes: G.I. Joe Origins,2021.0,5.4,24928.0,"Action, Adventure, Fantasy",121.0,Film,PG-13,-1.0,None,Moderate,Moderate,Mild,Moderate
The Addams Family,1991.0,6.9,143815.0,"Comedy, Fantasy",99.0,Film,PG-13,-1.0,Mild,Moderate,Mild,Mild,Mild
Brassic,1991.0,8.3,6334.0,"Comedy, Drama",43.0,Series,TV-MA,20.0,Moderate,Moderate,Severe,Severe,Mild
Sons of Anarchy,1991.0,8.5,275596.0,"Crime, Drama, Thriller",45.0,Series,TV-MA,92.0,Moderate,Severe,Moderate,Severe,Severe
Midsommar,2019.0,7.1,256462.0,"Drama, Horror, Mystery",148.0,Film,R,-1.0,Severe,Severe,Moderate,Severe,Severe
Spencer,2021.0,6.7,1044.0,"Biography, Drama, Romance",111.0,Film,R,-1.0,Severe,None,Severe,Moderate,Severe
Chapelwaite,2021.0,7.5,3531.0,"Drama, Horror, Mystery",-1.0,Series,TV-MA,10.0,None,Severe,Mild,Mild,Moderate
Dave Chappelle: The Closer,2021.0,8.1,12454.0,Comedy,72.0,Film,TV-MA,-1.0,Moderate,None,Severe,Mild,Mild
Kin,2021.0,7.7,1415.0,"Crime, Drama",-1.0,Series,None,8.0,No Rate,No Rate,No Rate,No Rate,No Rate
The Wheel of Time,2021.0,-1.0,-1.0,"Action, Adventure, Drama",60.0,Series,None,7.0,No Rate,No Rate,No Rate,No Rate,No Rate
Avengers: Endgame,2019.0,8.4,947812.0,"Action, Adventure, Drama",181.0,Film,PG-13,-1.0,None,Moderate,Mild,Mild,Moderate
Cyrano,2021.0,6.9,86.0,"Drama, Musical, Romance",124.0,Film,PG-13,-1.0,No Rate,No Rate,No Rate,No Rate,No Rate
Blue Bloods,2021.0,7.6,35262.0,"Crime, Drama, Mystery",43.0,Series,TV-14,239.0,None,Moderate,Mild,Mild,Mild
Dexter: New Blood,2021.0,-1.0,-1.0,Drama,-1.0,Series,None,10.0,No Rate,No Rate,No Rate,No Rate,No Rate
Wrath of Man,2021.0,7.2,117483.0,"Action, Crime, Thriller",119.0,Film,R,-1.0,Mild,Severe,Severe,Mild,Severe
Hocus Pocus 2,2022.0,-1.0,-1.0,"Comedy, Family, Fantasy",-1.0,Film,None,-1.0,No Rate,No Rate,No Rate,No Rate,No Rate
Community,2022.0,8.5,237389.0,Comedy,22.0,Series,TV-14,110.0,Mild,None,Mild,Mild,None
The Duff,2015.0,6.5,89023.0,"Comedy, Romance",101.0,Film,PG-13,-1.0,Mild,Mild,Moderate,Mild,None
NCIS: Hawai'i,2015.0,5.4,1734.0,"Action, Crime, Mystery",-1.0,Series,TV-14,7.0,No Rate,No Rate,No Rate,No Rate,No Rate
Family Guy,2015.0,8.1,316718.0,"Animation, Comedy",22.0,Series,(Banned),376.0,Moderate,Severe,Severe,Moderate,Mild
Evil,2015.0,7.7,18024.0,"Crime, Drama, Horror",42.0,Series,TV-14,27.0,Mild,Moderate,Mild,No Rate,Moderate
A Nightmare on Elm Street,1984.0,7.5,218811.0,Horror,91.0,Film,R,-1.0,Mild,Severe,Moderate,Mild,Severe
Tenet,2020.0,7.4,427885.0,"Action, Sci-Fi, Thriller",150.0,Film,PG-13,-1.0,None,Moderate,Mild,Mild,Moderate
Survive the Game,2021.0,5.5,1935.0,"Action, Thriller",97.0,Film,R,-1.0,No Rate,No Rate,No Rate,No Rate,No Rate
New Girl,2021.0,7.7,205005.0,Comedy,22.0,Series,TV-14,146.0,Moderate,None,Mild,Mild,None
Busanhaeng,2016.0,7.6,190528.0,"Action, Horror, Thriller",118.0,Film,Not Rated,-1.0,None,Severe,Mild,None,Severe
FBI: International,2016.0,6.1,1354.0,"Crime, Drama",-1.0,Series,TV-14,5.0,Mild,Moderate,Moderate,Mild,Moderate
Killing Eve,2016.0,8.2,97938.0,"Action, Adventure, Drama",42.0,Series,TV-14,32.0,Mild,Moderate,Mild,Mild,Moderate
Dark,2016.0,8.8,325113.0,"Crime, Drama, Mystery",60.0,Series,TV-MA,26.0,Moderate,Moderate,Moderate,Mild,Moderate
Hotel Transylvania: Transformania,2022.0,6.9,316.0,"Animation, Adventure, Comedy",-1.0,Film,PG,-1.0,None,Severe,Severe,Severe,Severe
Pretty Smart,2022.0,5.9,1581.0,"Comedy, Drama, Romance",30.0,Series,TV-14,10.0,Moderate,None,Moderate,Mild,None
Heels,2022.0,8.2,4027.0,"Drama, Sport",60.0,Series,TV-MA,8.0,Moderate,Moderate,Moderate,No Rate,No Rate
Stargirl,2022.0,7.2,14256.0,"Action, Adventure, Crime",566.0,Series,TV-PG,27.0,None,Moderate,Mild,Mild,None
This Is Us,2022.0,8.6,119228.0,"Comedy, Drama, Romance",45.0,Series,TV-14,89.0,Mild,None,Mild,Mild,Mild
Gladiator,2000.0,8.5,1403705.0,"Action, Adventure, Drama",155.0,Film,R,-1.0,Mild,Severe,Mild,None,Severe
Kota Factory,2000.0,9.2,61652.0,"Comedy, Drama",45.0,Series,TV-14,10.0,None,None,Mild,Mild,None
Escape Room: Tournament of Champions,2021.0,5.8,24494.0,"Action, Adventure, Horror",88.0,Film,PG-13,-1.0,None,Mild,Mild,None,Moderate
The 100,2021.0,7.6,231713.0,"Drama, Mystery, Sci-Fi",43.0,Series,TV-14,100.0,Mild,Moderate,Mild,Mild,Moderate
GoldenEye,1995.0,7.2,247470.0,"Action, Adventure, Thriller",130.0,Film,PG-13,-1.0,Moderate,Moderate,Mild,Mild,Moderate
The Godfather,1972.0,9.2,1709439.0,"Crime, Drama",175.0,Film,R,-1.0,Moderate,Severe,Moderate,Mild,Moderate
Rocketman,2019.0,7.3,159046.0,"Biography, Drama, Music",121.0,Film,R,-1.0,Moderate,Mild,Moderate,Severe,Moderate
Chucky,2019.0,7.6,1976.0,"Horror, Mystery, Thriller",-1.0,Series,TV-MA,10.0,None,Severe,Severe,Mild,Severe
Good Witch,2019.0,7.3,9034.0,"Comedy, Drama, Fantasy",48.0,Series,TV-PG,76.0,None,None,None,None,None
Sex/Life,2019.0,5.3,16568.0,"Comedy, Drama, Romance",-1.0,Series,TV-MA,9.0,Severe,None,Moderate,Mild,None
Buffy the Vampire Slayer,2019.0,8.2,137622.0,"Action, Drama, Fantasy",44.0,Series,TV-14,145.0,Moderate,Moderate,Mild,Mild,Moderate
Beetle Juice,1988.0,7.5,277189.0,"Comedy, Fantasy",92.0,Film,PG,-1.0,Mild,Moderate,Moderate,Mild,Moderate
Magnum P.I.,1988.0,5.9,10579.0,"Action, Adventure, Crime",43.0,Series,TV-14,61.0,None,Mild,Mild,Mild,Mild
Friendzone,2021.0,5.9,1379.0,"Comedy, Romance",88.0,Film,TV-MA,-1.0,Moderate,None,Mild,Mild,None
The Nightmare Before Christmas,1993.0,8.0,311747.0,"Animation, Family, Fantasy",76.0,Film,PG,-1.0,None,Mild,None,None,Moderate
Interstellar,2014.0,8.6,1624116.0,"Adventure, Drama, Sci-Fi",169.0,Film,PG-13,-1.0,None,Mild,Mild,None,Moderate
The Rocky Horror Picture Show,1975.0,7.4,139351.0,"Comedy, Horror, Musical",100.0,Film,R,-1.0,Moderate,Mild,Mild,Mild,Mild
Pig,2021.0,6.9,33733.0,"Drama, Thriller",92.0,Film,R,-1.0,None,Moderate,Moderate,Mild,Moderate
The Orville,2021.0,8.0,64211.0,"Adventure, Comedy, Drama",44.0,Series,TV-14,37.0,Mild,Mild,Mild,Mild,Mild
Endeavour,2021.0,8.6,21802.0,"Crime, Drama, Mystery",89.0,Series,TV-14,33.0,Mild,Moderate,Mild,Mild,Mild
Batoru rowaiaru,2000.0,7.6,176302.0,"Action, Adventure, Drama",114.0,Film,Not Rated,-1.0,Mild,Severe,Mild,Mild,Severe
Homeland,2000.0,8.3,326240.0,"Crime, Drama, Mystery",55.0,Series,TV-MA,96.0,Severe,Moderate,Moderate,Mild,Moderate
Halloween,2007.0,6.1,113922.0,Horror,109.0,Film,R,-1.0,Severe,Severe,Severe,Mild,Severe
Knock Knock,2015.0,4.9,89175.0,"Drama, Thriller",99.0,Film,R,-1.0,Severe,Moderate,Severe,Mild,Moderate
The Dark Knight,2008.0,9.0,2428117.0,"Action, Crime, Drama",152.0,Film,PG-13,-1.0,None,Moderate,Mild,Mild,Severe
Two and a Half Men,2008.0,7.0,249542.0,"Comedy, Romance",22.0,Series,TV-14,262.0,Moderate,Mild,Moderate,Severe,None
The Protégé,2021.0,6.1,13778.0,"Action, Crime, Thriller",109.0,Film,R,-1.0,Mild,Severe,Moderate,Mild,Moderate
I Know What You Did Last Summer,2021.0,5.1,1135.0,"Horror, Mystery, Thriller",45.0,Series,TV-14,8.0,Moderate,Moderate,Severe,Severe,Severe
Parks and Recreation,2021.0,8.6,233155.0,Comedy,22.0,Series,TV-14,124.0,Mild,Mild,Mild,Mild,None
Star Trek: Lower Decks,2021.0,7.2,12261.0,"Animation, Action, Adventure",25.0,Series,TV-MA,30.0,Mild,Moderate,Mild,Mild,Mild
One Piece: Wan pîsu,2021.0,8.8,86612.0,"Animation, Action, Adventure",24.0,Series,TV-14,995.0,Mild,Moderate,Mild,Moderate,Moderate
Ghostbusters: Afterlife,2021.0,-1.0,-1.0,"Comedy, Fantasy",-1.0,Film,PG-13,-1.0,No Rate,No Rate,No Rate,No Rate,No Rate
A Quiet Place Part II,2020.0,7.3,165973.0,"Drama, Horror, Sci-Fi",97.0,Film,PG-13,-1.0,None,Moderate,Mild,None,Severe
Cobra Kai,2020.0,8.6,127699.0,"Action, Comedy, Drama",30.0,Series,TV-14,41.0,Mild,Moderate,Moderate,Moderate,Mild
FBI: Most Wanted,2020.0,6.8,5342.0,"Action, Crime, Drama",45.0,Series,TV-14,34.0,Mild,Moderate,Mild,Moderate,Moderate
Don't Breathe 2,2021.0,6.1,29241.0,"Action, Drama, Horror",98.0,Film,R,-1.0,None,Severe,Moderate,Mild,Severe
House of Wax,2005.0,5.4,119934.0,"Horror, Thriller",113.0,Film,R,-1.0,Mild,Severe,Moderate,Mild,Severe
Wonder Woman 1984,2020.0,5.4,233753.0,"Action, Adventure, Fantasy",151.0,Film,PG-13,-1.0,Mild,Mild,Mild,None,Mild
Zack Snyder's Justice League,2021.0,8.1,340603.0,"Action, Adventure, Fantasy",242.0,Film,R,-1.0,None,Moderate,Mild,Mild,Moderate
A Million Little Things,2021.0,7.9,10844.0,"Comedy, Drama, Romance",43.0,Series,TV-14,63.0,Mild,None,Mild,Mild,Mild
Reservation Dogs,2021.0,8.2,5946.0,"Comedy, Crime",30.0,Series,TV-MA,9.0,None,None,Severe,Mild,No Rate
Mad Men,2021.0,8.6,220406.0,Drama,47.0,Series,TV-14,92.0,Moderate,Mild,Mild,Severe,Mild
Killers of the Flower Moon,2021.0,-1.0,-1.0,"Crime, Drama, History",-1.0,Film,None,-1.0,No Rate,No Rate,No Rate,No Rate,No Rate
The Goldbergs,2021.0,8.0,34243.0,Comedy,22.0,Series,TV-PG,192.0,Mild,None,Mild,Mild,None
Nobody,2021.0,7.4,164357.0,"Action, Crime, Drama",92.0,Film,R,-1.0,None,Severe,Severe,Mild,Severe
The Tomorrow War,2021.0,6.6,170217.0,"Action, Adventure, Drama",138.0,Film,PG-13,-1.0,None,Moderate,Mild,Mild,Moderate
1917,2019.0,8.3,497055.0,"Action, Drama, War",119.0,Film,R,-1.0,None,Severe,Moderate,Mild,Severe
Cowboy Bebop,2019.0,-1.0,-1.0,"Action, Adventure, Crime",-1.0,Series,TV-14,10.0,No Rate,No Rate,No Rate,No Rate,No Rate
Sweet Home,2019.0,7.4,14574.0,"Drama, Fantasy, Horror",52.0,Series,TV-MA,10.0,None,Severe,Moderate,Moderate,Severe
The 355,2022.0,-1.0,-1.0,"Action, Thriller",-1.0,Film,PG-13,-1.0,No Rate,No Rate,No Rate,No Rate,No Rate
Station 19,2022.0,6.7,11053.0,"Action, Drama, Romance",60.0,Series,TV-14,63.0,Mild,Moderate,Mild,Mild,Moderate
Law & Order,2022.0,7.7,33951.0,"Crime, Drama, Mystery",45.0,Series,TV-14,457.0,Mild,Moderate,Mild,Moderate,Moderate
The Hunger Games,2012.0,7.2,874403.0,"Action, Adventure, Sci-Fi",142.0,Film,PG-13,-1.0,None,Moderate,Mild,Mild,Moderate
Jennifer's Body,2009.0,5.3,125403.0,"Comedy, Horror",102.0,Film,R,-1.0,Mild,Severe,Severe,Mild,Severe
Prison Break,2009.0,8.3,499859.0,"Action, Crime, Drama",44.0,Series,TV-14,90.0,Mild,Moderate,Mild,Mild,Moderate
House of Gucci,2021.0,-1.0,-1.0,"Crime, Drama, Thriller",-1.0,Film,R,-1.0,No Rate,No Rate,No Rate,No Rate,No Rate
Outer Banks,2021.0,7.6,36571.0,"Action, Crime, Drama",50.0,Series,TV-MA,20.0,Mild,Mild,Moderate,Moderate,Moderate
Braqueurs,2021.0,7.0,1440.0,"Action, Crime, Drama",44.0,Series,TV-MA,6.0,Mild,Severe,Severe,Severe,Mild
The Power of the Dog,2021.0,6.6,2853.0,"Drama, Romance, Western",126.0,Film,R,-1.0,Moderate,Mild,Mild,Moderate,Mild
Halloween II,1981.0,6.5,81417.0,Horror,92.0,Film,R,-1.0,Moderate,Severe,Moderate,Mild,Severe
Sherlock,1981.0,9.1,853642.0,"Crime, Drama, Mystery",88.0,Series,TV-14,15.0,Mild,Moderate,Mild,Moderate,Moderate
Trick 'r Treat,2007.0,6.8,86032.0,"Comedy, Horror",82.0,Film,R,-1.0,Moderate,Severe,Moderate,Mild,Moderate
Prisoners,2013.0,8.1,641220.0,"Crime, Drama, Mystery",153.0,Film,R,-1.0,None,Severe,Severe,Mild,Severe
Hereditary,2018.0,7.3,270994.0,"Drama, Horror, Mystery",127.0,Film,R,-1.0,Moderate,Severe,Moderate,Moderate,Severe
Black as Night,2021.0,3.9,1087.0,"Drama, Horror, Thriller",87.0,Film,Not Rated,-1.0,None,Mild,Moderate,Moderate,Moderate
The Good Girl,2002.0,6.4,44437.0,"Drama, Romance",93.0,Film,R,-1.0,Moderate,Moderate,Moderate,Moderate,Mild
Teen Wolf,2002.0,7.6,136164.0,"Action, Drama, Fantasy",41.0,Series,TV-14,100.0,Mild,Moderate,Mild,Mild,Moderate
Dr. Death,2021.0,7.7,7648.0,"Crime, Drama, Thriller",-1.0,Series,TV-MA,8.0,Moderate,Moderate,Severe,Moderate,Mild
It,2017.0,7.3,491621.0,Horror,135.0,Film,R,-1.0,Mild,Severe,Severe,Mild,Severe
The Father,2020.0,8.3,101279.0,Drama,97.0,Film,PG-13,-1.0,None,Mild,Mild,Mild,Moderate
Die Another Day,2002.0,6.1,212253.0,"Action, Adventure, Thriller",133.0,Film,PG-13,-1.0,Moderate,Moderate,Mild,Mild,Moderate
Call the Midwife,2002.0,8.5,22472.0,"Drama, History",60.0,Series,TV-PG,89.0,None,Mild,None,Mild,Mild
Inception,2010.0,8.8,2178860.0,"Action, Adventure, Sci-Fi",148.0,Film,PG-13,-1.0,None,Moderate,Mild,Mild,Moderate
Doctor Sleep,2019.0,7.3,167153.0,"Drama, Fantasy, Horror",152.0,Film,R,-1.0,Mild,Severe,Moderate,Moderate,Severe
Pulp Fiction,1994.0,8.9,1915230.0,"Crime, Drama",154.0,Film,R,-1.0,Moderate,Severe,Severe,Severe,Moderate
Ask 101,1994.0,7.5,12077.0,"Comedy, Drama, Romance",40.0,Series,TV-14,16.0,Mild,Mild,Severe,Moderate,Mild
The Departed,2006.0,8.5,1244747.0,"Crime, Drama, Thriller",151.0,Film,R,-1.0,Moderate,Severe,Severe,Moderate,Severe
Spider-Man,2002.0,7.3,728050.0,"Action, Adventure, Sci-Fi",121.0,Film,PG-13,-1.0,Mild,Moderate,Mild,None,Moderate
Euphoria,2002.0,8.4,79994.0,Drama,55.0,Series,TV-MA,15.0,Severe,Moderate,Severe,Severe,Severe
The Umbrella Academy,2002.0,8.0,182838.0,"Action, Adventure, Comedy",60.0,Series,TV-14,30.0,Mild,Moderate,Mild,Moderate,Mild
Once Upon a Time,2002.0,7.7,214885.0,"Adventure, Fantasy, Romance",60.0,Series,TV-PG,156.0,Mild,Mild,Mild,Mild,Mild
Reminiscence,2021.0,5.9,36510.0,"Mystery, Romance, Sci-Fi",116.0,Film,PG-13,-1.0,Mild,Moderate,Mild,Moderate,Moderate
Hollington Drive,2021.0,4.6,254.0,Thriller,60.0,Series,None,4.0,No Rate,No Rate,No Rate,No Rate,No Rate
Heartland,2021.0,8.4,13006.0,"Drama, Family",45.0,Series,TV-PG,225.0,None,Mild,Mild,Mild,None
Boku no hîrô akademia,2021.0,8.4,48172.0,"Animation, Action, Adventure",24.0,Series,TV-14,117.0,Mild,Moderate,Mild,None,Mild
Knives Out 2,2022.0,-1.0,-1.0,"Comedy, Crime, Drama",-1.0,Film,None,-1.0,No Rate,No Rate,No Rate,No Rate,No Rate
Scary Movie,2000.0,6.2,243587.0,Comedy,88.0,Film,R,-1.0,Severe,Severe,Severe,Moderate,Moderate
South Park,2000.0,8.7,345100.0,"Animation, Comedy",22.0,Series,TV-MA,311.0,Severe,Severe,Severe,Severe,Moderate
Turner & Hooch,2000.0,6.6,2625.0,"Comedy, Drama, Family",-1.0,Series,TV-PG,12.0,Mild,Mild,None,None,Moderate
Mortal Kombat,2021.0,6.1,145124.0,"Action, Adventure, Fantasy",110.0,Film,R,-1.0,None,Severe,Severe,Mild,Severe
Ghostbusters,1984.0,7.8,374701.0,"Action, Comedy, Fantasy",105.0,Film,PG,-1.0,Mild,Mild,Moderate,Mild,Mild
Locke & Key,1984.0,7.4,51137.0,"Drama, Fantasy, Horror",48.0,Series,TV-14,24.0,Mild,Moderate,Mild,Mild,Mild
The Sinner,1984.0,7.9,99632.0,"Crime, Drama, Mystery",45.0,Series,TV-MA,29.0,Moderate,Moderate,Moderate,Moderate,Severe
Fight Club,1999.0,8.8,1948261.0,Drama,139.0,Film,R,-1.0,Moderate,Severe,Severe,Moderate,Severe
Rakka,2017.0,7.4,7037.0,"Short, Horror, Sci-Fi",22.0,Film,Not Rated,-1.0,No Rate,Severe,Moderate,Mild,No Rate
The Lord of the Rings: The Fellowship of the Ring,2001.0,8.8,1736338.0,"Action, Adventure, Drama",178.0,Film,PG-13,-1.0,None,Moderate,None,Mild,Moderate
Help,2021.0,8.0,4320.0,Drama,98.0,Film,None,-1.0,No Rate,No Rate,No Rate,No Rate,No Rate
Mean Girls,2004.0,7.0,356752.0,Comedy,97.0,Film,PG-13,-1.0,Moderate,Mild,Moderate,Mild,Mild
Daredevil,2004.0,8.6,382011.0,"Action, Crime, Drama",54.0,Series,TV-MA,39.0,Mild,Severe,Moderate,Mild,Severe
The Shining,1980.0,8.4,946683.0,"Drama, Horror",146.0,Film,R,-1.0,Moderate,Severe,Moderate,Mild,Severe
Star Trek: Deep Space Nine,1980.0,8.0,57362.0,"Action, Adventure, Drama",45.0,Series,TV-PG,173.0,Mild,Moderate,Mild,Mild,Moderate
Dr. No,1962.0,7.2,157817.0,"Action, Adventure, Thriller",110.0,Film,PG,-1.0,Mild,Mild,Mild,Mild,Mild
Hawaii Five-0,1962.0,7.3,69783.0,"Action, Crime, Drama",42.0,Series,TV-14,240.0,Mild,Moderate,None,Mild,Moderate
Arrow,1962.0,7.5,418232.0,"Action, Adventure, Crime",42.0,Series,TV-14,170.0,Mild,Moderate,Mild,Moderate,Moderate
Léon,1994.0,8.5,1085586.0,"Action, Crime, Drama",110.0,Film,R,-1.0,Mild,Severe,Moderate,Moderate,Moderate
The Manor,2021.0,5.3,1677.0,Horror,81.0,Film,Not Rated,-1.0,None,None,Mild,None,Mild
Bosch,2021.0,8.4,58565.0,"Crime, Drama",51.0,Series,TV-MA,68.0,Moderate,Moderate,Moderate,Moderate,Moderate
South of Heaven,2021.0,5.7,376.0,"Action, Crime, Drama",120.0,Film,None,-1.0,No Rate,No Rate,No Rate,No Rate,No Rate
Encanto,2021.0,-1.0,-1.0,"Animation, Adventure, Comedy",-1.0,Film,PG,-1.0,No Rate,No Rate,No Rate,No Rate,No Rate
Don't Look Up,2021.0,-1.0,-1.0,"Comedy, Drama, Sci-Fi",145.0,Film,R,-1.0,No Rate,No Rate,No Rate,No Rate,No Rate
Legends of Tomorrow,2021.0,6.8,97989.0,"Action, Adventure, Drama",42.0,Series,TV-14,104.0,Mild,Moderate,Mild,Mild,Mild
Bingo Hell,2021.0,4.3,1139.0,"Comedy, Fantasy, Horror",85.0,Film,Not Rated,-1.0,None,Moderate,Moderate,Mild,Mild
Django Unchained,2012.0,8.4,1432853.0,"Drama, Western",165.0,Film,R,-1.0,Moderate,Severe,Severe,Mild,Severe
Zhang jin hu,2021.0,5.2,646.0,"Action, Drama, War",176.0,Film,None,-1.0,No Rate,No Rate,No Rate,No Rate,No Rate
Friday the 13th,1980.0,6.4,129391.0,"Horror, Mystery, Thriller",95.0,Film,R,-1.0,Moderate,Severe,Mild,Mild,Severe
Gone Girl,2014.0,8.1,912613.0,"Drama, Mystery, Thriller",149.0,Film,R,-1.0,Severe,Severe,Severe,Mild,Severe
Bob's Burgers,2014.0,8.1,71250.0,"Animation, Comedy",22.0,Series,TV-PG,222.0,Mild,Mild,Mild,Mild,None
Truth Be Told,2014.0,7.1,9465.0,"Crime, Drama, Mystery",45.0,Series,TV-MA,18.0,Mild,No Rate,Moderate,No Rate,No Rate
Virgin River,2014.0,7.4,30823.0,"Drama, Romance",44.0,Series,TV-14,32.0,Mild,Mild,Mild,Mild,Mild
"If I Can't Have Love, I Want Power",2021.0,7.0,1061.0,"Drama, Fantasy, Horror",53.0,Film,R,-1.0,Severe,Moderate,Mild,Mild,Mild
SEAL Team,2021.0,7.6,19476.0,"Action, Drama, War",43.0,Series,TV-14,94.0,None,Moderate,Moderate,Mild,Moderate
Poltergeist,1982.0,7.3,152037.0,"Horror, Thriller",114.0,Film,PG,-1.0,Mild,Moderate,Mild,Moderate,Severe
The Silence of the Lambs,1991.0,8.6,1336681.0,"Crime, Drama, Thriller",118.0,Film,R,-1.0,Moderate,Severe,Moderate,None,Severe
Love & Other Drugs,2010.0,6.7,190511.0,"Comedy, Drama, Romance",112.0,Film,R,-1.0,Severe,Mild,Severe,Moderate,Mild
Saturday Night Live,2010.0,8.0,45651.0,"Comedy, Music",90.0,Series,TV-14,915.0,Moderate,Mild,Moderate,Moderate,None
Star Trek: Discovery,2010.0,7.2,103517.0,"Action, Adventure, Drama",60.0,Series,TV-14,53.0,Mild,Moderate,Moderate,None,Moderate
Red Rocket,2021.0,7.4,512.0,"Comedy, Drama",128.0,Film,R,-1.0,Severe,No Rate,No Rate,No Rate,Mild
Scrubs,2021.0,8.3,244809.0,"Comedy, Drama",22.0,Series,TV-14,182.0,Mild,Mild,Mild,Mild,Mild
Hush,2016.0,6.6,117663.0,"Horror, Thriller",82.0,Film,R,-1.0,None,Severe,Moderate,None,Severe
Line of Duty,2016.0,8.7,49699.0,"Crime, Drama, Mystery",60.0,Series,TV-14,36.0,Mild,Severe,Mild,Mild,Moderate
Gunpowder Milkshake,2021.0,6.0,30807.0,"Action, Crime, Thriller",114.0,Film,R,-1.0,None,Severe,Moderate,Mild,Moderate
Pleasure,2021.0,6.9,698.0,Drama,109.0,Film,None,-1.0,No Rate,No Rate,No Rate,No Rate,No Rate
Agents of S.H.I.E.L.D.,2021.0,7.5,207705.0,"Action, Adventure, Drama",45.0,Series,TV-PG,136.0,Mild,Moderate,Mild,Mild,Moderate
The Good Place,2021.0,8.2,133186.0,"Comedy, Drama, Fantasy",22.0,Series,TV-PG,50.0,Mild,Mild,Mild,Mild,None
Candyman,1992.0,6.7,83944.0,"Horror, Thriller",99.0,Film,R,-1.0,Moderate,Severe,Moderate,Mild,Severe
True Blood,1992.0,7.8,235708.0,"Drama, Fantasy, Mystery",55.0,Series,TV-MA,81.0,Severe,Severe,Severe,Moderate,Moderate
Shadow and Bone,1992.0,7.7,66152.0,"Action, Adventure, Drama",-1.0,Series,TV-14,16.0,Mild,Moderate,None,Mild,Moderate
How to Get Away with Murder,1992.0,8.1,139455.0,"Crime, Drama, Mystery",43.0,Series,TV-14,90.0,Moderate,Moderate,Mild,Moderate,Moderate
Thir13en Ghosts,2001.0,5.6,83586.0,"Fantasy, Horror",91.0,Film,R,-1.0,Moderate,Severe,Moderate,None,Severe
The Fall,2001.0,8.1,93338.0,"Crime, Drama, Thriller",60.0,Series,TV-MA,17.0,Severe,Moderate,Moderate,Moderate,Severe
Mad Max: Fury Road,2015.0,8.1,930996.0,"Action, Adventure, Sci-Fi",120.0,Film,R,-1.0,Mild,Moderate,Mild,Mild,Moderate
Mindhunter,2015.0,8.6,244658.0,"Crime, Drama, Thriller",60.0,Series,TV-MA,19.0,Severe,Severe,Moderate,Mild,Moderate
Man on Fire,2004.0,7.7,345641.0,"Action, Crime, Drama",146.0,Film,R,-1.0,Mild,Severe,Moderate,Mild,Severe
Tusk,2014.0,5.3,49430.0,"Comedy, Drama, Horror",102.0,Film,R,-1.0,Moderate,Severe,Severe,Mild,Severe
Red Election,2014.0,6.1,252.0,Thriller,-1.0,Series,None,10.0,No Rate,No Rate,No Rate,No Rate,No Rate
The World Is Not Enough,1999.0,6.4,194551.0,"Action, Adventure, Crime",128.0,Film,PG-13,-1.0,Moderate,Moderate,Mild,Mild,Moderate
Halloweentown,1998.0,6.7,15617.0,"Adventure, Comedy, Family",84.0,Film,TV-G,-1.0,None,Mild,None,None,Mild
Invincible,1998.0,8.7,92233.0,"Animation, Action, Adventure",50.0,Series,TV-MA,13.0,Mild,Severe,Moderate,Mild,Severe
Perry Mason,1998.0,8.2,6949.0,"Crime, Drama, Mystery",60.0,Series,TV-PG,271.0,None,None,None,Mild,None
Chesapeake Shores,1998.0,7.5,6379.0,"Drama, Family",42.0,Series,TV-PG,45.0,No Rate,No Rate,No Rate,No Rate,No Rate
Star Trek: Voyager,1998.0,7.8,63551.0,"Action, Adventure, Sci-Fi",44.0,Series,TV-PG,168.0,None,Mild,None,Mild,Moderate
Creepshow,1998.0,7.1,5933.0,"Fantasy, Horror, Mystery",44.0,Series,TV-MA,19.0,Mild,Severe,Severe,Moderate,Severe
On Her Majesty's Secret Service,1969.0,6.7,86280.0,"Action, Adventure, Thriller",142.0,Film,PG,-1.0,Mild,Moderate,Mild,Mild,Moderate
Grown Ups,2010.0,6.0,237673.0,Comedy,102.0,Film,PG-13,-1.0,Mild,Mild,Mild,Mild,None
Fear Street: 1994,2021.0,6.2,65629.0,"Drama, Horror, Mystery",107.0,Film,R,-1.0,Mild,Severe,Moderate,Moderate,Moderate
Goodfellas,1990.0,8.7,1074102.0,"Biography, Crime, Drama",146.0,Film,R,-1.0,Mild,Severe,Severe,Severe,Severe
Mom,1990.0,7.2,31440.0,"Comedy, Drama, Romance",30.0,Series,TV-14,170.0,Moderate,None,Mild,Moderate,None
Army of Thieves,2021.0,-1.0,-1.0,"Action, Comedy, Crime",127.0,Film,None,-1.0,No Rate,No Rate,No Rate,No Rate,No Rate
The Big Leap,2021.0,6.8,899.0,"Comedy, Drama",-1.0,Series,TV-14,6.0,No Rate,No Rate,No Rate,No Rate,No Rate
Inglourious Basterds,2009.0,8.3,1338008.0,"Adventure, Drama, War",153.0,Film,R,-1.0,Mild,Severe,Severe,Mild,Severe
CODA,2021.0,8.1,21506.0,"Drama, Music",111.0,Film,PG-13,-1.0,Mild,None,Moderate,Mild,None
The Goonies,1985.0,7.8,256589.0,"Adventure, Comedy, Family",114.0,Film,PG,-1.0,Mild,Mild,Moderate,Mild,Mild
"Murder, She Wrote",1985.0,7.0,21413.0,"Crime, Drama, Mystery",50.0,Series,TV-PG,264.0,None,Mild,Mild,Mild,Mild
The Fifth Element,1997.0,7.7,450359.0,"Action, Adventure, Sci-Fi",126.0,Film,PG-13,-1.0,Moderate,Mild,Mild,Mild,Mild
The L Word: Generation Q,1997.0,7.4,5061.0,Drama,55.0,Series,TV-MA,18.0,Severe,None,Severe,Severe,Mild
Once Upon a Time in America,1984.0,8.3,330699.0,"Crime, Drama",229.0,Film,R,-1.0,Severe,Severe,Severe,Severe,Severe
Wentworth,1984.0,8.6,18972.0,"Crime, Drama",45.0,Series,TV-MA,100.0,Moderate,Severe,Severe,Severe,Severe
Demon Slayer: Kimetsu No Yaiba,1984.0,8.7,53641.0,"Animation, Action, Adventure",25.0,Series,TV-MA,28.0,None,Severe,Mild,None,Severe
30 Rock,1984.0,8.2,116862.0,Comedy,22.0,Series,TV-14,138.0,Mild,Mild,Mild,Mild,None
The King's Man,2021.0,-1.0,-1.0,"Action, Adventure, Comedy",-1.0,Film,R,-1.0,No Rate,No Rate,No Rate,No Rate,No Rate
BoJack Horseman,2021.0,8.7,129718.0,"Animation, Comedy, Drama",25.0,Series,TV-MA,77.0,Moderate,Mild,Moderate,Severe,Moderate
Scaredy Cats,2021.0,6.3,193.0,"Comedy, Family, Fantasy",-1.0,Series,TV-G,9.0,No Rate,No Rate,No Rate,No Rate,No Rate
Nightbooks,2021.0,5.8,5795.0,"Family, Fantasy, Horror",103.0,Film,TV-PG,-1.0,None,Mild,Mild,None,Moderate
Acapulco,2021.0,6.3,488.0,Comedy,-1.0,Series,TV-14,10.0,Mild,No Rate,No Rate,No Rate,No Rate
The Lighthouse,2019.0,7.5,170825.0,"Drama, Fantasy, Horror",109.0,Film,R,-1.0,Moderate,Severe,Moderate,Moderate,Severe
Psych,2019.0,8.3,90054.0,"Comedy, Crime, Mystery",44.0,Series,TV-PG,121.0,Mild,Mild,Mild,Mild,Mild
NCIS: Los Angeles,2019.0,6.7,50798.0,"Action, Crime, Drama",43.0,Series,TV-14,287.0,Mild,Mild,Mild,Mild,Moderate
The Wonder Years,2019.0,5.5,1855.0,"Comedy, Drama, Family",-1.0,Series,TV-PG,9.0,Moderate,Mild,Moderate,Mild,Mild
Columbo,2019.0,8.3,31439.0,"Crime, Drama, Mystery",100.0,Series,TV-PG,68.0,None,Mild,None,Moderate,Mild
The Courier,2020.0,7.1,36654.0,"Drama, History, Thriller",112.0,Film,PG-13,-1.0,Mild,Mild,Mild,Mild,Mild
Love Strikes Twice,2021.0,7.2,458.0,"Comedy, Mystery, Romance",84.0,Film,TV-G,-1.0,None,None,None,None,None
Stargate SG-1,2021.0,8.4,87771.0,"Action, Adventure, Drama",44.0,Series,TV-14,213.0,Mild,Mild,Mild,Mild,Mild
One Tree Hill,2021.0,7.7,75340.0,"Drama, Romance, Sport",60.0,Series,TV-14,187.0,Mild,Mild,Mild,Mild,Mild
Luca,2021.0,7.5,112694.0,"Animation, Adventure, Comedy",95.0,Film,E,-1.0,None,Mild,None,None,Mild
Ghost Ship,2002.0,5.5,97452.0,Horror,91.0,Film,R,-1.0,Moderate,Severe,Severe,Mild,Severe
My Son,2021.0,6.0,3896.0,"Crime, Drama, Mystery",95.0,Film,R,-1.0,None,No Rate,Severe,No Rate,No Rate
The Marvelous Mrs. Maisel,2021.0,8.7,90875.0,"Comedy, Drama",57.0,Series,TV-MA,33.0,Moderate,Mild,Severe,Moderate,None
Little Women,2019.0,7.8,167482.0,"Drama, Romance",135.0,Film,PG,-1.0,None,None,None,Mild,None
Antlers,2021.0,7.1,87.0,"Drama, Horror, Mystery",99.0,Film,R,-1.0,No Rate,No Rate,No Rate,No Rate,No Rate
Forrest Gump,1994.0,8.8,1912582.0,"Drama, Romance",142.0,Film,PG-13,-1.0,Moderate,Moderate,Moderate,Moderate,Moderate
Star Trek,2009.0,7.9,590763.0,"Action, Adventure, Sci-Fi",127.0,Film,PG-13,-1.0,Mild,Moderate,Mild,Mild,Moderate
Addams Family Values,1993.0,6.8,86264.0,"Comedy, Fantasy",94.0,Film,PG-13,-1.0,Mild,Moderate,Mild,Mild,Moderate
Sex and the City,1993.0,7.2,113982.0,"Comedy, Drama, Romance",30.0,Series,TV-MA,94.0,Severe,None,Severe,Moderate,None
Blindspot,1993.0,7.4,69852.0,"Action, Crime, Drama",42.0,Series,TV-14,100.0,Mild,Moderate,Mild,Mild,Moderate
He's All That,2021.0,4.3,19528.0,"Comedy, Romance",88.0,Film,TV-14,-1.0,Mild,Mild,Moderate,Mild,Mild
Star Trek,2021.0,8.3,77842.0,"Action, Adventure, Sci-Fi",50.0,Series,TV-PG,80.0,Mild,Mild,None,Mild,Mild
Kingsman: The Secret Service,2014.0,7.7,618626.0,"Action, Adventure, Comedy",129.0,Film,R,-1.0,Mild,Severe,Severe,Mild,Moderate
The Conjuring,2013.0,7.5,474766.0,"Horror, Mystery, Thriller",112.0,Film,R,-1.0,None,Moderate,Mild,None,Severe
Jurassic World: Dominion,2022.0,-1.0,-1.0,"Action, Adventure, Sci-Fi",-1.0,Film,None,-1.0,No Rate,No Rate,No Rate,No Rate,No Rate
Oldeuboi,2003.0,8.4,542984.0,"Action, Drama, Mystery",120.0,Film,R,-1.0,Severe,Severe,Moderate,Mild,Severe
Live and Let Die,1973.0,6.8,102320.0,"Action, Adventure, Thriller",121.0,Film,PG,-1.0,Mild,Moderate,Mild,Mild,Moderate
Corpse Bride,2005.0,7.3,255946.0,"Animation, Drama, Family",77.0,Film,PG,-1.0,None,Mild,None,Mild,Moderate
Gotham,2005.0,7.8,218942.0,"Action, Crime, Drama",42.0,Series,TV-14,100.0,Mild,Severe,Mild,Mild,Severe
Catch Me If You Can,2002.0,8.1,890725.0,"Biography, Crime, Drama",141.0,Film,PG-13,-1.0,Moderate,Mild,Moderate,Mild,Mild
Frasier,2002.0,8.1,78262.0,Comedy,22.0,Series,TV-PG,264.0,Mild,None,Mild,Mild,None
Home Economics,2002.0,6.3,2033.0,Comedy,30.0,Series,TV-PG,16.0,None,No Rate,No Rate,No Rate,No Rate
Twilight,2008.0,5.2,443943.0,"Drama, Fantasy, Romance",122.0,Film,PG-13,-1.0,Mild,Moderate,Mild,None,Mild
Deadpool,2016.0,8.0,952331.0,"Action, Adventure, Comedy",108.0,Film,R,-1.0,Severe,Severe,Severe,Mild,Moderate
The Eyes of Tammy Faye,2021.0,7.0,1776.0,"Biography, Drama, History",126.0,Film,PG-13,-1.0,Mild,None,Mild,Moderate,Mild
Hacks,2021.0,8.2,12623.0,"Comedy, Drama",30.0,Series,TV-MA,11.0,Mild,None,Moderate,Severe,No Rate
American Night,2021.0,5.2,785.0,"Action, Thriller",123.0,Film,R,-1.0,Moderate,Severe,Mild,Mild,Severe
Kingdom,2021.0,8.4,38189.0,"Action, Drama, History",45.0,Series,TV-MA,13.0,None,Severe,None,None,Severe
Bull,2021.0,7.0,16640.0,"Comedy, Crime, Drama",60.0,Series,TV-14,108.0,Mild,Mild,Mild,Mild,Mild
Spider-Man: Far from Home,2019.0,7.4,384196.0,"Action, Adventure, Sci-Fi",129.0,Film,PG-13,-1.0,None,Moderate,Mild,None,Moderate
Orange Is the New Black,2019.0,8.0,287634.0,"Comedy, Crime, Drama",59.0,Series,TV-MA,91.0,Severe,Moderate,Severe,Moderate,Moderate
Superman and Lois,2019.0,7.9,21408.0,"Action, Adventure, Drama",42.0,Series,TV-14,16.0,None,Mild,Mild,Mild,Mild
Death in Paradise,2019.0,7.8,16898.0,"Comedy, Crime, Drama",60.0,Series,TV-PG,81.0,None,Mild,Mild,Mild,Mild
The Punisher,2019.0,8.5,200766.0,"Action, Crime, Drama",53.0,Series,TV-MA,26.0,Moderate,Severe,Moderate,Mild,Severe
Suicide Squad,2016.0,5.9,653390.0,"Action, Adventure, Fantasy",123.0,Film,PG-13,-1.0,Mild,Moderate,Moderate,Mild,Moderate
Mayday,2021.0,4.3,503.0,"Drama, Fantasy, Mystery",100.0,Film,None,-1.0,No Rate,No Rate,No Rate,No Rate,No Rate
Fringe,2021.0,8.4,228494.0,"Drama, Mystery, Sci-Fi",46.0,Series,TV-14,100.0,Mild,Moderate,Mild,Moderate,Severe
American Psycho,2000.0,7.6,528312.0,"Comedy, Crime, Drama",101.0,Film,R,-1.0,Severe,Severe,Severe,Severe,Severe
Boss Level,2020.0,6.8,51197.0,"Action, Mystery, Sci-Fi",94.0,Film,TV-MA,-1.0,None,Severe,Severe,Mild,Moderate
Bohemian Rhapsody,2018.0,7.9,490124.0,"Biography, Drama, Music",134.0,Film,PG-13,-1.0,Mild,None,Mild,Moderate,Mild
La Venganza de las Juanas,2018.0,6.9,574.0,Drama,-1.0,Series,TV-MA,18.0,Moderate,Moderate,Severe,Moderate,Mild
La vie d'Adèle,2013.0,7.7,144843.0,"Drama, Romance",180.0,Film,NC-17,-1.0,Severe,Mild,Moderate,Mild,Mild
24,2013.0,8.3,178609.0,"Action, Crime, Drama",44.0,Series,TV-14,195.0,Mild,Severe,Mild,Mild,Moderate
Casper,1995.0,6.1,127534.0,"Comedy, Family, Fantasy",100.0,Film,PG,-1.0,None,Mild,Moderate,Mild,Mild
Voyagers,2021.0,5.4,13541.0,"Adventure, Sci-Fi, Thriller",108.0,Film,PG-13,-1.0,Mild,Moderate,Mild,None,Mild
Vera,2021.0,8.0,11189.0,"Crime, Drama, Mystery",90.0,Series,TV-PG,46.0,Mild,Moderate,Mild,Mild,Mild
Gaetmaeul Chachacha,2021.0,9.0,2789.0,"Comedy, Romance",70.0,Series,TV-14,16.0,None,Mild,Mild,Moderate,None
The Tragedy of Macbeth,2021.0,7.6,125.0,"Drama, History, Thriller",105.0,Film,R,-1.0,No Rate,No Rate,No Rate,No Rate,No Rate
Escape Room,2019.0,6.4,107030.0,"Action, Adventure, Horror",99.0,Film,PG-13,-1.0,None,Moderate,Mild,Mild,Moderate
The Conjuring: The Devil Made Me Do It,2021.0,6.3,87963.0,"Horror, Mystery, Thriller",112.0,Film,R,-1.0,None,Moderate,Mild,Mild,Severe
Arrested Development,2021.0,8.7,288210.0,Comedy,22.0,Series,TV-14,84.0,Moderate,None,Mild,Mild,None
Boardwalk Empire,2021.0,8.5,179236.0,"Crime, Drama, History",55.0,Series,TV-MA,57.0,Severe,Severe,Severe,Severe,Severe
Spartacus: Blood and Sand,2021.0,8.5,231051.0,"Action, Adventure, Biography",55.0,Series,TV-MA,34.0,Severe,Severe,Severe,Moderate,Severe
A Clockwork Orange,1971.0,8.3,787963.0,"Crime, Drama, Sci-Fi",136.0,Film,(Banned),-1.0,Severe,Severe,Moderate,Moderate,Severe
All Creatures Great and Small,1971.0,8.4,5786.0,"Comedy, Drama",-1.0,Series,TV-PG,13.0,No Rate,No Rate,No Rate,No Rate,No Rate
Modern Love,1971.0,8.0,28460.0,"Comedy, Romance",32.0,Series,TV-MA,16.0,Mild,None,Moderate,Moderate,None
Thor: Love and Thunder,2022.0,-1.0,-1.0,"Action, Adventure, Fantasy",-1.0,Film,None,-1.0,No Rate,No Rate,No Rate,No Rate,No Rate
For All Mankind,2022.0,7.9,24217.0,"Drama, Sci-Fi",60.0,Series,TV-MA,30.0,Mild,Mild,Moderate,Moderate,Mild
Zombieland: Double Tap,2019.0,6.7,160987.0,"Action, Comedy, Horror",99.0,Film,R,-1.0,Mild,Severe,Severe,Moderate,Moderate
Hubie Halloween,2020.0,5.2,44058.0,"Comedy, Mystery",103.0,Film,PG-13,-1.0,Mild,Mild,Mild,Mild,Mild
Those Who Wish Me Dead,2021.0,6.0,46064.0,"Action, Crime, Drama",100.0,Film,R,-1.0,None,Severe,Severe,None,Moderate
After,2019.0,5.3,46557.0,"Drama, Romance",105.0,Film,PG-13,-1.0,Moderate,Mild,Mild,Moderate,Mild
Hitman's Wife's Bodyguard,2021.0,6.1,55699.0,"Action, Comedy, Crime",100.0,Film,R,-1.0,Moderate,Severe,Severe,Mild,Moderate
Ron's Gone Wrong,2021.0,6.8,577.0,"Animation, Adventure, Comedy",106.0,Film,PG,-1.0,Mild,None,Mild,None,None
The Premise,2021.0,6.2,871.0,Drama,30.0,Series,TV-MA,5.0,No Rate,No Rate,No Rate,No Rate,No Rate
Narcos,2021.0,8.8,383542.0,"Biography, Crime, Drama",49.0,Series,TV-MA,30.0,Severe,Severe,Severe,Severe,Severe
Prisoners of the Ghostland,2021.0,4.2,5838.0,"Action, Horror, Sci-Fi",103.0,Film,None,-1.0,No Rate,No Rate,No Rate,No Rate,No Rate
Back to the Future,1985.0,8.5,1116887.0,"Adventure, Comedy, Sci-Fi",116.0,Film,PG,-1.0,Mild,Mild,Moderate,Mild,Mild
Young Frankenstein,1974.0,8.0,150837.0,Comedy,106.0,Film,PG,-1.0,Mild,Mild,Mild,Mild,Mild
Élite,1974.0,7.5,63761.0,"Crime, Drama, Thriller",60.0,Series,TV-MA,40.0,Severe,Mild,Moderate,Severe,Mild
Avatar: The Last Airbender,1974.0,9.3,273781.0,"Animation, Action, Adventure",23.0,Series,TV-Y7-FV,62.0,None,Mild,None,None,Moderate
Halloween III: Season of the Witch,1982.0,5.0,47675.0,"Horror, Mystery, Sci-Fi",98.0,Film,R,-1.0,Moderate,Severe,Moderate,Mild,Severe
Avengers: Infinity War,2018.0,8.4,930455.0,"Action, Adventure, Sci-Fi",149.0,Film,PG-13,-1.0,None,Moderate,Mild,None,Moderate
Justified,2018.0,8.6,91933.0,"Action, Crime, Drama",44.0,Series,TV-MA,78.0,Mild,Severe,Moderate,Moderate,Moderate
Wind River,2017.0,7.7,225672.0,"Crime, Drama, Mystery",107.0,Film,R,-1.0,Moderate,Severe,Moderate,Mild,Severe
Wu-Tang: An American Saga,2017.0,8.3,5277.0,"Biography, Drama",49.0,Series,TV-MA,20.0,Moderate,Moderate,Severe,Moderate,Moderate
Charlie's Angels,2019.0,4.9,65160.0,"Action, Adventure, Comedy",118.0,Film,PG-13,-1.0,Mild,Moderate,Mild,Mild,Mild
The School of Rock,2003.0,7.1,291951.0,"Comedy, Music",109.0,Film,PG-13,-1.0,None,None,Mild,Mild,None
Scorpion,2003.0,7.1,50197.0,"Action, Crime, Drama",43.0,Series,TV-14,93.0,None,None,None,None,None
Final Space,2003.0,8.3,39012.0,"Animation, Action, Adventure",30.0,Series,TV-14,36.0,Mild,Moderate,Mild,Mild,Moderate
Hellraiser,1987.0,7.0,112058.0,"Horror, Thriller",94.0,Film,R,-1.0,Moderate,Severe,Moderate,Mild,Severe
Hall Pass,2011.0,5.8,122626.0,"Comedy, Romance",105.0,Film,R,-1.0,Severe,Mild,Moderate,Mild,None
D.P.,2011.0,8.4,2659.0,"Action, Crime, Drama",50.0,Series,TV-MA,6.0,Mild,Severe,Severe,Moderate,Moderate
House of Cards,2011.0,8.7,481801.0,Drama,51.0,Series,TV-MA,73.0,Moderate,Mild,Moderate,Moderate,Moderate
Charmed,2011.0,7.1,78857.0,"Drama, Fantasy, Mystery",42.0,Series,TV-14,179.0,Mild,Mild,Mild,Mild,Moderate
Guardians of the Galaxy,2014.0,8.0,1097476.0,"Action, Adventure, Comedy",121.0,Film,PG-13,-1.0,Mild,Moderate,Moderate,Mild,Mild
Lost in Space,2014.0,7.3,77669.0,"Adventure, Drama, Family",60.0,Series,TV-PG,30.0,None,Mild,Mild,None,Mild
Stillwater,2021.0,6.6,22560.0,"Crime, Drama, Thriller",139.0,Film,R,-1.0,Mild,Mild,Moderate,Mild,Mild
Alien,1979.0,8.4,826097.0,"Horror, Sci-Fi",117.0,Film,R,-1.0,Mild,Moderate,Moderate,Mild,Severe
Se7en,1995.0,8.6,1522727.0,"Crime, Drama, Mystery",127.0,Film,R,-1.0,Mild,Severe,Severe,Mild,Severe
Thor: Ragnarok,2017.0,7.9,650481.0,"Action, Adventure, Comedy",130.0,Film,PG-13,-1.0,Mild,Moderate,Mild,Mild,Mild
Space Jam: A New Legacy,2021.0,4.4,56919.0,"Animation, Adventure, Comedy",115.0,Film,E,-1.0,None,Mild,Mild,Mild,Mild
Top Gun: Maverick,2022.0,-1.0,-1.0,"Action, Drama",-1.0,Film,PG-13,-1.0,No Rate,No Rate,No Rate,No Rate,No Rate
Tomorrow Never Dies,1997.0,6.5,187810.0,"Action, Adventure, Thriller",119.0,Film,PG-13,-1.0,Moderate,Moderate,Mild,Mild,Moderate
Druk,2020.0,7.8,113210.0,"Comedy, Drama",117.0,Film,Not Rated,-1.0,Mild,Mild,Mild,Severe,Mild
Captain Marvel,2019.0,6.8,494727.0,"Action, Adventure, Sci-Fi",123.0,Film,PG-13,-1.0,None,Mild,Mild,Mild,Mild
Godzilla vs. Kong,2021.0,6.4,176046.0,"Action, Sci-Fi, Thriller",113.0,Film,E,-1.0,None,Moderate,Mild,Mild,Moderate
Gerald's Game,2017.0,6.5,99011.0,"Drama, Horror, Thriller",103.0,Film,TV-MA,-1.0,Moderate,Severe,Moderate,Mild,Severe
Jurassic Park,1993.0,8.1,912095.0,"Action, Adventure, Sci-Fi",127.0,Film,PG-13,-1.0,None,Moderate,Mild,Mild,Moderate
That '70s Show,1993.0,8.0,160208.0,"Comedy, Drama, Romance",22.0,Series,TV-14,200.0,Moderate,Mild,Mild,Moderate,None
Something Borrowed,2011.0,5.9,59926.0,"Comedy, Drama, Romance",112.0,Film,PG-13,-1.0,Mild,None,Mild,Mild,None
The Golden Girls,2011.0,8.0,34783.0,"Comedy, Drama",30.0,Series,TV-PG,177.0,Mild,None,Mild,None,None
The Leftovers,2011.0,8.3,87956.0,"Drama, Fantasy, Mystery",60.0,Series,TV-MA,28.0,Severe,Moderate,Severe,Moderate,Moderate
The Mentalist,2011.0,8.1,172612.0,"Crime, Drama, Mystery",43.0,Series,TV-14,151.0,Mild,Moderate,Mild,Mild,Moderate
Naruto: Shippûden,2011.0,8.6,100778.0,"Animation, Action, Adventure",24.0,Series,TV-PG,502.0,Mild,Moderate,Mild,Mild,Severe
No Country for Old Men,2007.0,8.1,904190.0,"Crime, Drama, Thriller",122.0,Film,R,-1.0,None,Severe,Mild,Mild,Severe
Goldfinger,1964.0,7.7,181506.0,"Action, Adventure, Thriller",110.0,Film,PG,-1.0,Mild,Mild,Mild,Mild,Mild
The Other Two,1964.0,7.7,4206.0,Comedy,30.0,Series,TV-MA,21.0,Moderate,Mild,Moderate,Moderate,None
Blade Runner,1982.0,8.1,724347.0,"Action, Sci-Fi, Thriller",117.0,Film,R,-1.0,Moderate,Moderate,Mild,Mild,Moderate
The Killing,1982.0,8.2,104524.0,"Crime, Drama, Mystery",45.0,Series,TV-14,44.0,Moderate,Severe,Moderate,Severe,Moderate
Smallville,1982.0,7.5,121070.0,"Adventure, Drama, Romance",60.0,Series,TV-PG,217.0,Mild,Moderate,Mild,Mild,Mild
Jack Ryan,1982.0,8.1,100868.0,"Action, Drama, Thriller",60.0,Series,TV-MA,25.0,Moderate,Severe,Moderate,Mild,Severe
Monk,1982.0,8.0,70018.0,"Comedy, Crime, Drama",44.0,Series,TV-PG,125.0,Mild,Mild,Mild,None,Mild
The Forever Purge,2021.0,5.4,21528.0,"Action, Horror, Thriller",103.0,Film,R,-1.0,None,Severe,Severe,Mild,Severe
John Wick,2014.0,7.4,579797.0,"Action, Crime, Thriller",101.0,Film,R,-1.0,None,Severe,Severe,Mild,Moderate
Gunsmoke,2014.0,8.0,5938.0,Western,60.0,Series,TV-PG,635.0,None,Moderate,None,Moderate,Moderate
The Girl with the Dragon Tattoo,2011.0,7.8,441674.0,"Crime, Drama, Mystery",158.0,Film,R,-1.0,Severe,Severe,Moderate,Mild,Severe
She's All That,1999.0,5.9,91482.0,"Comedy, Romance",95.0,Film,PG-13,-1.0,Mild,None,Mild,Moderate,None
The Thing,1982.0,8.1,393279.0,"Horror, Mystery, Sci-Fi",109.0,Film,R,-1.0,None,Severe,Moderate,Mild,Severe
Jaws,1975.0,8.0,566686.0,"Adventure, Thriller",124.0,Film,PG,-1.0,Mild,Severe,Moderate,Mild,Severe
Star Wars: Episode IX - The Rise of Skywalker,2019.0,6.5,405145.0,"Action, Adventure, Fantasy",141.0,Film,PG-13,-1.0,None,Moderate,Mild,None,Moderate
Lupin,2019.0,7.5,91143.0,"Action, Crime, Drama",45.0,Series,TV-MA,11.0,None,Mild,Moderate,Mild,Mild
Little House on the Prairie,2019.0,7.5,21109.0,"Drama, Family, Romance",60.0,Series,TV-PG,204.0,None,Mild,None,Mild,Mild
The Gentlemen,2019.0,7.8,283528.0,"Action, Comedy, Crime",113.0,Film,R,-1.0,Mild,Moderate,Severe,Moderate,Mild
Halloween 4: The Return of Michael Myers,1988.0,5.9,47457.0,"Horror, Thriller",88.0,Film,R,-1.0,Mild,Severe,Moderate,Mild,Severe
Schindler's List,1993.0,8.9,1270601.0,"Biography, Drama, History",195.0,Film,R,-1.0,Severe,Severe,Moderate,Moderate,Severe
The Matrix Reloaded,2003.0,7.2,544760.0,"Action, Sci-Fi",138.0,Film,(Banned),-1.0,Moderate,Moderate,Moderate,Mild,Moderate
Legacies,2003.0,7.4,23707.0,"Adventure, Drama, Fantasy",45.0,Series,TV-14,53.0,Mild,Moderate,Mild,Mild,Mild
The Blue Lagoon,1980.0,5.8,66456.0,"Adventure, Drama, Romance",104.0,Film,R,-1.0,Severe,Mild,None,Mild,Mild
M*A*S*H,1980.0,8.4,53072.0,"Comedy, Drama, War",25.0,Series,TV-PG,251.0,Mild,Moderate,Mild,Moderate,Moderate
The Survivalist,2021.0,3.2,298.0,"Action, Thriller",91.0,Film,R,-1.0,No Rate,No Rate,No Rate,No Rate,No Rate
9-1-1: Lone Star,2021.0,6.9,10209.0,"Action, Drama, Thriller",43.0,Series,TV-14,26.0,Mild,Moderate,Mild,Mild,Moderate
Little Shop of Horrors,1986.0,7.0,70464.0,"Comedy, Horror, Musical",94.0,Film,PG-13,-1.0,Mild,Moderate,Mild,Mild,Moderate
The Holiday,2006.0,6.9,262212.0,"Comedy, Romance",136.0,Film,PG-13,-1.0,Mild,None,Moderate,Mild,None
Cats,2019.0,2.7,46903.0,"Comedy, Drama, Family",110.0,Film,PG,-1.0,Moderate,Mild,None,Mild,Severe
Mission: Impossible 7,2022.0,-1.0,-1.0,"Action, Adventure, Thriller",-1.0,Film,None,-1.0,No Rate,No Rate,No Rate,No Rate,No Rate
Murdoch Mysteries,2022.0,8.2,12056.0,"Crime, Drama, Mystery",48.0,Series,TV-PG,225.0,Mild,Moderate,Mild,Mild,Moderate
Untitled Indiana Jones Project,2022.0,-1.0,-1.0,"Action, Adventure",-1.0,Film,None,-1.0,No Rate,No Rate,No Rate,No Rate,No Rate
Forever Rich,2021.0,5.5,638.0,"Comedy, Crime, Drama",89.0,Film,TV-MA,-1.0,Moderate,No Rate,Severe,No Rate,No Rate
Mr. Corman,2021.0,6.4,3309.0,"Comedy, Drama",285.0,Series,TV-MA,10.0,Severe,None,Moderate,Moderate,Mild
Gossip Girl,2021.0,7.4,162566.0,"Drama, Romance",42.0,Series,TV-14,121.0,Moderate,Mild,Mild,Moderate,Mild
The Dark Knight Rises,2012.0,8.4,1583199.0,Action,164.0,Film,PG-13,-1.0,Mild,Moderate,Mild,Mild,Moderate
The Little Things,2021.0,6.3,77478.0,"Crime, Drama, Mystery",128.0,Film,R,-1.0,Mild,Moderate,Moderate,Mild,Moderate
The Evil Dead,1981.0,7.5,196137.0,Horror,85.0,Film,NC-17,-1.0,Moderate,Severe,Mild,Mild,Severe
The Outpost,1981.0,6.4,7204.0,"Action, Adventure, Drama",44.0,Series,TV-14,49.0,Mild,Mild,None,Mild,Moderate
The Equalizer,1981.0,4.9,8839.0,"Action, Crime, Drama",-1.0,Series,TV-14,15.0,Moderate,Mild,Mild,Mild,Moderate
A Quiet Place,2018.0,7.5,483032.0,"Drama, Horror, Sci-Fi",90.0,Film,PG-13,-1.0,None,Moderate,None,None,Severe
The Originals,2018.0,8.2,125181.0,"Drama, Fantasy, Horror",45.0,Series,TV-14,92.0,Mild,Moderate,Mild,Mild,Moderate
Desperate Housewives,2018.0,7.5,121649.0,"Comedy, Drama, Mystery",45.0,Series,TV-14,180.0,Moderate,Moderate,Mild,Mild,Mild
The Dead Don't Die,2019.0,5.5,70362.0,"Comedy, Fantasy, Horror",104.0,Film,R,-1.0,Mild,Moderate,Moderate,None,Mild
Army of the Dead,2021.0,5.8,141683.0,"Action, Crime, Horror",148.0,Film,R,-1.0,Mild,Severe,Severe,Mild,Severe
PAW Patrol: The Movie,2021.0,6.2,3898.0,"Animation, Adventure, Comedy",86.0,Film,E,-1.0,Mild,Mild,None,None,Mild
A Knight's Tale,2001.0,6.9,178789.0,"Action, Adventure, Romance",132.0,Film,PG-13,-1.0,Mild,Mild,Mild,Mild,Mild
Dawn of the Dead,2004.0,7.3,246628.0,"Action, Horror",101.0,Film,R,-1.0,Moderate,Severe,Severe,Mild,Severe
Why Women Kill,2004.0,8.3,18108.0,"Comedy, Crime, Drama",-1.0,Series,TV-MA,20.0,Moderate,Mild,Moderate,Moderate,Mild
Fifty Shades of Grey,2015.0,4.1,307228.0,"Drama, Romance, Thriller",125.0,Film,R,-1.0,Severe,Moderate,Moderate,Mild,Moderate
Big Little Lies,2015.0,8.5,174523.0,"Crime, Drama, Mystery",60.0,Series,TV-MA,14.0,Moderate,Moderate,Moderate,Mild,Moderate
Emma.,2020.0,6.7,41884.0,"Comedy, Drama, Romance",124.0,Film,PG,-1.0,Mild,None,None,None,None
Arrival,2016.0,7.9,637442.0,"Drama, Sci-Fi",116.0,Film,PG-13,-1.0,None,Mild,Mild,None,Mild
Spider-Man: Homecoming,2017.0,7.4,558218.0,"Action, Adventure, Sci-Fi",133.0,Film,PG-13,-1.0,Mild,Mild,Mild,None,Mild
Poirot,2017.0,8.6,41061.0,"Crime, Drama, Mystery",100.0,Series,TV-14,70.0,Mild,Moderate,Mild,Mild,Moderate
Eyes Wide Shut,1999.0,7.4,319208.0,"Drama, Mystery, Thriller",159.0,Film,None,-1.0,No Rate,No Rate,No Rate,No Rate,No Rate
Everybody's Talking About Jamie,2021.0,6.2,4839.0,"Biography, Comedy, Drama",115.0,Film,PG-13,-1.0,Mild,None,Mild,None,None
Ready Player One,2018.0,7.4,399256.0,"Action, Adventure, Sci-Fi",140.0,Film,PG-13,-1.0,Mild,Moderate,Moderate,None,Mild
Glee,2018.0,6.7,141752.0,"Comedy, Drama, Music",44.0,Series,TV-PG,121.0,Mild,None,Mild,Mild,None
Diana,2021.0,4.6,615.0,"Biography, Drama, Musical",117.0,Film,PG-13,-1.0,No Rate,No Rate,No Rate,No Rate,No Rate
Edward Scissorhands,1990.0,7.9,462968.0,"Drama, Fantasy, Romance",105.0,Film,PG-13,-1.0,Mild,Mild,Mild,Mild,Moderate
War of the Worlds,1990.0,6.4,11028.0,"Drama, Mystery, Sci-Fi",49.0,Series,TV-MA,17.0,Mild,Moderate,Moderate,No Rate,Moderate
The Internship,2013.0,6.3,197064.0,Comedy,119.0,Film,PG-13,-1.0,Moderate,Mild,Mild,Moderate,None
Dracula,1992.0,7.4,204366.0,Horror,128.0,Film,R,-1.0,Severe,Severe,Mild,Mild,Severe
Anna,2019.0,6.6,72386.0,"Action, Thriller",118.0,Film,R,-1.0,Moderate,Severe,Moderate,Mild,Moderate
The Exorcist,1973.0,8.0,377673.0,Horror,122.0,Film,R,-1.0,Moderate,Moderate,Severe,Mild,Severe
Hanma Baki: Son of Ogre,1973.0,6.7,624.0,"Animation, Action, Drama",25.0,Series,TV-MA,12.0,No Rate,No Rate,No Rate,No Rate,No Rate
The Birds,1963.0,7.7,180043.0,"Drama, Horror, Mystery",119.0,Film,PG-13,-1.0,None,Moderate,None,Mild,Moderate
Call Me by Your Name,2017.0,7.9,238038.0,"Drama, Romance",132.0,Film,R,-1.0,Moderate,None,Mild,Mild,None
Twin Peaks,2017.0,8.8,185332.0,"Crime, Drama, Mystery",47.0,Series,TV-MA,30.0,Mild,Moderate,Mild,Moderate,Severe
Get Out,2017.0,7.7,533280.0,"Horror, Mystery, Thriller",104.0,Film,R,-1.0,Mild,Severe,Severe,Mild,Severe
Spider-Man 3,2007.0,6.2,526291.0,"Action, Adventure, Sci-Fi",139.0,Film,PG-13,-1.0,Mild,Moderate,Mild,Mild,Moderate
The Craft,1996.0,6.4,86470.0,"Drama, Fantasy, Horror",101.0,Film,R,-1.0,Mild,Moderate,Mild,Mild,Moderate
Black Panther,2018.0,7.3,680014.0,"Action, Adventure, Sci-Fi",134.0,Film,PG-13,-1.0,None,Moderate,Mild,None,Moderate
White Collar,2018.0,8.2,124247.0,"Comedy, Crime, Drama",40.0,Series,TV-PG,81.0,Mild,Mild,Mild,Mild,Mild
Ten Year Old Tom,2018.0,8.3,607.0,"Animation, Comedy",-1.0,Series,None,10.0,No Rate,No Rate,No Rate,No Rate,No Rate
Die Hard,1988.0,8.2,822842.0,"Action, Thriller",132.0,Film,R,-1.0,Mild,Severe,Severe,Moderate,Moderate
Mass,2021.0,7.9,526.0,Drama,110.0,Film,PG-13,-1.0,None,Mild,Moderate,None,Severe
Jaguar,2021.0,5.7,1129.0,"Action, Drama, History",50.0,Series,TV-14,6.0,No Rate,No Rate,No Rate,No Rate,No Rate
Birds of Paradise,2021.0,5.8,1224.0,Drama,113.0,Film,R,-1.0,Mild,Mild,Moderate,Severe,Mild
The Girl Next Door,2004.0,6.7,215790.0,"Comedy, Drama, Romance",109.0,Film,R,-1.0,Moderate,Mild,Severe,Mild,None
A Discovery of Witches,2004.0,8.0,38749.0,"Drama, Fantasy, Romance",60.0,Series,TV-MA,20.0,Mild,Moderate,Mild,Mild,Moderate
Don't Breathe,2016.0,7.1,252617.0,"Crime, Horror, Thriller",88.0,Film,R,-1.0,Moderate,Severe,Severe,Mild,Severe
We're the Millers,2013.0,7.0,423818.0,"Comedy, Crime",110.0,Film,R,-1.0,Moderate,Mild,Severe,Severe,None
Saving Private Ryan,1998.0,8.6,1296420.0,"Drama, War",169.0,Film,R,-1.0,None,Severe,Moderate,Mild,Severe
The Grand Budapest Hotel,2014.0,8.1,748244.0,"Adventure, Comedy, Crime",99.0,Film,R,-1.0,Moderate,Moderate,Moderate,Mild,Mild
The Invisible Man,2020.0,7.1,194020.0,"Drama, Horror, Mystery",124.0,Film,R,-1.0,None,Severe,Moderate,Mild,Severe
Ida Red,2021.0,5.5,331.0,"Action, Thriller",111.0,Film,R,-1.0,No Rate,No Rate,No Rate,No Rate,No Rate
The VVitch: A New-England Folktale,2015.0,6.9,224807.0,"Drama, Horror, Mystery",92.0,Film,R,-1.0,Moderate,Severe,Mild,None,Severe
Letterkenny,2015.0,8.6,16915.0,Comedy,30.0,Series,TV-MA,61.0,Mild,Mild,Severe,Severe,None
The King,2019.0,7.2,102513.0,"Biography, Drama, History",140.0,Film,R,-1.0,Mild,Severe,Moderate,Mild,Moderate
Ready or Not,2019.0,6.9,128678.0,"Action, Comedy, Horror",95.0,Film,R,-1.0,None,Severe,Severe,Moderate,Moderate
Green Lantern,2011.0,5.5,276068.0,"Action, Adventure, Sci-Fi",114.0,Film,PG-13,-1.0,None,Moderate,Mild,Mild,Moderate
Nomadland,2020.0,7.4,129585.0,Drama,107.0,Film,R,-1.0,Mild,None,Mild,Mild,None
Barry Lyndon,1975.0,8.1,158934.0,"Adventure, Drama, History",185.0,Film,PG,-1.0,Moderate,Moderate,None,Mild,Moderate
Retfærdighedens ryttere,2020.0,7.6,29167.0,"Action, Comedy, Drama",116.0,Film,Not Rated,-1.0,Moderate,Moderate,Moderate,Moderate,Moderate
The Hangover,2009.0,7.7,744824.0,Comedy,100.0,Film,R,-1.0,Moderate,Mild,Severe,Moderate,Mild
What We Do in the Shadows,2014.0,7.7,169214.0,"Comedy, Horror",86.0,Film,R,-1.0,Mild,Moderate,Moderate,Mild,Mild
Raya and the Last Dragon,2021.0,7.4,118087.0,"Animation, Action, Adventure",107.0,Film,PG,-1.0,None,Mild,None,None,Mild
Lolita,1997.0,6.9,55502.0,"Drama, Romance",137.0,Film,R,-1.0,Moderate,Mild,Mild,Mild,Mild
The Amazing Spider-Man,2012.0,6.9,583453.0,"Action, Adventure, Fantasy",136.0,Film,PG-13,-1.0,Mild,Moderate,Mild,Mild,Moderate
Final Destination,2000.0,6.7,240824.0,"Horror, Thriller",98.0,Film,R,-1.0,Mild,Severe,Moderate,Mild,Severe
The West Wing,2000.0,8.8,69122.0,Drama,44.0,Series,TV-14,155.0,None,Mild,Mild,Mild,Moderate
Donnie Darko,2001.0,8.0,765552.0,"Drama, Mystery, Sci-Fi",113.0,Film,R,-1.0,Mild,Moderate,Moderate,Moderate,Moderate
Shershaah,2021.0,8.7,104091.0,"Action, Biography, Drama",135.0,Film,None,-1.0,No Rate,No Rate,No Rate,No Rate,No Rate
Person of Interest,2021.0,8.4,168671.0,"Action, Crime, Drama",43.0,Series,TV-14,103.0,Mild,Moderate,Mild,Mild,Moderate
Leverage,2021.0,7.9,48473.0,"Crime, Mystery, Thriller",42.0,Series,TV-PG,77.0,Mild,Mild,Mild,Mild,Mild
The O.C.,2021.0,7.5,84566.0,"Comedy, Drama, Romance",44.0,Series,TV-PG,92.0,Mild,Moderate,Mild,Moderate,Moderate
His Dark Materials,2021.0,7.9,57730.0,"Adventure, Drama, Family",60.0,Series,TV-14,23.0,None,Mild,Mild,Mild,Mild
Married with Children,2021.0,8.0,99818.0,Comedy,22.0,Series,TV-PG,262.0,Mild,None,Mild,Mild,None
The Good Wife,2021.0,8.3,71292.0,"Crime, Drama, Mystery",43.0,Series,TV-14,156.0,Moderate,Moderate,Mild,Mild,Mild
Licence to Kill,1989.0,6.6,99665.0,"Action, Adventure, Thriller",133.0,Film,PG-13,-1.0,Mild,Moderate,Mild,Moderate,Moderate
Grave,2016.0,7.0,67307.0,"Drama, Horror",99.0,Film,R,-1.0,Severe,Severe,Moderate,Moderate,Severe
Harry Potter and the Goblet of Fire,2005.0,7.7,576173.0,"Adventure, Family, Fantasy",157.0,Film,PG-13,-1.0,None,Moderate,Mild,Mild,Moderate
Freaky,2020.0,6.4,44790.0,"Comedy, Horror, Thriller",102.0,Film,R,-1.0,Mild,Severe,Severe,Mild,Moderate
The Cleaner,2020.0,7.0,1509.0,Comedy,30.0,Series,None,6.0,No Rate,No Rate,No Rate,No Rate,No Rate
The Expendables 4,2020.0,-1.0,-1.0,"Action, Adventure, Thriller",-1.0,Film,None,-1.0,No Rate,No Rate,No Rate,No Rate,No Rate
Grace and Frankie,2020.0,8.2,44246.0,Comedy,30.0,Series,TV-MA,94.0,Mild,None,Moderate,Moderate,None
Madres,2021.0,4.7,593.0,Horror,83.0,Film,Not Rated,-1.0,Mild,Mild,Mild,Severe,Mild
Shutter Island,2010.0,8.2,1201153.0,"Mystery, Thriller",138.0,Film,R,-1.0,Mild,Severe,Moderate,Moderate,Severe
Under Wraps,2021.0,4.7,369.0,"Family, Fantasy",91.0,Film,TV-Y7,-1.0,No Rate,No Rate,No Rate,No Rate,No Rate
Entourage,2021.0,8.4,162851.0,"Comedy, Drama",28.0,Series,TV-MA,96.0,Moderate,Mild,Severe,Severe,None
Harry Potter and the Deathly Hallows: Part 2,2011.0,8.1,805570.0,"Adventure, Fantasy, Mystery",130.0,Film,PG-13,-1.0,None,Moderate,Mild,None,Moderate
Avatar,2009.0,7.8,1158903.0,"Action, Adventure, Fantasy",162.0,Film,PG-13,-1.0,Mild,Moderate,Moderate,Mild,Moderate
The Flight Attendant,2009.0,7.1,37353.0,"Comedy, Drama, Mystery",-1.0,Series,TV-MA,9.0,Mild,Moderate,Moderate,Severe,Mild
The Princess Bride,1987.0,8.1,409486.0,"Adventure, Family, Fantasy",98.0,Film,PG,-1.0,None,Mild,Mild,None,Mild
The Last of Us,1987.0,-1.0,-1.0,"Action, Adventure, Drama",-1.0,Series,None,6.0,No Rate,No Rate,No Rate,No Rate,No Rate
The Mummy,1999.0,7.0,408196.0,"Action, Adventure, Fantasy",124.0,Film,PG-13,-1.0,Mild,Moderate,Mild,Mild,Moderate
Super Mario Bros.,1993.0,4.1,52230.0,"Adventure, Comedy, Family",104.0,Film,PG,-1.0,Mild,Mild,Mild,Mild,Moderate
Elementary,1993.0,7.9,105288.0,"Crime, Drama, Mystery",60.0,Series,TV-14,154.0,Mild,Moderate,Mild,Mild,No Rate
Star Trek: Picard,1993.0,7.5,50155.0,"Action, Adventure, Drama",46.0,Series,TV-MA,21.0,Mild,Moderate,Moderate,Mild,Moderate
The Addams Family,1993.0,7.9,16046.0,"Comedy, Family, Horror",30.0,Series,TV-G,64.0,None,None,None,Mild,None
Scream 2,1997.0,6.2,165426.0,"Horror, Mystery",120.0,Film,R,-1.0,Mild,Severe,Moderate,Mild,Severe
A.P. Bio,1997.0,7.4,12589.0,Comedy,21.0,Series,TV-14,42.0,Mild,Mild,Mild,Mild,None
Into the Night,1997.0,7.1,27656.0,"Drama, Sci-Fi, Thriller",-1.0,Series,TV-MA,12.0,Mild,Mild,Moderate,Mild,Mild
In the Dark,1997.0,7.5,7689.0,"Action, Crime, Horror",42.0,Series,TV-14,41.0,Moderate,Moderate,Moderate,Moderate,Moderate
The Hunt,2020.0,6.5,90206.0,"Action, Horror, Thriller",90.0,Film,R,-1.0,None,Severe,Severe,Mild,Severe
Tomb Raider,2018.0,6.3,203315.0,"Action, Adventure, Fantasy",119.0,Film,PG-13,-1.0,None,Moderate,Mild,Mild,Moderate
The Prestige,2006.0,8.5,1249036.0,"Drama, Mystery, Sci-Fi",130.0,Film,PG-13,-1.0,Mild,Moderate,Mild,Mild,Moderate
Spider-Man: Into the Spider-Verse,2018.0,8.4,431235.0,"Animation, Action, Adventure",117.0,Film,PG,-1.0,None,Mild,Mild,None,Mild
Orphan,2009.0,7.0,203890.0,"Horror, Mystery, Thriller",123.0,Film,R,-1.0,Moderate,Severe,Moderate,Mild,Severe
The Hills Have Eyes,2006.0,6.4,164444.0,"Horror, Thriller",107.0,Film,R,-1.0,Severe,Severe,Severe,Mild,Severe
Jumper,2008.0,6.1,295834.0,"Action, Adventure, Sci-Fi",88.0,Film,PG-13,-1.0,Mild,Moderate,Moderate,Mild,Moderate
Banshee,2008.0,8.4,93482.0,"Action, Crime, Drama",60.0,Series,TV-MA,38.0,Severe,Severe,Severe,Moderate,Severe
Atypical,2008.0,8.3,77210.0,"Comedy, Drama",30.0,Series,TV-MA,38.0,Mild,None,Mild,Mild,None
God's Not Dead: We the People,2021.0,3.7,234.0,Drama,110.0,Film,PG,-1.0,No Rate,No Rate,No Rate,No Rate,No Rate
Us,2019.0,6.8,258396.0,"Horror, Mystery, Thriller",116.0,Film,R,-1.0,None,Severe,Moderate,Mild,Severe
Sicario,2015.0,7.6,396825.0,"Action, Crime, Drama",121.0,Film,R,-1.0,Mild,Severe,Severe,Moderate,Severe
Dynasty,2015.0,7.3,17568.0,Drama,42.0,Series,TV-14,108.0,Mild,Mild,Mild,Mild,Mild
Whiplash,2014.0,8.5,767273.0,"Drama, Music",106.0,Film,R,-1.0,None,Mild,Severe,Mild,Moderate
Sabrina the Teenage Witch,2014.0,6.7,36488.0,"Comedy, Family, Fantasy",22.0,Series,TV-G,163.0,None,None,None,None,None
Boogie Nights,1997.0,7.9,251062.0,Drama,155.0,Film,R,-1.0,Severe,Moderate,Severe,Severe,Moderate
Deadpool 2,2018.0,7.7,520665.0,"Action, Adventure, Comedy",119.0,Film,R,-1.0,Moderate,Severe,Severe,Moderate,Moderate
Copshop,2021.0,6.4,5502.0,"Action, Crime, Thriller",107.0,Film,R,-1.0,Mild,Severe,Severe,Mild,Moderate
Fright Night,1985.0,7.1,65518.0,"Fantasy, Horror, Thriller",106.0,Film,R,-1.0,Moderate,Severe,Moderate,Mild,Moderate
It Chapter Two,2019.0,6.5,231670.0,"Drama, Fantasy, Horror",169.0,Film,R,-1.0,Mild,Severe,Severe,Mild,Severe
Another Life,2019.0,5.0,28031.0,"Adventure, Drama, Mystery",43.0,Series,TV-MA,20.0,Mild,Moderate,Severe,Mild,Mild
Taboo,2019.0,8.4,121403.0,"Drama, Mystery, Thriller",59.0,Series,TV-MA,16.0,Moderate,Severe,Moderate,Moderate,Moderate
Sweet Girl,2021.0,5.5,25740.0,"Action, Drama, Thriller",110.0,Film,R,-1.0,None,Moderate,Moderate,None,Moderate
Star Wars: The Clone Wars,2021.0,8.3,75309.0,"Animation, Action, Adventure",23.0,Series,TV-PG,133.0,Mild,Moderate,None,Mild,Moderate
One Summer,2021.0,7.3,309.0,"Drama, Mystery, Romance",84.0,Film,None,-1.0,No Rate,No Rate,No Rate,No Rate,No Rate
Downton Abbey,2019.0,7.4,46222.0,"Drama, Romance",122.0,Film,PG,-1.0,Mild,None,None,Mild,Mild
Miracle Workers,2019.0,7.1,12187.0,"Comedy, Drama, Fantasy",22.0,Series,TV-14,27.0,Mild,Mild,Mild,Mild,Mild
Pride & Prejudice,2005.0,7.8,274365.0,"Drama, Romance",129.0,Film,PG,-1.0,None,None,None,Mild,None
Most Dangerous Game,2005.0,7.0,4838.0,"Short, Action, Thriller",7.0,Series,TV-MA,16.0,None,Severe,Moderate,Mild,Moderate
13 Reasons Why,2005.0,7.5,271324.0,"Drama, Mystery, Thriller",60.0,Series,TV-MA,49.0,Severe,Severe,Severe,Severe,Severe
News of the World,2020.0,6.8,76239.0,"Action, Adventure, Drama",118.0,Film,PG-13,-1.0,None,Mild,Mild,Mild,Mild
The Great Gatsby,2013.0,7.2,505143.0,"Drama, Romance",143.0,Film,PG-13,-1.0,Mild,Mild,Mild,Moderate,Mild
Night Teeth,2021.0,-1.0,-1.0,"Action, Crime, Drama",107.0,Film,None,-1.0,No Rate,No Rate,No Rate,No Rate,No Rate
Thalaivi,2021.0,6.1,28148.0,"Biography, Drama",153.0,Film,None,-1.0,No Rate,No Rate,No Rate,No Rate,No Rate
Friday the 13th,2009.0,5.5,102439.0,"Horror, Mystery, Thriller",97.0,Film,R,-1.0,Severe,Severe,Severe,Severe,Severe
The Green Mile,1999.0,8.6,1207936.0,"Crime, Drama, Fantasy",189.0,Film,R,-1.0,Mild,Severe,Moderate,Mild,Severe
Hannibal,1999.0,8.5,239663.0,"Crime, Drama, Horror",44.0,Series,TV-MA,39.0,Moderate,Severe,Mild,Mild,Severe
Papillon,2017.0,7.2,66488.0,"Adventure, Biography, Crime",133.0,Film,R,-1.0,Moderate,Severe,Moderate,Mild,Moderate
The Texas Chain Saw Massacre,1974.0,7.5,147052.0,Horror,83.0,Film,R,-1.0,None,Moderate,Mild,Mild,Severe
Fleabag,1974.0,8.7,123036.0,"Comedy, Drama",27.0,Series,TV-MA,12.0,Moderate,Mild,Severe,Moderate,Mild
Official Secrets,2019.0,7.3,41558.0,"Biography, Crime, Drama",112.0,Film,R,-1.0,Mild,None,Moderate,None,Mild
Pirates of the Caribbean: The Curse of the Black Pearl,2003.0,8.0,1047410.0,"Action, Adventure, Fantasy",143.0,Film,PG-13,-1.0,Mild,Moderate,Mild,Moderate,Moderate
Battlestar Galactica,2003.0,8.7,158365.0,"Action, Adventure, Drama",44.0,Series,TV-14,74.0,Moderate,Moderate,Mild,Mild,Moderate
Pretty Little Liars,2003.0,7.4,157955.0,"Drama, Mystery, Romance",44.0,Series,TV-14,160.0,Mild,Moderate,Mild,Mild,Moderate
Man of Steel,2013.0,7.0,731861.0,"Action, Adventure, Sci-Fi",143.0,Film,PG-13,-1.0,None,Moderate,Mild,Mild,Moderate
Live by Night,2016.0,6.4,55020.0,"Action, Crime, Drama",129.0,Film,R,-1.0,Mild,Severe,Severe,Moderate,Moderate
In Time,2011.0,6.7,389523.0,"Action, Sci-Fi, Thriller",109.0,Film,PG-13,-1.0,Mild,Moderate,Mild,Mild,Moderate
The Social Network,2010.0,7.7,656645.0,"Biography, Drama",120.0,Film,PG-13,-1.0,Moderate,None,Moderate,Moderate,Mild
Hamilton,2020.0,8.4,74919.0,"Biography, Drama, History",160.0,Film,PG-13,-1.0,Mild,Mild,Moderate,Mild,Mild
Raised by Wolves,2020.0,7.5,57754.0,"Drama, Fantasy, Sci-Fi",-1.0,Series,TV-MA,11.0,Mild,Severe,Mild,Mild,Moderate
Queen of the South,2020.0,8.0,24795.0,"Action, Crime, Drama",42.0,Series,TV-MA,62.0,Mild,Severe,Severe,Severe,Severe
Power Book III: Raising Kanan,2020.0,7.3,1987.0,"Crime, Drama",60.0,Series,TV-MA,11.0,Severe,Severe,Severe,Severe,Moderate
Injustice,2021.0,-1.0,-1.0,"Animation, Action, Adventure",78.0,Film,R,-1.0,No Rate,No Rate,No Rate,No Rate,No Rate
Halloween H20: 20 Years Later,1998.0,5.8,69868.0,"Horror, Thriller",86.0,Film,R,-1.0,Mild,Severe,Moderate,Mild,Severe
The Big Short,2015.0,7.8,392393.0,"Biography, Comedy, Drama",130.0,Film,R,-1.0,Moderate,None,Severe,Mild,Mild
Prometheus,2012.0,7.0,585488.0,"Adventure, Mystery, Sci-Fi",124.0,Film,R,-1.0,Mild,Severe,Moderate,Mild,Severe
Project X,2012.0,6.6,197140.0,Comedy,88.0,Film,R,-1.0,Severe,Moderate,Severe,Severe,Moderate
The Sixth Sense,1999.0,8.1,944500.0,"Drama, Mystery, Thriller",107.0,Film,PG-13,-1.0,Mild,Moderate,Mild,Mild,Moderate
From Russia with Love,1963.0,7.4,126977.0,"Action, Adventure, Thriller",115.0,Film,PG,-1.0,Mild,Moderate,Mild,Mild,Mild
Never Have I Ever,1963.0,7.8,39948.0,"Comedy, Drama",30.0,Series,TV-14,21.0,Mild,None,Mild,Mild,None
The Good Fight,1963.0,8.3,23452.0,"Crime, Drama",45.0,Series,TV-MA,51.0,Moderate,No Rate,Moderate,Mild,Mild
Dear White People,1963.0,6.2,24125.0,"Comedy, Drama",30.0,Series,TV-MA,40.0,Moderate,No Rate,Moderate,Moderate,No Rate
"Roswell, New Mexico",1963.0,6.3,10566.0,"Drama, Romance, Sci-Fi",45.0,Series,TV-14,42.0,Mild,Moderate,Mild,Mild,Mild
Sweet Tooth,1963.0,7.9,43329.0,"Action, Adventure, Drama",-1.0,Series,TV-14,16.0,None,Mild,Mild,None,Mild
Pose,1963.0,8.6,25107.0,Drama,60.0,Series,TV-MA,26.0,Moderate,Mild,Severe,Severe,Mild
Dawson's Creek,1963.0,6.7,39015.0,"Drama, Romance",60.0,Series,TV-14,128.0,Mild,Mild,Mild,Mild,Mild
Nocturnal Animals,2016.0,7.5,254129.0,"Drama, Thriller",116.0,Film,R,-1.0,Moderate,Moderate,Moderate,Mild,Severe
The Man in the High Castle,2016.0,8.0,93803.0,"Drama, Sci-Fi, Thriller",60.0,Series,TV-MA,40.0,Moderate,Severe,Moderate,Moderate,Moderate
Mars Attacks!,1996.0,6.3,218403.0,"Comedy, Sci-Fi",106.0,Film,PG-13,-1.0,Mild,Moderate,Mild,Mild,Moderate
The Devil All the Time,2020.0,7.1,113731.0,"Crime, Drama, Thriller",138.0,Film,R,-1.0,Moderate,Severe,Moderate,Mild,Severe
Sen to Chihiro no kamikakushi,2001.0,8.6,697008.0,"Animation, Adventure, Family",125.0,Film,PG,-1.0,None,Mild,None,Mild,Moderate
Practical Magic,1998.0,6.3,76854.0,"Comedy, Drama, Fantasy",104.0,Film,PG-13,-1.0,Mild,Mild,Moderate,Mild,Moderate
Love,2015.0,6.1,53341.0,"Drama, Romance",135.0,Film,TV-MA,-1.0,Severe,Mild,Severe,Severe,Mild
Cheers,2015.0,7.9,50874.0,"Comedy, Drama",22.0,Series,TV-PG,271.0,Mild,Mild,Mild,Mild,None
The Flash,2022.0,-1.0,-1.0,"Action, Adventure, Fantasy",-1.0,Film,None,-1.0,No Rate,No Rate,No Rate,No Rate,No Rate
Chilling Adventures of Sabrina,2022.0,7.5,84864.0,"Drama, Fantasy, Horror",60.0,Series,TV-14,36.0,Mild,Moderate,Mild,Mild,Severe
The Lost Boys,1987.0,7.3,132494.0,"Comedy, Horror",97.0,Film,R,-1.0,Mild,Moderate,Mild,Mild,Moderate
Chaos Walking,2021.0,5.7,33697.0,"Action, Adventure, Fantasy",109.0,Film,PG-13,-1.0,Mild,Moderate,Mild,None,Moderate
The Cabin in the Woods,2011.0,7.0,394326.0,"Horror, Mystery, Thriller",95.0,Film,R,-1.0,Moderate,Severe,Moderate,Moderate,Severe
Troy,2004.0,7.3,507919.0,"Drama, History",163.0,Film,R,-1.0,Moderate,Severe,Mild,Mild,Moderate
Saved by the Bell,2004.0,7.0,33711.0,"Comedy, Family, Romance",30.0,Series,TV-PG,86.0,None,None,No Rate,Mild,None
Jumanji: The Next Level,2019.0,6.7,216424.0,"Action, Adventure, Comedy",123.0,Film,PG-13,-1.0,Mild,Mild,Moderate,None,Moderate
Taxi Driver,1976.0,8.2,764376.0,"Crime, Drama",114.0,Film,R,-1.0,Moderate,Severe,Severe,Moderate,Severe
Halloween Ends,2022.0,-1.0,-1.0,"Horror, Thriller",-1.0,Film,None,-1.0,No Rate,No Rate,No Rate,No Rate,No Rate
Spiral: From the Book of Saw,2021.0,5.3,37402.0,"Crime, Horror, Mystery",93.0,Film,R,-1.0,None,Severe,Severe,Mild,Severe
Our Kind of People,2021.0,5.0,687.0,Drama,-1.0,Series,TV-14,5.0,No Rate,No Rate,No Rate,No Rate,No Rate
I Know What You Did Last Summer,1997.0,5.7,139464.0,"Horror, Mystery",101.0,Film,R,-1.0,Mild,Severe,Severe,Mild,Moderate
Tokyo Revengers,1997.0,8.4,6876.0,"Animation, Action, Drama",24.0,Series,TV-14,25.0,Mild,Moderate,Mild,Mild,Moderate
Motherland: Fort Salem,1997.0,7.3,11423.0,"Drama, Fantasy, Sci-Fi",42.0,Series,TV-14,22.0,Mild,Moderate,Mild,Mild,Moderate
Nightcrawler,2014.0,7.8,497755.0,"Crime, Drama, Thriller",117.0,Film,R,-1.0,None,Moderate,Severe,Mild,Moderate
Malcolm in the Middle,2014.0,8.0,123418.0,"Comedy, Family",22.0,Series,TV-PG,151.0,Mild,Mild,Mild,Mild,None
After We Collided,2020.0,5.2,25369.0,"Drama, Romance",105.0,Film,R,-1.0,Moderate,Mild,Moderate,Moderate,Mild
The Twilight Zone,2020.0,9.0,76381.0,"Drama, Fantasy, Horror",51.0,Series,TV-PG,156.0,None,Mild,Mild,Mild,Moderate
Black Swan,2010.0,8.0,725939.0,"Drama, Thriller",108.0,Film,R,-1.0,Severe,Severe,Moderate,Moderate,Severe
Birds of Prey: And the Fantabulous Emancipation of One Harley Quinn,2020.0,6.1,210807.0,"Action, Adventure, Comedy",109.0,Film,R,-1.0,Mild,Severe,Severe,Moderate,Moderate
The Greatest Showman,2017.0,7.6,257193.0,"Biography, Drama, Musical",105.0,Film,PG,-1.0,None,Mild,None,Mild,Mild
Scarface,1983.0,8.3,781141.0,"Crime, Drama",170.0,Film,R,-1.0,Moderate,Severe,Severe,Severe,Severe
Requiem for a Dream,2000.0,8.3,797796.0,Drama,102.0,Film,Unrated,-1.0,Severe,Severe,Severe,Severe,Severe
Tacoma FD,2000.0,8.1,3920.0,Comedy,30.0,Series,TV-14,30.0,Mild,Mild,Moderate,Mild,None
All American,2000.0,7.6,8663.0,"Drama, Sport",45.0,Series,TV-14,53.0,Mild,Moderate,Mild,Moderate,Mild
The Americans,2000.0,8.4,91114.0,"Crime, Drama, Mystery",44.0,Series,TV-MA,75.0,Moderate,Moderate,Mild,Mild,Moderate
3%,2000.0,7.4,23644.0,"Action, Drama, Sci-Fi",49.0,Series,TV-MA,33.0,Mild,Moderate,Moderate,Mild,Moderate
Unforgotten,2000.0,8.3,19048.0,"Crime, Drama, Mystery",45.0,Series,TV-MA,30.0,Mild,Moderate,Moderate,Mild,Moderate
The Haunted Mansion,2003.0,5.1,46587.0,"Comedy, Family, Fantasy",99.0,Film,PG,-1.0,None,Mild,Mild,Mild,Moderate
West Side Story,2021.0,-1.0,-1.0,"Crime, Drama, Musical",-1.0,Film,PG-13,-1.0,No Rate,No Rate,No Rate,No Rate,No Rate
American Beauty,1999.0,8.3,1106814.0,Drama,122.0,Film,R,-1.0,Severe,Moderate,Severe,Moderate,Moderate
Mumbai Diaries 26/11,1999.0,8.8,26527.0,"Drama, Thriller",-1.0,Series,TV-MA,8.0,Mild,Severe,Severe,Mild,Severe
Sleepy Hollow,1999.0,7.3,344487.0,"Fantasy, Horror, Mystery",105.0,Film,R,-1.0,Mild,Severe,None,Mild,Moderate
Halloween II,2009.0,4.8,51201.0,Horror,105.0,Film,R,-1.0,Severe,Severe,Severe,Moderate,Severe
Legally Blonde,2001.0,6.4,200635.0,"Comedy, Romance",96.0,Film,PG-13,-1.0,Mild,Mild,Mild,None,None
Gossip Girl,2001.0,5.3,6507.0,"Drama, Romance",60.0,Series,TV-MA,14.0,Moderate,None,Mild,Moderate,None
Ex Machina,2014.0,7.7,503935.0,"Drama, Sci-Fi, Thriller",108.0,Film,R,-1.0,Moderate,Moderate,Moderate,Moderate,Moderate
Snowpiercer,2014.0,6.9,41412.0,"Action, Drama, Sci-Fi",60.0,Series,TV-MA,31.0,Moderate,Severe,Moderate,Mild,Moderate
Last Man Standing,2014.0,7.5,31648.0,Comedy,30.0,Series,TV-PG,194.0,None,None,Mild,Mild,No Rate
Narcos: México,2014.0,8.4,66885.0,"Crime, Drama",50.0,Series,TV-MA,29.0,Severe,Severe,Severe,Severe,Severe
"Love, Death & Robots",2014.0,8.5,124835.0,"Animation, Short, Action",15.0,Series,TV-MA,26.0,Severe,Severe,Severe,Moderate,Moderate
Harry Potter and the Chamber of Secrets,2002.0,7.4,584281.0,"Adventure, Family, Fantasy",161.0,Film,PG,-1.0,None,Mild,Mild,None,Moderate
Mythic Quest: Raven's Banquet,2002.0,7.7,17366.0,Comedy,30.0,Series,TV-MA,20.0,Mild,Mild,Severe,Mild,None
Saw,2004.0,7.6,398328.0,"Horror, Mystery, Thriller",103.0,Film,R,-1.0,Mild,Severe,Severe,Mild,Severe
Good Will Hunting,1997.0,8.3,903784.0,"Drama, Romance",126.0,Film,R,-1.0,Mild,Mild,Severe,Mild,Mild
Halloween: Resurrection,2002.0,4.0,40340.0,"Horror, Thriller",94.0,Film,R,-1.0,Mild,Severe,Severe,Mild,Moderate
Psycho,1960.0,8.5,632885.0,"Horror, Mystery, Thriller",109.0,Film,R,-1.0,Mild,Moderate,None,None,Moderate
"Doogie Kamealoha, M.D.",1960.0,5.8,1023.0,"Comedy, Drama, Family",30.0,Series,TV-PG,10.0,No Rate,No Rate,No Rate,No Rate,No Rate
Hacksaw Ridge,2016.0,8.1,470213.0,"Biography, Drama, History",139.0,Film,R,-1.0,Mild,Severe,Mild,Mild,Severe
The Revenant,2015.0,8.0,745279.0,"Action, Adventure, Drama",156.0,Film,R,-1.0,Mild,Severe,Moderate,Mild,Severe
Fear Street: 1978,2021.0,6.7,50405.0,"Drama, Horror, Mystery",109.0,Film,R,-1.0,Moderate,Severe,Moderate,Moderate,Severe
Coraline,2009.0,7.7,209543.0,"Animation, Drama, Family",100.0,Film,PG,-1.0,Mild,Mild,Mild,None,Moderate
Vivo,2021.0,6.7,13103.0,"Animation, Adventure, Comedy",95.0,Film,PG,-1.0,None,None,None,None,None
The Nevers,2021.0,7.4,17975.0,"Action, Drama, Fantasy",58.0,Series,TV-MA,12.0,Moderate,Moderate,Moderate,Mild,Moderate
The Conners,2021.0,5.3,9265.0,Comedy,30.0,Series,TV-PG,57.0,Mild,None,Mild,Mild,Mild
Van Helsing,2004.0,6.1,254911.0,"Action, Adventure, Fantasy",131.0,Film,PG-13,-1.0,Mild,Moderate,Mild,Mild,Moderate
Baywatch,2004.0,5.3,26458.0,"Action, Adventure, Crime",60.0,Film,PG-13,-1.0,Mild,Moderate,Mild,Mild,Moderate
Logan,2017.0,8.1,691288.0,"Action, Drama, Sci-Fi",137.0,Film,R,-1.0,Mild,Severe,Severe,Moderate,Severe
Jojo Rabbit,2019.0,7.9,341408.0,"Comedy, Drama, War",108.0,Film,PG-13,-1.0,None,Mild,Moderate,Mild,Moderate
Fantasy Island,2019.0,6.0,2555.0,"Adventure, Drama, Fantasy",-1.0,Series,TV-14,8.0,No Rate,No Rate,No Rate,No Rate,No Rate
Dazed and Confused,1993.0,7.6,174514.0,Comedy,102.0,Film,R,-1.0,Mild,Mild,Severe,Severe,None
The Chair,1993.0,7.2,12099.0,"Comedy, Drama",30.0,Series,TV-MA,6.0,Mild,None,Moderate,Moderate,None
One Hour Photo,2002.0,6.8,119154.0,"Drama, Thriller",96.0,Film,R,-1.0,Severe,Moderate,Moderate,Mild,Moderate
Walker,2002.0,6.1,7858.0,"Action, Crime, Drama",-1.0,Series,TV-14,20.0,Mild,Moderate,Mild,Mild,No Rate
Top Gun,1986.0,6.9,311891.0,"Action, Drama",110.0,Film,PG,-1.0,Mild,Mild,Moderate,Mild,Mild
Idi i smotri,1985.0,8.3,68644.0,"Drama, Thriller, War",142.0,Film,Not Rated,-1.0,Moderate,Severe,Mild,Mild,Severe
The Larkins,1985.0,4.8,303.0,"Comedy, Drama",-1.0,Series,None,6.0,No Rate,No Rate,No Rate,No Rate,No Rate
Six Feet Under,1985.0,8.7,127144.0,"Comedy, Drama",60.0,Series,TV-MA,63.0,Moderate,Moderate,Severe,Severe,Moderate
Men in Black,1997.0,7.3,537337.0,"Action, Adventure, Comedy",98.0,Film,PG-13,-1.0,Mild,Moderate,Moderate,Mild,Mild
The Lord of the Rings: The Return of the King,2003.0,8.9,1715063.0,"Action, Adventure, Drama",201.0,Film,PG-13,-1.0,None,Moderate,None,Mild,Moderate
Britannia,2003.0,6.8,13974.0,"Action, Drama, Fantasy",60.0,Series,TV-MA,27.0,Moderate,Severe,Severe,Mild,Moderate
Small Engine Repair,2021.0,6.6,985.0,"Comedy, Drama, Thriller",102.0,Film,R,-1.0,Severe,Moderate,Severe,Moderate,Moderate
Toma,2021.0,9.3,5562.0,"Biography, Drama, Music",140.0,Film,None,-1.0,No Rate,No Rate,No Rate,No Rate,No Rate
The Lord of the Rings,2021.0,-1.0,-1.0,"Action, Adventure, Drama",-1.0,Series,None,9.0,No Rate,No Rate,No Rate,No Rate,No Rate
Star Wars,1977.0,8.6,1280508.0,"Action, Adventure, Fantasy",121.0,Film,PG,-1.0,None,Mild,None,Mild,Mild
The Stand,1977.0,5.5,21306.0,"Adventure, Drama, Fantasy",510.0,Series,TV-MA,9.0,Moderate,Severe,Severe,Moderate,Severe
The Wonder Years,1977.0,8.3,36046.0,"Comedy, Drama, Family",22.0,Series,TV-PG,115.0,None,None,None,None,None
Death Note: Desu nôto,1977.0,9.0,272380.0,"Animation, Crime, Drama",24.0,Series,TV-14,37.0,Mild,Moderate,Mild,Mild,Severe
MacGyver,1977.0,5.4,19592.0,"Action, Adventure, Drama",43.0,Series,TV-14,95.0,None,Moderate,Mild,Mild,Mild
On the Verge,1977.0,6.5,2065.0,Comedy,35.0,Series,TV-14,12.0,Moderate,None,No Rate,No Rate,None
Clueless,1995.0,6.9,198808.0,"Comedy, Romance",97.0,Film,PG-13,-1.0,Mild,None,Mild,Mild,None
Baby Driver,2017.0,7.6,480085.0,"Action, Crime, Drama",113.0,Film,R,-1.0,None,Moderate,Severe,Mild,Moderate
The Ice Road,2021.0,5.6,26526.0,"Action, Adventure, Drama",109.0,Film,PG-13,-1.0,None,Moderate,Moderate,Mild,Moderate
Harry Potter and the Prisoner of Azkaban,2004.0,7.9,582354.0,"Adventure, Family, Fantasy",142.0,Film,PG,-1.0,None,Moderate,Mild,Mild,Moderate
The Outsiders,1983.0,7.1,80102.0,"Crime, Drama",91.0,Film,PG,-1.0,Mild,Moderate,Mild,Mild,Moderate
The Last House on the Left,2009.0,6.5,89319.0,"Horror, Thriller",110.0,Film,R,-1.0,Severe,Severe,Severe,Moderate,Severe
The Lost Daughter,2021.0,6.6,371.0,Drama,121.0,Film,R,-1.0,No Rate,No Rate,No Rate,No Rate,No Rate
Escape the Undertaker,2021.0,4.1,557.0,"Short, Mystery",31.0,Film,None,-1.0,No Rate,No Rate,No Rate,No Rate,No Rate
Scott Pilgrim vs. the World,2010.0,7.5,402891.0,"Action, Comedy, Fantasy",112.0,Film,PG-13,-1.0,Mild,Mild,Mild,Mild,None
The Mauritanian,2021.0,7.5,38934.0,"Drama, Thriller",129.0,Film,R,-1.0,Mild,Moderate,Moderate,Mild,Severe
American Pie,1999.0,7.0,390360.0,Comedy,95.0,Film,R,-1.0,Severe,None,Moderate,Moderate,None
Halloween 5: The Revenge of Michael Myers,1989.0,5.1,37734.0,"Horror, Thriller",96.0,Film,R,-1.0,Moderate,Severe,Mild,Mild,Severe
12 Angry Men,1957.0,9.0,732301.0,"Crime, Drama",96.0,Film,Approved,-1.0,None,None,None,Mild,Mild
Doctor Strange in the Multiverse of Madness,2022.0,-1.0,-1.0,"Action, Adventure, Fantasy",-1.0,Film,None,-1.0,No Rate,No Rate,No Rate,No Rate,No Rate
Death Proof,2007.0,7.0,279711.0,"Action, Thriller",127.0,Film,TV-MA,-1.0,Mild,Severe,Severe,Moderate,Moderate
Atonement,2007.0,7.8,263578.0,"Drama, Mystery, Romance",123.0,Film,R,-1.0,Moderate,Moderate,Moderate,Mild,Moderate
Longmire,2007.0,8.3,31706.0,"Action, Crime, Drama",60.0,Series,TV-14,63.0,Mild,Moderate,Mild,Moderate,Mild
The Avengers,2012.0,8.0,1311358.0,"Action, Adventure, Sci-Fi",143.0,Film,PG-13,-1.0,None,Moderate,Mild,Mild,Mild
Suedi,2021.0,6.4,2081.0,"Comedy, Drama",89.0,Film,None,-1.0,No Rate,No Rate,No Rate,No Rate,No Rate
NCIS: New Orleans,2021.0,6.8,16654.0,"Action, Crime, Drama",42.0,Series,TV-14,155.0,Mild,Moderate,Mild,Moderate,Moderate
Naruto,2021.0,8.3,83968.0,"Animation, Action, Adventure",24.0,Series,TV-PG,220.0,Mild,Moderate,Mild,Mild,Moderate
Moonrise Kingdom,2012.0,7.8,332257.0,"Comedy, Drama, Romance",94.0,Film,PG-13,-1.0,Mild,Mild,Mild,Mild,Mild
Clue,1985.0,7.3,90668.0,"Comedy, Crime, Mystery",94.0,Film,PG,-1.0,Mild,Mild,Mild,Mild,Mild
El hoyo,2019.0,7.0,191553.0,"Horror, Sci-Fi, Thriller",94.0,Film,TV-MA,-1.0,Moderate,Severe,Mild,Mild,Severe
In the Heights,2021.0,7.4,35374.0,"Drama, Musical, Romance",143.0,Film,E,-1.0,Mild,None,Mild,Mild,None
Kamisama no iu tôri,2014.0,6.4,5725.0,"Adventure, Horror, Sci-Fi",117.0,Film,TV-MA,-1.0,None,Severe,Mild,None,Moderate
Altered Carbon,2014.0,8.0,152255.0,"Action, Drama, Sci-Fi",60.0,Series,TV-MA,18.0,Severe,Severe,Moderate,Moderate,Moderate
SAS: Red Notice,2021.0,5.1,14731.0,"Action, Thriller",124.0,Film,R,-1.0,None,Moderate,Moderate,None,Moderate
What Is Life Worth,2020.0,6.8,9296.0,"Biography, Drama, History",118.0,Film,PG-13,-1.0,None,None,Mild,None,Mild
Scary Stories to Tell in the Dark,2019.0,6.2,68710.0,"Adventure, Horror, Mystery",108.0,Film,PG-13,-1.0,None,Moderate,Mild,None,Severe
Enterprise,2019.0,7.5,49317.0,"Action, Adventure, Drama",60.0,Series,TV-PG,97.0,Mild,Mild,Mild,None,Mild
Deadwood,2019.0,8.6,99699.0,"Crime, Drama, History",55.0,Series,TV-MA,36.0,Severe,Severe,Severe,Severe,Moderate
No Sudden Move,2021.0,6.5,23345.0,"Crime, Drama, Mystery",115.0,Film,R,-1.0,None,Moderate,Moderate,Moderate,Moderate
The Neighborhood,2021.0,6.4,5931.0,Comedy,30.0,Series,TV-PG,67.0,Mild,Mild,Mild,Mild,None
Red Notice,2021.0,-1.0,-1.0,"Action, Comedy, Crime",-1.0,Film,PG-13,-1.0,No Rate,No Rate,No Rate,No Rate,No Rate
Barry,2021.0,8.3,54418.0,"Action, Comedy, Crime",30.0,Series,TV-MA,18.0,Mild,Severe,Severe,Mild,Moderate
The Irishman,2019.0,7.8,353241.0,"Biography, Crime, Drama",209.0,Film,R,-1.0,None,Severe,Severe,Moderate,Moderate
Step Brothers,2008.0,6.9,279245.0,Comedy,98.0,Film,R,-1.0,Moderate,Mild,Severe,Mild,None
BAC Nord,2020.0,6.9,5294.0,"Action, Crime, Thriller",105.0,Film,TV-MA,-1.0,Mild,Moderate,No Rate,Moderate,No Rate
Charlie and the Chocolate Factory,2005.0,6.6,448686.0,"Adventure, Comedy, Family",115.0,Film,PG,-1.0,None,Mild,Mild,None,Moderate
Broadchurch,2005.0,8.4,103243.0,"Crime, Drama, Mystery",48.0,Series,TV-MA,24.0,Mild,Moderate,Moderate,Mild,Moderate
Dunkirk,2017.0,7.8,598523.0,"Action, Drama, History",106.0,Film,PG-13,-1.0,None,Moderate,Moderate,Mild,Severe
Firefly,2017.0,9.0,252106.0,"Adventure, Drama, Sci-Fi",44.0,Series,TV-14,14.0,Moderate,Moderate,Mild,Mild,Moderate
Aquaman,2018.0,6.9,417971.0,"Action, Adventure, Fantasy",143.0,Film,PG-13,-1.0,None,Moderate,Mild,Mild,Mild
Cashback,2006.0,7.1,85011.0,"Comedy, Drama, Romance",102.0,Film,R,-1.0,Severe,Mild,Moderate,Mild,Mild
The Boss Baby: Family Business,2021.0,5.9,11863.0,"Animation, Adventure, Comedy",107.0,Film,E,-1.0,Mild,Mild,Mild,None,Mild
The Living Daylights,1987.0,6.7,93814.0,"Action, Adventure, Thriller",130.0,Film,PG,-1.0,Mild,Moderate,Mild,Mild,Mild
28 Days Later...,2002.0,7.6,393805.0,"Drama, Horror, Sci-Fi",113.0,Film,R,-1.0,Moderate,Severe,Severe,Moderate,Severe
John Wick: Chapter 4,2022.0,-1.0,-1.0,"Action, Crime, Thriller",-1.0,Film,None,-1.0,No Rate,No Rate,No Rate,No Rate,No Rate
Invasion,2022.0,-1.0,-1.0,"Drama, Fantasy, Sci-Fi",-1.0,Series,TV-MA,10.0,No Rate,No Rate,No Rate,No Rate,No Rate
The King of Queens,2022.0,7.3,78594.0,Comedy,22.0,Series,TV-PG,207.0,Mild,None,Mild,Mild,None
American Dad!,2022.0,7.3,121136.0,"Animation, Comedy",22.0,Series,TV-14,322.0,Moderate,Severe,Moderate,Moderate,Moderate
Night Hunter,2018.0,5.9,18222.0,Thriller,98.0,Film,R,-1.0,None,Moderate,Severe,Mild,Moderate
Love and Monsters,2020.0,7.0,109343.0,"Action, Adventure, Comedy",109.0,Film,PG-13,-1.0,Mild,Mild,Mild,Mild,Mild
The Bold Type,2020.0,7.9,17683.0,"Comedy, Drama",45.0,Series,TV-14,52.0,Moderate,None,Mild,Mild,None
Doctor Strange,2016.0,7.5,647690.0,"Action, Adventure, Fantasy",115.0,Film,PG-13,-1.0,None,Moderate,Mild,None,Moderate
Wrong Turn,2021.0,5.5,22824.0,"Horror, Thriller",109.0,Film,R,-1.0,Mild,Severe,Severe,Mild,Severe
Soul,2020.0,8.1,281089.0,"Animation, Adventure, Comedy",100.0,Film,PG,-1.0,None,None,None,None,Mild
Avengers: Age of Ultron,2015.0,7.3,794220.0,"Action, Adventure, Sci-Fi",141.0,Film,PG-13,-1.0,Mild,Moderate,Mild,Mild,Moderate
Silicon Valley,2015.0,8.5,135665.0,Comedy,28.0,Series,TV-MA,53.0,Moderate,Mild,Severe,Moderate,None
There Will Be Blood,2007.0,8.2,546904.0,Drama,158.0,Film,R,-1.0,None,Moderate,Mild,Mild,Moderate
Maleficent,2014.0,7.0,358078.0,"Action, Adventure, Family",97.0,Film,PG,-1.0,None,Moderate,None,None,Mild
Cars,2006.0,7.1,388952.0,"Animation, Adventure, Comedy",117.0,Film,G,-1.0,None,None,Mild,None,Mild
"Beverly Hills, 90210",2006.0,6.4,32848.0,"Drama, Romance",44.0,Series,TV-PG,292.0,Mild,Mild,Mild,Moderate,Moderate
Designated Survivor,2006.0,7.5,83143.0,"Action, Drama, Mystery",60.0,Series,TV-14,53.0,Moderate,Mild,Moderate,Mild,Mild
Oz,2006.0,8.7,93783.0,"Crime, Drama, Thriller",55.0,Series,TV-MA,56.0,Severe,Severe,Severe,Severe,Severe
Premonition,2007.0,5.9,75465.0,"Drama, Fantasy, Mystery",96.0,Film,PG-13,-1.0,None,Mild,Mild,None,Mild
A Nightmare on Elm Street 3: Dream Warriors,1987.0,6.6,75796.0,"Fantasy, Horror",96.0,Film,R,-1.0,Moderate,Severe,Moderate,Moderate,Severe
The Witches,2020.0,5.3,33099.0,"Adventure, Comedy, Family",106.0,Film,PG,-1.0,None,Moderate,None,Mild,Moderate
SpongeBob SquarePants,2020.0,8.2,89772.0,"Animation, Comedy, Family",23.0,Series,TV-Y,289.0,Mild,Mild,Mild,None,Moderate
iZombie,2020.0,7.8,63508.0,"Comedy, Crime, Drama",42.0,Series,TV-14,71.0,Mild,Moderate,Mild,Mild,Mild
The Great British Bake Off,2020.0,8.5,8422.0,Reality-TV,60.0,Series,TV-PG,153.0,None,None,Mild,None,None
Iron Man,2008.0,7.9,986931.0,"Action, Adventure, Sci-Fi",126.0,Film,PG-13,-1.0,Mild,Moderate,Mild,Mild,Moderate
The Village,2004.0,6.5,251685.0,"Drama, Mystery, Thriller",108.0,Film,PG-13,-1.0,None,Moderate,None,None,Moderate
Hunter x Hunter,2004.0,9.0,73615.0,"Animation, Action, Adventure",24.0,Series,TV-14,148.0,Mild,Moderate,Mild,Mild,Severe
Fuimos canciones,2021.0,5.3,1015.0,"Comedy, Music, Romance",110.0,Film,TV-MA,-1.0,Moderate,No Rate,No Rate,No Rate,No Rate
Private Practice,2021.0,6.7,24189.0,"Comedy, Drama, Romance",60.0,Series,TV-14,112.0,Moderate,Moderate,Mild,Moderate,Mild
300,2006.0,7.6,758693.0,"Action, Drama",117.0,Film,R,-1.0,Moderate,Severe,Mild,None,Severe
Thor,2011.0,7.0,786140.0,"Action, Adventure, Fantasy",115.0,Film,PG-13,-1.0,None,Mild,Mild,Mild,Mild
The Lobster,2015.0,7.2,235976.0,"Comedy, Drama, Romance",119.0,Film,R,-1.0,Moderate,Moderate,Moderate,Mild,Moderate
Transformers,2007.0,7.0,614130.0,"Action, Adventure, Sci-Fi",144.0,Film,PG-13,-1.0,Mild,Moderate,Moderate,Mild,Moderate
Batwoman,2007.0,3.4,38496.0,"Action, Adventure, Crime",45.0,Series,TV-14,43.0,Mild,Moderate,Mild,Mild,Moderate
The Chosen,2007.0,9.6,21759.0,"Drama, History",54.0,Series,TV-PG,17.0,None,None,None,None,Mild
Ray Donovan,2007.0,8.3,80858.0,"Crime, Drama",60.0,Series,TV-MA,82.0,Severe,Severe,Severe,Severe,Moderate
Sense8,2007.0,8.3,146144.0,"Drama, Mystery, Sci-Fi",60.0,Series,TV-MA,24.0,Severe,Moderate,Moderate,Moderate,Moderate
The Boy in the Striped Pyjamas,2008.0,7.8,202382.0,"Drama, History, War",94.0,Film,PG-13,-1.0,None,Moderate,None,Mild,Severe
Finch,2021.0,-1.0,-1.0,"Drama, Sci-Fi",115.0,Film,PG-13,-1.0,No Rate,No Rate,No Rate,No Rate,No Rate
Annette,2021.0,6.4,9794.0,"Drama, Musical, Romance",141.0,Film,R,-1.0,Severe,Moderate,Moderate,Moderate,Moderate
Training Day,2001.0,7.7,410765.0,"Crime, Drama, Thriller",122.0,Film,R,-1.0,Moderate,Severe,Severe,Severe,Severe
The VelociPastor,2018.0,5.1,4727.0,"Action, Adventure, Comedy",75.0,Film,None,-1.0,No Rate,No Rate,No Rate,No Rate,No Rate
Raiders of the Lost Ark,1981.0,8.4,919273.0,"Action, Adventure",115.0,Film,PG,-1.0,Mild,Moderate,Mild,Mild,Moderate
CSI: Miami,1981.0,6.4,55214.0,"Action, Crime, Drama",43.0,Series,TV-14,232.0,Moderate,Severe,Mild,Moderate,Moderate
Pearl Harbor,2001.0,6.2,320925.0,"Action, Drama, History",183.0,Film,PG-13,-1.0,Mild,Severe,Moderate,Mild,Severe
Matilda,1996.0,6.9,139078.0,"Comedy, Family, Fantasy",98.0,Film,PG,-1.0,None,Mild,Mild,Mild,Moderate
The Amazing Spider-Man 2,2014.0,6.6,437313.0,"Action, Adventure, Fantasy",142.0,Film,PG-13,-1.0,None,Moderate,Mild,Mild,Moderate
Love Life,2014.0,7.5,10490.0,"Comedy, Romance",35.0,Series,TV-MA,20.0,Moderate,None,Moderate,Mild,No Rate
Coco,2017.0,8.4,435130.0,"Animation, Adventure, Comedy",105.0,Film,PG,-1.0,None,Mild,None,Mild,Mild
Desperado,1995.0,7.2,178691.0,"Action, Crime, Thriller",104.0,Film,R,-1.0,Moderate,Severe,Severe,Mild,Moderate
Judas and the Black Messiah,2021.0,7.5,62197.0,"Biography, Drama, History",126.0,Film,R,-1.0,Mild,Moderate,Severe,Mild,Moderate
Grimm,2021.0,7.8,113143.0,"Crime, Drama, Fantasy",45.0,Series,TV-14,123.0,Mild,Severe,Mild,Mild,Moderate
Gomorra: La serie,2021.0,8.7,33068.0,"Crime, Drama, Thriller",55.0,Series,TV-MA,58.0,Moderate,Severe,Severe,Severe,Severe
Alita: Battle Angel,2019.0,7.3,247942.0,"Action, Adventure, Sci-Fi",122.0,Film,PG-13,-1.0,None,Moderate,Mild,Mild,Moderate
The Godfather: Part II,1974.0,9.0,1187439.0,"Crime, Drama",202.0,Film,R,-1.0,Mild,Severe,Moderate,Mild,Moderate
Pitch Perfect,2012.0,7.1,290316.0,"Comedy, Music, Romance",112.0,Film,PG-13,-1.0,Mild,Mild,Mild,Mild,None
Prodigal Son,2012.0,7.7,18018.0,"Crime, Drama, Mystery",44.0,Series,TV-14,33.0,Mild,Severe,Mild,Mild,Severe
Captain America: The First Avenger,2011.0,6.9,785169.0,"Action, Adventure, Sci-Fi",124.0,Film,PG-13,-1.0,Mild,Moderate,Mild,None,Mild
The Dreamers,2003.0,7.2,116531.0,"Drama, Romance",115.0,Film,NC-17,-1.0,Severe,Mild,Moderate,Moderate,None
Babylon 5,2003.0,8.3,29541.0,"Action, Adventure, Drama",45.0,Series,TV-PG,111.0,Mild,Moderate,Mild,Mild,Moderate
American Gods,2003.0,7.7,81447.0,"Drama, Fantasy, Mystery",60.0,Series,TV-MA,26.0,Severe,Severe,Severe,Moderate,Moderate
Futurama,2003.0,8.4,221472.0,"Animation, Comedy, Sci-Fi",22.0,Series,TV-14,140.0,Mild,Moderate,Mild,Moderate,Mild
The Dry,2020.0,6.9,16638.0,"Crime, Drama, Mystery",117.0,Film,R,-1.0,None,Moderate,Moderate,Mild,Moderate
Eternal Sunshine of the Spotless Mind,2004.0,8.3,951057.0,"Drama, Romance, Sci-Fi",108.0,Film,R,-1.0,Mild,Mild,Moderate,Mild,Mild
Spider-Man 2,2004.0,7.3,578084.0,"Action, Adventure, Sci-Fi",127.0,Film,PG-13,-1.0,Mild,Moderate,Mild,Mild,Moderate
The Martian,2015.0,8.0,797773.0,"Adventure, Drama, Sci-Fi",144.0,Film,PG-13,-1.0,Mild,Mild,Moderate,Mild,Mild
Wonder Woman,2017.0,7.4,613054.0,"Action, Adventure, Fantasy",141.0,Film,PG-13,-1.0,Mild,Moderate,Mild,Mild,Mild
StartUp,2017.0,7.9,25438.0,"Crime, Thriller",44.0,Series,Not Rated,30.0,Moderate,Moderate,Moderate,Moderate,Moderate
Scream 4,2011.0,6.2,133751.0,"Horror, Mystery",111.0,Film,R,-1.0,Mild,Severe,Severe,Moderate,Severe
Love Hard,2021.0,-1.0,-1.0,"Comedy, Romance",104.0,Film,None,-1.0,No Rate,No Rate,No Rate,No Rate,No Rate
Jumanji,1995.0,7.0,324368.0,"Adventure, Comedy, Family",104.0,Film,PG,-1.0,None,Mild,Mild,Mild,Moderate
The Guest,2014.0,6.7,96530.0,"Action, Mystery, Thriller",100.0,Film,R,-1.0,Moderate,Severe,Severe,Moderate,Moderate
Ah-ga-ssi,2016.0,8.1,128983.0,"Drama, Romance, Thriller",145.0,Film,Not Rated,-1.0,Severe,Moderate,Severe,Mild,Moderate
The Last of the Mohicans,1992.0,7.7,159819.0,"Action, Adventure, Drama",112.0,Film,R,-1.0,Mild,Moderate,None,None,Moderate
The Medium,2021.0,6.6,1525.0,Horror,130.0,Film,None,-1.0,No Rate,No Rate,No Rate,No Rate,No Rate
Avatar 2,2022.0,-1.0,-1.0,"Action, Adventure, Sci-Fi",-1.0,Film,None,-1.0,No Rate,No Rate,No Rate,No Rate,No Rate
Watchmen,2009.0,7.6,527291.0,"Action, Drama, Mystery",162.0,Film,R,-1.0,Severe,Severe,Severe,Mild,Severe
Snowpiercer,2013.0,7.1,341519.0,"Action, Drama, Sci-Fi",126.0,Film,R,-1.0,None,Severe,Moderate,Moderate,Severe
Aliens,1986.0,8.3,680473.0,"Action, Adventure, Sci-Fi",137.0,Film,R,-1.0,None,Moderate,Moderate,Mild,Severe
Mother!,2017.0,6.6,206014.0,"Drama, Horror, Mystery",121.0,Film,R,-1.0,Moderate,Severe,Moderate,Mild,Severe
John Wick: Chapter 3 - Parabellum,2019.0,7.4,307504.0,"Action, Crime, Thriller",130.0,Film,R,-1.0,None,Severe,Moderate,Mild,Severe
Miraculous: Tales of Ladybug & Cat Noir,2019.0,7.7,9027.0,"Animation, Action, Adventure",20.0,Series,TV-Y7,111.0,None,Mild,None,None,Mild
Green Book,2018.0,8.2,429657.0,"Biography, Comedy, Drama",130.0,Film,PG-13,-1.0,Mild,Mild,Moderate,Moderate,Mild
Tommy Boy,1995.0,7.1,81456.0,"Adventure, Comedy",97.0,Film,PG-13,-1.0,Mild,Mild,Mild,Mild,None
Kill Bill: Vol. 1,2003.0,8.1,1049398.0,"Action, Crime, Drama",111.0,Film,R,-1.0,Mild,Severe,Severe,Mild,Moderate
It Follows,2014.0,6.8,223147.0,"Horror, Mystery, Thriller",100.0,Film,R,-1.0,Severe,Moderate,Moderate,Mild,Severe
Angel,2014.0,7.9,67263.0,"Action, Drama, Fantasy",44.0,Series,TV-14,111.0,Mild,Moderate,Mild,Mild,Moderate
Gemini Man,2019.0,5.7,103621.0,"Action, Drama, Sci-Fi",117.0,Film,PG-13,-1.0,None,Moderate,Moderate,Mild,Mild
Chuck,2019.0,8.2,131783.0,"Action, Comedy, Drama",43.0,Series,TV-14,91.0,Mild,Moderate,Mild,Mild,Mild
Vacation Friends,2021.0,6.3,14822.0,"Adventure, Comedy",103.0,Film,R,-1.0,Mild,Mild,Severe,Severe,None
Snatch,2000.0,8.3,813924.0,"Comedy, Crime",104.0,Film,R,-1.0,Mild,Moderate,Severe,Mild,Mild
Black Sails,2000.0,8.2,98066.0,"Adventure, Drama",56.0,Series,TV-MA,38.0,Severe,Severe,Severe,Moderate,Severe
"Il buono, il brutto, il cattivo",1966.0,8.8,720032.0,Western,161.0,Film,R,-1.0,None,Moderate,Mild,Mild,Moderate
The Notebook,2004.0,7.8,542082.0,"Drama, Romance",123.0,Film,PG-13,-1.0,Moderate,Mild,Mild,Mild,Mild
Castlevania,2004.0,8.3,55247.0,"Animation, Action, Adventure",23.0,Series,TV-MA,32.0,Moderate,Severe,Severe,Mild,Severe
The Hobbit: An Unexpected Journey,2012.0,7.8,782308.0,"Adventure, Fantasy",169.0,Film,PG-13,-1.0,None,Moderate,None,Mild,Moderate
Split,2016.0,7.3,457276.0,"Horror, Thriller",117.0,Film,PG-13,-1.0,Mild,Moderate,Mild,Mild,Moderate
Ginny & Georgia,2016.0,7.5,38432.0,"Comedy, Drama",-1.0,Series,TV-14,20.0,Moderate,Mild,Moderate,Moderate,Mild
Slasher,2016.0,6.7,13030.0,"Crime, Drama, Horror",60.0,Series,Not Rated,32.0,Severe,Severe,Severe,Moderate,Severe
The Descent,2005.0,7.2,211927.0,"Adventure, Horror, Thriller",99.0,Film,R,-1.0,Mild,Severe,Moderate,Mild,Severe
The Usual Suspects,1995.0,8.5,1031650.0,"Crime, Mystery, Thriller",106.0,Film,R,-1.0,Mild,Moderate,Severe,Moderate,Moderate
Edge of Tomorrow,2014.0,7.9,633486.0,"Action, Adventure, Sci-Fi",113.0,Film,PG-13,-1.0,Mild,Moderate,Mild,Mild,Moderate
Reign,2014.0,7.5,45988.0,"Drama, Fantasy",42.0,Series,TV-14,78.0,Moderate,Moderate,Mild,Mild,Moderate
Emily in Paris,2014.0,7.0,59234.0,"Comedy, Drama, Romance",30.0,Series,TV-MA,20.0,Moderate,None,Mild,Mild,None
Nancy Drew,2014.0,6.4,6588.0,"Drama, Fantasy, Horror",44.0,Series,TV-14,40.0,Mild,Mild,Mild,Mild,Moderate
Nightmare Alley,2021.0,-1.0,-1.0,"Action, Crime, Drama",139.0,Film,R,-1.0,No Rate,No Rate,No Rate,No Rate,No Rate
Uncharted,2022.0,-1.0,-1.0,"Action, Adventure",-1.0,Film,None,-1.0,No Rate,No Rate,No Rate,No Rate,No Rate
Godfather of Harlem,2022.0,8.0,10512.0,"Crime, Drama",55.0,Series,TV-MA,20.0,Moderate,Severe,Severe,Severe,Moderate
Jolt,2021.0,5.6,23407.0,"Action, Thriller",91.0,Film,R,-1.0,Mild,Moderate,Moderate,Mild,Moderate
Layer Cake,2004.0,7.3,173698.0,"Action, Crime, Drama",105.0,Film,R,-1.0,Moderate,Severe,Severe,Severe,Moderate
Stardust,2007.0,7.6,263530.0,"Adventure, Family, Fantasy",127.0,Film,PG-13,-1.0,Mild,Moderate,None,Mild,Moderate
Dark Shadows,2012.0,6.2,255634.0,"Comedy, Fantasy, Horror",113.0,Film,PG-13,-1.0,Mild,Moderate,Mild,Mild,Moderate
Tom & Jerry,2021.0,5.3,29886.0,"Animation, Adventure, Comedy",101.0,Film,PG,-1.0,None,Mild,None,Mild,Mild
Srpski film,2010.0,5.0,61013.0,"Horror, Mystery, Thriller",104.0,Film,NC-17,-1.0,Severe,Severe,Severe,Severe,Severe
The Matrix Revolutions,2003.0,6.8,470439.0,"Action, Sci-Fi",129.0,Film,R,-1.0,Mild,Severe,Mild,Mild,Moderate
The Kominsky Method,2003.0,8.2,35638.0,"Comedy, Drama",30.0,Series,TV-MA,22.0,Mild,None,Moderate,Mild,None
Cast Away,2000.0,7.8,553904.0,"Adventure, Drama, Romance",143.0,Film,PG-13,-1.0,None,Moderate,Mild,None,Moderate
Power,2000.0,8.1,42385.0,"Crime, Drama",50.0,Series,TV-MA,63.0,Severe,Severe,Severe,Severe,Moderate
Shetland,2000.0,8.2,12951.0,"Crime, Drama, Mystery",60.0,Series,TV-14,34.0,None,No Rate,Mild,No Rate,No Rate
One Flew Over the Cuckoo's Nest,1975.0,8.7,956596.0,Drama,133.0,Film,R,-1.0,Mild,Moderate,Severe,Mild,Severe
A Nightmare on Elm Street,2010.0,5.2,96348.0,"Crime, Drama, Horror",95.0,Film,R,-1.0,Mild,Severe,Moderate,Moderate,Severe
Jujutsu Kaisen,2010.0,8.7,31393.0,"Animation, Action, Adventure",24.0,Series,TV-MA,24.0,Mild,Severe,Mild,None,Severe
Transformers: Rise of the Beasts,2022.0,-1.0,-1.0,"Action, Adventure, Sci-Fi",-1.0,Film,None,-1.0,No Rate,No Rate,No Rate,No Rate,No Rate
Nanatsu no taizai,2022.0,8.0,27724.0,"Animation, Action, Adventure",24.0,Series,TV-14,100.0,Moderate,Moderate,Mild,Mild,Moderate
Warrior,2022.0,8.4,22477.0,"Action, Crime, Drama",60.0,Series,TV-MA,21.0,Severe,Severe,Severe,Moderate,Moderate
Drive,2011.0,7.8,597089.0,"Crime, Drama",100.0,Film,R,-1.0,Moderate,Severe,Moderate,Mild,Severe
Batman Begins,2005.0,8.2,1364161.0,"Action, Adventure",140.0,Film,PG-13,-1.0,None,Moderate,Mild,Mild,Moderate
2001: A Space Odyssey,1968.0,8.3,631754.0,"Adventure, Sci-Fi",149.0,Film,G,-1.0,None,Mild,None,None,Moderate
The Black Phone,2021.0,8.9,132.0,Horror,102.0,Film,R,-1.0,No Rate,Moderate,No Rate,No Rate,No Rate
Resident Alien,2021.0,8.2,25350.0,"Comedy, Drama, Mystery",44.0,Series,TV-14,11.0,Mild,Moderate,Moderate,Mild,Mild
E.T. the Extra-Terrestrial,1982.0,7.8,388301.0,"Family, Sci-Fi",115.0,Film,PG,-1.0,None,Mild,Mild,Mild,Moderate
Furia,1982.0,6.8,618.0,Thriller,-1.0,Series,None,8.0,No Rate,No Rate,No Rate,No Rate,No Rate
Hotel Transylvania,2012.0,7.1,237433.0,"Animation, Adventure, Comedy",91.0,Film,PG,-1.0,None,Mild,None,None,Mild
The End of the F***ing World,2012.0,8.1,164023.0,"Adventure, Comedy, Crime",25.0,Series,TV-MA,16.0,Moderate,Severe,Severe,Moderate,Moderate
Sinister,2012.0,6.8,234119.0,"Horror, Mystery, Thriller",110.0,Film,R,-1.0,None,Severe,Mild,Mild,Severe
The Nanny,2012.0,6.9,40680.0,"Comedy, Family, Romance",22.0,Series,TV-PG,145.0,Mild,None,Mild,Mild,None
The Lovely Bones,2009.0,6.7,164126.0,"Drama, Fantasy, Thriller",135.0,Film,PG-13,-1.0,Mild,Moderate,Mild,Mild,Moderate
Oculus,2013.0,6.5,122621.0,"Horror, Mystery",104.0,Film,R,-1.0,Mild,Severe,Mild,None,Severe
Into the Wild,2007.0,8.1,595966.0,"Adventure, Biography, Drama",148.0,Film,R,-1.0,Moderate,Mild,Mild,Mild,Moderate
The Newsroom,2007.0,8.6,109313.0,Drama,55.0,Series,TV-MA,25.0,None,None,Moderate,Mild,Mild
The Ring,2002.0,7.1,333806.0,"Horror, Mystery",115.0,Film,PG-13,-1.0,Mild,Moderate,Moderate,Mild,Severe
Brokeback Mountain,2005.0,7.7,339299.0,"Drama, Romance",134.0,Film,R,-1.0,Severe,Moderate,Moderate,Mild,Moderate
The Cave,2005.0,5.1,37335.0,"Action, Adventure, Horror",97.0,Film,PG-13,-1.0,None,Moderate,Mild,Mild,Moderate
The Big Lebowski,1998.0,8.1,768274.0,"Comedy, Crime, Sport",117.0,Film,R,-1.0,Moderate,Mild,Severe,Moderate,Mild
Death on the Nile,2022.0,-1.0,-1.0,"Crime, Drama, Mystery",-1.0,Film,None,-1.0,No Rate,No Rate,No Rate,No Rate,No Rate
Rome,2022.0,8.7,161647.0,"Action, Drama, History",52.0,Series,TV-MA,22.0,Severe,Severe,Severe,Mild,Moderate
Adult Material,2020.0,6.8,1448.0,"Comedy, Drama, Romance",198.0,Series,TV-MA,4.0,Severe,Moderate,Severe,Moderate,Moderate
Mulholland Dr.,2001.0,7.9,338554.0,"Drama, Mystery, Thriller",147.0,Film,R,-1.0,Severe,Moderate,Mild,Mild,Severe
Fright Night,2011.0,6.4,103008.0,"Comedy, Horror",106.0,Film,R,-1.0,Mild,Severe,Moderate,Moderate,Severe
Fantastic Beasts: The Secrets of Dumbledore,2022.0,-1.0,-1.0,"Adventure, Family, Fantasy",-1.0,Film,None,-1.0,No Rate,No Rate,No Rate,No Rate,No Rate
Uncut Gems,2019.0,7.4,247210.0,"Crime, Drama, Thriller",135.0,Film,R,-1.0,Moderate,Moderate,Severe,Moderate,Severe
Miss Peregrine's Home for Peculiar Children,2016.0,6.7,163433.0,"Adventure, Drama, Family",127.0,Film,PG-13,-1.0,None,Moderate,Mild,Mild,Moderate
Hidden Figures,2016.0,7.8,212969.0,"Biography, Drama, History",127.0,Film,PG,-1.0,None,None,Mild,Mild,Mild
Cloud Atlas,2012.0,7.4,352679.0,"Action, Drama, Mystery",172.0,Film,R,-1.0,Moderate,Severe,Moderate,Mild,Moderate
Morbius,2022.0,-1.0,-1.0,"Action, Adventure, Drama",-1.0,Film,PG-13,-1.0,No Rate,No Rate,No Rate,No Rate,No Rate
Carnival Row,2022.0,7.8,52649.0,"Crime, Drama, Fantasy",56.0,Series,TV-MA,16.0,Severe,Severe,Severe,Mild,Moderate
Incendies,2010.0,8.3,163134.0,"Drama, Mystery, War",131.0,Film,R,-1.0,Mild,Moderate,Mild,None,Severe
Are You Afraid of the Dark?,2010.0,7.2,1884.0,"Adventure, Drama, Family",44.0,Series,TV-PG,10.0,None,Mild,Mild,Mild,Moderate
Bhoot Police,2021.0,7.0,22924.0,"Comedy, Horror",129.0,Film,None,-1.0,No Rate,No Rate,No Rate,No Rate,No Rate
Don't Worry Darling,2022.0,-1.0,-1.0,"Crime, Drama, Horror",-1.0,Film,None,-1.0,No Rate,No Rate,No Rate,No Rate,No Rate
Alias,2022.0,7.6,47858.0,"Action, Drama, Mystery",42.0,Series,TV-14,105.0,Mild,Moderate,Mild,Mild,Moderate
Luna Park,2022.0,6.4,278.0,"Drama, Romance",-1.0,Series,TV-MA,6.0,No Rate,No Rate,No Rate,No Rate,No Rate
Suspiria,2018.0,6.7,68836.0,"Drama, Fantasy, Horror",152.0,Film,R,-1.0,Severe,Severe,Moderate,Mild,Severe
Revenge,2018.0,7.8,116172.0,"Drama, Mystery, Thriller",44.0,Series,TV-14,90.0,Mild,Moderate,Mild,Moderate,Moderate
Monster House,2006.0,6.6,109103.0,"Animation, Comedy, Family",91.0,Film,PG,-1.0,Mild,Moderate,Mild,Mild,Moderate
Belfast,2021.0,7.7,319.0,Drama,98.0,Film,PG-13,-1.0,No Rate,No Rate,No Rate,No Rate,No Rate
The Outsider,2020.0,7.7,71704.0,"Crime, Drama, Fantasy",60.0,Series,TV-MA,10.0,Moderate,Severe,Moderate,Mild,Moderate
United States of Al,2020.0,6.2,1677.0,Comedy,30.0,Series,TV-PG,20.0,No Rate,No Rate,No Rate,No Rate,No Rate
Imposters,2020.0,7.8,12028.0,"Comedy, Crime, Drama",41.0,Series,TV-14,20.0,Moderate,Moderate,Severe,No Rate,No Rate
Bron/Broen,2020.0,8.6,62839.0,"Crime, Mystery, Thriller",60.0,Series,TV-MA,38.0,Moderate,Moderate,Mild,Moderate,Moderate
Crimson Peak,2015.0,6.5,139344.0,"Drama, Horror, Mystery",119.0,Film,R,-1.0,Moderate,Severe,Mild,Mild,Severe
Trainspotting,1996.0,8.1,657623.0,Drama,93.0,Film,R,-1.0,Severe,Moderate,Severe,Severe,Severe
Adventure Time,1996.0,8.6,84221.0,"Animation, Action, Adventure",11.0,Series,TV-PG,289.0,Mild,Moderate,Mild,None,Moderate
Black Hawk Down,2001.0,7.7,378137.0,"Drama, History, War",144.0,Film,R,-1.0,None,Severe,Moderate,Mild,Severe
Freedom Writers,2007.0,7.6,74397.0,"Biography, Crime, Drama",123.0,Film,PG-13,-1.0,None,Moderate,Mild,Mild,Mild
Extraction,2020.0,6.7,180684.0,"Action, Thriller",116.0,Film,R,-1.0,None,Severe,Moderate,Mild,Moderate
Host,2020.0,6.5,23974.0,"Horror, Mystery",57.0,Film,Not Rated,-1.0,None,Moderate,Moderate,Mild,Severe
Elvira: Mistress of the Dark,1988.0,6.6,16669.0,"Comedy, Horror",96.0,Film,PG-13,-1.0,Mild,Mild,Mild,Mild,Mild
The Andy Griffith Show,1988.0,8.3,13475.0,"Comedy, Family",30.0,Series,TV-G,249.0,None,None,None,Mild,None
The Blues Brothers,1980.0,7.9,190627.0,"Action, Adventure, Comedy",133.0,Film,R,-1.0,Mild,Mild,Moderate,Mild,Mild
Apocalypse Now,1979.0,8.4,631489.0,"Drama, Mystery, War",147.0,Film,R,-1.0,Moderate,Severe,Severe,Moderate,Severe
My Life Is Murder,1979.0,7.6,2176.0,"Comedy, Crime, Drama",60.0,Series,TV-14,20.0,No Rate,No Rate,Moderate,No Rate,No Rate
Bad Sport,1979.0,7.3,505.0,"Documentary, Crime, Mystery",55.0,Series,TV-MA,6.0,No Rate,No Rate,No Rate,No Rate,No Rate
Almost Famous,2000.0,7.9,265586.0,"Adventure, Comedy, Drama",122.0,Film,R,-1.0,Moderate,Mild,Moderate,Moderate,Mild
Coming Home in the Dark,2021.0,5.7,1121.0,"Horror, Thriller",93.0,Film,None,-1.0,No Rate,No Rate,No Rate,No Rate,No Rate
The Great,2021.0,8.1,23480.0,"Biography, Comedy, Drama",45.0,Series,TV-MA,20.0,Moderate,Moderate,Severe,Moderate,Mild
V for Vendetta,2005.0,8.1,1068862.0,"Action, Drama, Sci-Fi",132.0,Film,R,-1.0,Mild,Severe,Moderate,Mild,Moderate
Guardians of the Galaxy Vol. 2,2017.0,7.6,613520.0,"Action, Adventure, Comedy",136.0,Film,PG-13,-1.0,Mild,Moderate,Mild,Mild,Moderate
Ang-ma-reul bo-at-da,2010.0,7.8,120357.0,"Action, Crime, Drama",144.0,Film,Not Rated,-1.0,Severe,Severe,Severe,Mild,Severe
Palm Springs,2020.0,7.4,133085.0,"Comedy, Fantasy, Mystery",90.0,Film,R,-1.0,Moderate,Mild,Severe,Moderate,None
The Mask,1994.0,6.9,363923.0,"Action, Comedy, Crime",101.0,Film,PG-13,-1.0,Mild,Mild,Mild,Mild,Mild
Ford v Ferrari,2019.0,8.1,338233.0,"Action, Biography, Drama",152.0,Film,PG-13,-1.0,None,Mild,Moderate,Mild,Mild
Braveheart,1995.0,8.3,990836.0,"Biography, Drama, History",178.0,Film,R,-1.0,Moderate,Severe,Moderate,Mild,Severe
From Dusk Till Dawn,1996.0,7.2,299197.0,"Action, Crime, Horror",108.0,Film,R,-1.0,Moderate,Severe,Severe,Moderate,Severe
Veep,1996.0,8.3,49492.0,Comedy,28.0,Series,TV-MA,65.0,Mild,Mild,Severe,Mild,None
Memento,2000.0,8.4,1172386.0,"Mystery, Thriller",113.0,Film,R,-1.0,Mild,Moderate,Severe,Mild,Moderate
Moana,2016.0,7.6,298541.0,"Animation, Adventure, Comedy",107.0,Film,PG,-1.0,None,Mild,None,None,Mild
Kingsman: The Golden Circle,2017.0,6.7,293541.0,"Action, Adventure, Comedy",141.0,Film,R,-1.0,Moderate,Severe,Severe,Moderate,Mild
The Lion King,1994.0,8.5,986883.0,"Animation, Adventure, Drama",88.0,Film,G,-1.0,None,Mild,None,None,Moderate
The Way Way Back,2013.0,7.4,144499.0,"Comedy, Drama",103.0,Film,PG-13,-1.0,Mild,None,Mild,Moderate,None
Jack Reacher,2012.0,7.0,321888.0,"Action, Thriller",130.0,Film,PG-13,-1.0,Mild,Moderate,Moderate,Moderate,Moderate
Child's Play,1988.0,6.6,94273.0,"Fantasy, Horror, Thriller",87.0,Film,R,-1.0,Mild,Moderate,Moderate,Mild,Moderate
The Hateful Eight,2015.0,7.8,553131.0,"Crime, Drama, Mystery",168.0,Film,R,-1.0,Moderate,Severe,Severe,Mild,Moderate
Respect,2021.0,6.6,6821.0,"Biography, Drama, Music",145.0,Film,PG-13,-1.0,Mild,Mild,Mild,Moderate,Moderate
The Babysitter,2017.0,6.3,82848.0,"Comedy, Horror",85.0,Film,TV-MA,-1.0,Mild,Severe,Moderate,Mild,Moderate
Fantastic Mr. Fox,2009.0,7.9,213379.0,"Animation, Adventure, Comedy",87.0,Film,PG,-1.0,None,Mild,Mild,Mild,Mild
Pretty Woman,1990.0,7.1,305051.0,"Comedy, Romance",119.0,Film,R,-1.0,Moderate,Mild,Moderate,Mild,Mild
The IT Crowd,1990.0,8.5,141410.0,Comedy,25.0,Series,TV-14,25.0,Mild,Mild,Moderate,Mild,None
Pan's Labyrinth,2006.0,8.2,640229.0,"Drama, Fantasy, War",118.0,Film,R,-1.0,None,Severe,Moderate,Mild,Severe
La La Land,2016.0,8.0,539787.0,"Comedy, Drama, Music",128.0,Film,PG-13,-1.0,None,None,Mild,None,None
Anne,2016.0,8.7,45599.0,"Drama, Family",60.0,Series,TV-PG,27.0,Mild,Mild,None,Mild,Mild
Mr. & Mrs. Smith,2005.0,6.5,468120.0,"Action, Comedy, Crime",120.0,Film,PG-13,-1.0,Moderate,Moderate,Moderate,Mild,Mild
Queen of the Damned,2002.0,5.3,54218.0,"Drama, Fantasy, Horror",101.0,Film,R,-1.0,Mild,Moderate,Mild,Mild,Moderate
Upload,2002.0,8.0,48540.0,"Comedy, Mystery, Sci-Fi",296.0,Series,TV-MA,14.0,Moderate,Moderate,Moderate,Mild,Mild
Halloween: The Curse of Michael Myers,1995.0,4.8,33723.0,"Horror, Thriller",87.0,Film,R,-1.0,Moderate,Severe,Moderate,Mild,Moderate
Rizzoli & Isles,1995.0,7.6,31610.0,"Crime, Drama, Mystery",60.0,Series,TV-14,105.0,None,Moderate,Mild,No Rate,No Rate
Luther,1995.0,8.4,128082.0,"Crime, Drama, Mystery",60.0,Series,TV-MA,21.0,Mild,Severe,Mild,Mild,Severe
The Witcher: Nightmare of the Wolf,2021.0,7.3,28915.0,"Animation, Action, Adventure",83.0,Film,TV-MA,-1.0,Mild,Severe,Mild,Mild,Moderate
Jane the Virgin,2021.0,7.8,43479.0,Comedy,60.0,Series,TV-PG,100.0,Mild,Mild,Mild,Mild,Mild
Black Clover,2021.0,8.3,14859.0,"Animation, Action, Adventure",24.0,Series,TV-PG,170.0,Mild,Moderate,Mild,Mild,Mild
Benedetta,2021.0,6.7,1757.0,"Biography, Drama, History",131.0,Film,None,-1.0,No Rate,No Rate,No Rate,No Rate,No Rate
The Equalizer,2014.0,7.2,351305.0,"Action, Crime, Thriller",132.0,Film,R,-1.0,Mild,Severe,Severe,Mild,Severe
Enemy,2013.0,6.9,179723.0,"Drama, Mystery, Thriller",91.0,Film,R,-1.0,Moderate,None,Moderate,Mild,Moderate
Departure,2013.0,7.2,13675.0,"Drama, Mystery, Thriller",45.0,Series,TV-14,13.0,Moderate,Mild,Mild,Mild,Moderate
Me Before You,2016.0,7.4,228284.0,"Drama, Romance",106.0,Film,PG-13,-1.0,Mild,None,Mild,Mild,Mild
Way Down,2021.0,6.4,17868.0,"Action, Thriller",118.0,Film,R,-1.0,None,None,Moderate,Mild,None
Level 16,2018.0,6.1,9038.0,"Drama, Sci-Fi, Thriller",102.0,Film,Not Rated,-1.0,None,Mild,None,Mild,Mild
Robin Hood: Prince of Thieves,1991.0,6.9,185763.0,"Action, Adventure, Drama",143.0,Film,PG-13,-1.0,Mild,Moderate,Mild,Mild,Moderate
Kaubôi bibappu,1991.0,8.9,98568.0,"Animation, Action, Adventure",24.0,Series,TV-14,26.0,Moderate,Moderate,Moderate,Moderate,Moderate
Harry Potter and the Order of the Phoenix,2007.0,7.5,536993.0,"Action, Adventure, Family",138.0,Film,PG-13,-1.0,None,Moderate,Mild,None,Moderate
Logan Lucky,2017.0,7.0,141330.0,"Action, Comedy, Crime",118.0,Film,PG-13,-1.0,None,Mild,Mild,Mild,Mild
Black Adam,2022.0,-1.0,-1.0,"Action, Fantasy, Sci-Fi",-1.0,Film,None,-1.0,No Rate,No Rate,No Rate,No Rate,No Rate
American History X,1998.0,8.5,1069951.0,Drama,119.0,Film,R,-1.0,Severe,Severe,Severe,Moderate,Severe
Grease,1978.0,7.2,254270.0,"Musical, Romance",110.0,Film,PG,-1.0,Moderate,Mild,Mild,Mild,None
Carrie,1976.0,7.4,176660.0,Horror,98.0,Film,R,-1.0,Moderate,Severe,Moderate,Mild,Severe
Dead to Me,1976.0,8.0,65044.0,"Comedy, Crime, Drama",30.0,Series,TV-MA,26.0,Mild,Mild,Severe,Moderate,Mild
Yesterday,2019.0,6.8,138614.0,"Comedy, Fantasy, Music",116.0,Film,PG-13,-1.0,Mild,Mild,Mild,Mild,None
Girls,2019.0,7.3,68012.0,"Comedy, Drama",28.0,Series,TV-MA,62.0,Severe,Mild,Severe,Moderate,Mild
Jurassic World,2015.0,7.0,602691.0,"Action, Adventure, Sci-Fi",124.0,Film,PG-13,-1.0,None,Moderate,Mild,Mild,Moderate
Knight and Day,2010.0,6.3,186692.0,"Action, Adventure, Comedy",109.0,Film,PG-13,-1.0,Mild,Moderate,Mild,Mild,Mild
The Town,2010.0,7.5,368986.0,"Crime, Drama, Thriller",125.0,Film,R,-1.0,Moderate,Moderate,Severe,Moderate,Moderate
Bridesmaids,2011.0,6.8,280704.0,"Comedy, Romance",125.0,Film,R,-1.0,Moderate,Mild,Severe,Mild,None
Road House,1989.0,6.6,67568.0,"Action, Thriller",114.0,Film,R,-1.0,Severe,Severe,Severe,Moderate,Moderate
Thunderball,1965.0,7.0,112324.0,"Action, Adventure, Thriller",130.0,Film,PG,-1.0,Mild,Moderate,None,Mild,Mild
A View to a Kill,1985.0,6.3,93278.0,"Action, Adventure, Thriller",131.0,Film,PG,-1.0,Mild,Moderate,Mild,Mild,Moderate
A Star Is Born,2018.0,7.6,357141.0,"Drama, Music, Romance",136.0,Film,R,-1.0,Moderate,Mild,Severe,Severe,Moderate
The Accountant,2016.0,7.3,278278.0,"Action, Crime, Drama",128.0,Film,R,-1.0,None,Severe,Moderate,Mild,Moderate
Mayans M.C.,2016.0,7.6,14882.0,"Crime, Drama, Thriller",60.0,Series,TV-MA,31.0,Mild,Severe,Severe,Moderate,Severe
Demonic,2021.0,4.2,2466.0,"Drama, Horror, Sci-Fi",104.0,Film,R,-1.0,None,Moderate,Moderate,Mild,Moderate
Justice League,2017.0,6.1,426527.0,"Action, Adventure, Fantasy",120.0,Film,PG-13,-1.0,None,Moderate,Mild,Mild,Mild
Cold Case,2017.0,7.6,25839.0,"Crime, Drama, Mystery",44.0,Series,TV-14,156.0,Moderate,Severe,Moderate,Severe,Severe
The Righteous Gemstones,2017.0,8.0,14759.0,"Comedy, Drama",36.0,Series,TV-MA,18.0,Severe,Mild,Moderate,Moderate,Mild
Les Misérables,2012.0,7.6,318477.0,"Drama, Musical, Romance",158.0,Film,PG-13,-1.0,Moderate,Moderate,Mild,Mild,Moderate
Irréversible,2002.0,7.4,126991.0,"Crime, Drama, Mystery",97.0,Film,Not Rated,-1.0,Severe,Severe,Severe,Moderate,Severe
Star Wars: Episode I - The Phantom Menace,1999.0,6.5,757819.0,"Action, Adventure, Fantasy",136.0,Film,PG,-1.0,None,Mild,None,None,Mild
Will & Grace,1999.0,7.2,53144.0,"Comedy, Romance",22.0,Series,TV-14,246.0,Mild,None,Mild,Mild,None
Home Alone,1990.0,7.6,509474.0,"Comedy, Family",103.0,Film,PG,-1.0,None,Mild,Mild,Mild,Mild
Malèna,2000.0,7.5,96836.0,"Comedy, Drama, Romance",108.0,Film,R,-1.0,Severe,Moderate,Moderate,Mild,Mild
Good Boys,2019.0,6.7,69025.0,"Adventure, Comedy",90.0,Film,R,-1.0,Moderate,Mild,Severe,Severe,None
Scandal,2019.0,7.7,69824.0,"Drama, Thriller",43.0,Series,TV-14,124.0,Moderate,Moderate,Mild,Mild,Moderate
The Truman Show,1998.0,8.1,993069.0,"Comedy, Drama",103.0,Film,PG,-1.0,None,None,Mild,Mild,Mild
Never Say Never Again,1983.0,6.2,65088.0,"Action, Adventure, Thriller",134.0,Film,PG,-1.0,Mild,Mild,Mild,Mild,Mild
Maleficent: Mistress of Evil,2019.0,6.6,94901.0,"Adventure, Family, Fantasy",119.0,Film,PG,-1.0,None,Mild,None,None,Mild
The Love Boat,2019.0,6.1,10352.0,"Comedy, Drama, Romance",60.0,Series,TV-G,250.0,No Rate,No Rate,No Rate,No Rate,No Rate
Happy Endings,2019.0,7.7,36499.0,"Comedy, Romance",22.0,Series,TV-14,58.0,Mild,None,Moderate,Moderate,None
Murder on the Orient Express,2017.0,6.5,224999.0,"Crime, Drama, Mystery",114.0,Film,PG-13,-1.0,None,Moderate,Mild,Mild,Moderate
Burn Notice,2017.0,7.9,70896.0,"Action, Crime, Drama",44.0,Series,TV-PG,111.0,Mild,Moderate,Mild,Moderate,Moderate
Harry Potter and the Deathly Hallows: Part 1,2010.0,7.7,504707.0,"Adventure, Fantasy, Mystery",146.0,Film,PG-13,-1.0,Mild,Moderate,Mild,Mild,Moderate
Children of the Corn,1984.0,5.6,49998.0,"Horror, Thriller",92.0,Film,R,-1.0,None,Severe,Mild,Mild,Moderate
After Life,1984.0,8.4,94866.0,"Comedy, Drama",30.0,Series,TV-MA,18.0,None,Mild,Severe,Moderate,None
The Deuce,1984.0,8.1,26693.0,Drama,60.0,Series,TV-MA,25.0,Severe,Moderate,Severe,Severe,Mild
Possession,1981.0,7.4,28205.0,"Drama, Horror",124.0,Film,R,-1.0,Moderate,Severe,Moderate,Mild,Severe
Servant,1981.0,7.5,26066.0,"Drama, Horror, Mystery",30.0,Series,TV-MA,30.0,Moderate,Mild,Moderate,Mild,Moderate
Mission: Impossible - Fallout,2018.0,7.7,309105.0,"Action, Adventure, Thriller",147.0,Film,PG-13,-1.0,None,Moderate,Moderate,None,Moderate
Gods of Egypt,2016.0,5.4,111599.0,"Action, Adventure, Fantasy",127.0,Film,PG-13,-1.0,Mild,Moderate,None,None,Mild
Basic Instinct,1992.0,7.0,189556.0,"Drama, Mystery, Thriller",127.0,Film,R,-1.0,Severe,Severe,Severe,Severe,Moderate
Wild Wild West,1999.0,4.9,156694.0,"Action, Comedy, Sci-Fi",106.0,Film,PG-13,-1.0,Moderate,Moderate,Moderate,Mild,Mild
Independence Day,1996.0,7.0,550363.0,"Action, Adventure, Sci-Fi",145.0,Film,PG-13,-1.0,Mild,Moderate,Moderate,Mild,Moderate
Girl in the Basement,2021.0,6.4,5524.0,"Crime, Thriller",88.0,Film,TV-14,-1.0,Mild,Moderate,None,None,Moderate
Extracurricular,2020.0,7.7,4363.0,"Crime, Drama",50.0,Series,TV-MA,10.0,Mild,Moderate,Severe,Moderate,Moderate
Good Omens,2019.0,8.1,67625.0,"Comedy, Fantasy",328.0,Series,TV-MA,12.0,Mild,Mild,Mild,Mild,Mild
Kimetsu no Yaiba: Mugen Ressha-Hen,2020.0,8.3,37945.0,"Animation, Action, Adventure",117.0,Film,None,-1.0,No Rate,No Rate,No Rate,No Rate,No Rate
3rd Rock from the Sun,2020.0,7.7,49671.0,"Comedy, Family, Sci-Fi",60.0,Series,TV-PG,139.0,Mild,None,Mild,Mild,None
Younger,2020.0,7.8,21078.0,"Comedy, Romance",22.0,Series,TV-14,84.0,Moderate,None,Mild,Moderate,None
Jumanji: Welcome to the Jungle,2017.0,6.9,346284.0,"Action, Adventure, Comedy",119.0,Film,PG-13,-1.0,Mild,Mild,Mild,Mild,Mild
Shadowplay,2017.0,7.1,3784.0,"Drama, Thriller",45.0,Series,TV-MA,8.0,Mild,Severe,Severe,Moderate,Severe
The Texas Chainsaw Massacre,2003.0,6.2,135560.0,"Crime, Horror",98.0,Film,R,-1.0,Mild,Severe,Severe,Moderate,Severe
Lewis,2003.0,8.0,11826.0,"Crime, Drama, Mystery",90.0,Series,TV-PG,42.0,Moderate,Mild,None,Mild,Mild
Merlin,2003.0,7.9,77192.0,"Adventure, Drama, Fantasy",45.0,Series,TV-PG,65.0,None,Mild,None,Mild,Mild
The Woman in the Window,2021.0,5.7,63070.0,"Crime, Drama, Mystery",100.0,Film,R,-1.0,None,Moderate,Moderate,Moderate,Moderate
X-Men,2000.0,7.4,589260.0,"Action, Adventure, Sci-Fi",104.0,Film,PG-13,-1.0,Mild,Moderate,Mild,Mild,Moderate
Signs,2002.0,6.7,349098.0,"Drama, Mystery, Sci-Fi",106.0,Film,PG-13,-1.0,None,Moderate,Mild,Mild,Moderate
Gravity Falls,2002.0,8.9,86333.0,"Animation, Action, Adventure",23.0,Series,TV-Y7,40.0,None,Mild,Mild,None,Moderate
Scooby-Doo,2002.0,5.2,105533.0,"Adventure, Comedy, Family",89.0,Film,PG,-1.0,Mild,Mild,Mild,Mild,Mild
The Tender Bar,2021.0,7.4,76.0,Drama,104.0,Film,R,-1.0,No Rate,No Rate,No Rate,No Rate,No Rate
Sin City,2005.0,8.0,750738.0,"Crime, Thriller",124.0,Film,R,-1.0,Moderate,Severe,Moderate,Moderate,Severe
Fury,2014.0,7.6,451968.0,"Action, Drama, War",134.0,Film,R,-1.0,Mild,Severe,Severe,Mild,Severe
Hagane no renkinjutsushi,2014.0,9.1,140390.0,"Animation, Action, Adventure",24.0,Series,TV-14,69.0,Mild,Severe,Mild,Mild,Severe
A Nightmare on Elm Street Part 2: Freddy's Revenge,1985.0,5.5,65363.0,Horror,87.0,Film,R,-1.0,Mild,Severe,Moderate,Mild,Moderate
Batman v Superman: Dawn of Justice,2016.0,6.4,665851.0,"Action, Adventure, Sci-Fi",152.0,Film,PG-13,-1.0,Mild,Moderate,Moderate,Mild,Moderate
The Lord of the Rings: The Two Towers,2002.0,8.7,1550497.0,"Action, Adventure, Drama",179.0,Film,PG-13,-1.0,None,Moderate,None,Mild,Moderate
The Magnificent Seven,2016.0,6.9,199943.0,"Action, Adventure, Western",132.0,Film,PG-13,-1.0,Mild,Moderate,Mild,Mild,Moderate
JoJo no kimyô-na bôken,2016.0,8.4,14660.0,"Animation, Action, Adventure",30.0,Series,TV-MA,157.0,Moderate,Severe,Moderate,Moderate,Severe
Oblivion,2013.0,7.0,502671.0,"Action, Adventure, Sci-Fi",124.0,Film,PG-13,-1.0,Mild,Moderate,Mild,Mild,Mild
The League,2013.0,8.2,45879.0,"Comedy, Sport",22.0,Series,TV-MA,84.0,Moderate,Mild,Moderate,Moderate,None
Ich bin dein Mensch,2021.0,7.2,1528.0,"Comedy, Romance, Sci-Fi",108.0,Film,R,-1.0,Moderate,No Rate,Moderate,No Rate,No Rate
Q-Force,2021.0,6.3,3527.0,"Animation, Action, Adventure",30.0,Series,TV-MA,10.0,Severe,Mild,Severe,Mild,None
That '80s Show,2002.0,4.8,2114.0,Comedy,30.0,Series,TV-PG,13.0,Moderate,None,Mild,Moderate,No Rate
The Tudors,2002.0,8.1,71362.0,"Drama, History, Romance",60.0,Series,TV-MA,38.0,Severe,Severe,Moderate,Mild,Moderate
Skins,2002.0,8.2,78539.0,Drama,46.0,Series,TV-MA,61.0,Severe,Moderate,Severe,Severe,Moderate
Star Wars: The Bad Batch,2002.0,8.0,20242.0,"Animation, Action, Adventure",-1.0,Series,TV-PG,17.0,None,Moderate,None,None,Mild
The Spy Who Loved Me,1977.0,7.1,103630.0,"Action, Adventure, Thriller",125.0,Film,PG,-1.0,Mild,Moderate,Mild,Mild,Mild
Jagten,2012.0,8.3,304947.0,Drama,115.0,Film,R,-1.0,Moderate,Moderate,Moderate,Mild,Moderate
Grown Ups 2,2013.0,5.4,146810.0,Comedy,101.0,Film,PG-13,-1.0,Moderate,Mild,Moderate,Mild,None
The Conjuring 2,2016.0,7.3,249635.0,"Horror, Mystery, Thriller",134.0,Film,R,-1.0,None,Moderate,Mild,Mild,Severe
Tombstone,1993.0,7.8,136620.0,"Action, Biography, Drama",130.0,Film,R,-1.0,Mild,Moderate,Mild,Moderate,Moderate
Mr Inbetween,1993.0,8.6,11878.0,"Crime, Drama",30.0,Series,TV-MA,26.0,Mild,Severe,Severe,Moderate,Moderate
Legion,1993.0,8.2,86101.0,"Action, Drama, Sci-Fi",60.0,Series,TV-MA,27.0,Moderate,Moderate,Mild,Moderate,Moderate
Fantastic Beasts: The Crimes of Grindelwald,2018.0,6.5,239768.0,"Adventure, Family, Fantasy",134.0,Film,PG-13,-1.0,None,Moderate,Mild,Mild,Moderate
Labyrinth,1986.0,7.4,129944.0,"Adventure, Family, Fantasy",101.0,Film,PG,-1.0,None,Mild,Mild,None,Mild
Super 8,2011.0,7.0,346199.0,"Mystery, Sci-Fi, Thriller",112.0,Film,PG-13,-1.0,None,Moderate,Moderate,Mild,Moderate
The Midnight Club,2011.0,-1.0,-1.0,"Drama, Horror, Mystery",-1.0,Series,None,10.0,No Rate,No Rate,No Rate,No Rate,No Rate
Love Actually,2003.0,7.6,448625.0,"Comedy, Drama, Romance",135.0,Film,R,-1.0,Moderate,None,Moderate,Mild,Mild
Agatha Christie's Marple,2003.0,7.8,7249.0,"Crime, Drama, Mystery",93.0,Series,TV-14,23.0,Mild,Mild,None,Mild,Moderate
Willy's Wonderland,2021.0,5.5,21180.0,"Action, Comedy, Horror",88.0,Film,TV-MA,-1.0,Mild,Severe,Moderate,Mild,Moderate
The Faculty,1998.0,6.5,116887.0,"Horror, Mystery, Sci-Fi",104.0,Film,R,-1.0,Mild,Severe,Severe,Moderate,Moderate
The Pianist,2002.0,8.5,773575.0,"Biography, Drama, Music",150.0,Film,(Banned),-1.0,None,Severe,Mild,Mild,Severe
Salinui chueok,2003.0,8.1,160172.0,"Crime, Drama, Mystery",131.0,Film,Not Rated,-1.0,Moderate,Moderate,Moderate,Mild,Moderate
Harry Potter and the Half-Blood Prince,2009.0,7.6,501363.0,"Action, Adventure, Family",153.0,Film,PG,-1.0,None,Moderate,Mild,Mild,Moderate
Kim's Convenience,2009.0,8.2,14126.0,Comedy,22.0,Series,TV-14,65.0,Mild,None,Mild,Mild,None
Heroes,2009.0,7.5,234272.0,"Drama, Fantasy, Sci-Fi",45.0,Series,TV-14,78.0,Mild,Severe,Moderate,Moderate,Severe
Q,2011.0,5.5,6680.0,"Drama, Romance",103.0,Film,Not Rated,-1.0,Severe,Mild,Moderate,Moderate,Mild
The Glass Wall,1953.0,6.9,928.0,"Drama, Film-Noir",82.0,Film,Approved,-1.0,No Rate,No Rate,No Rate,No Rate,No Rate
The Devil's Advocate,1997.0,7.5,348744.0,"Drama, Mystery, Thriller",144.0,Film,R,-1.0,Severe,Severe,Severe,Moderate,Severe
Jessica Jones,1997.0,7.9,200880.0,"Action, Crime, Drama",56.0,Series,TV-MA,39.0,Moderate,Moderate,Moderate,Moderate,Moderate
Cruel Intentions,1999.0,6.8,185784.0,"Drama, Romance",97.0,Film,R,-1.0,Moderate,Mild,Moderate,Moderate,None
The Hunger Games: Catching Fire,2013.0,7.5,634465.0,"Action, Drama, Mystery",146.0,Film,PG-13,-1.0,Mild,Moderate,Mild,Mild,Moderate
Veronica Mars,2013.0,8.3,69649.0,"Crime, Drama, Mystery",44.0,Series,TV-14,72.0,Moderate,Mild,Mild,Moderate,Moderate
Bates Motel,2013.0,8.1,102066.0,"Drama, Horror, Mystery",45.0,Series,TV-MA,50.0,Moderate,Severe,Moderate,Moderate,Severe
Love on the Spectrum,2013.0,8.6,4403.0,"Documentary, Reality-TV, Romance",45.0,Series,TV-14,11.0,No Rate,No Rate,No Rate,No Rate,No Rate
Binsenjo,2013.0,8.5,10279.0,"Comedy, Crime, Romance",80.0,Series,Not Rated,21.0,None,Severe,Mild,Mild,Severe
The Book of Boba Fett,2013.0,-1.0,-1.0,"Action, Adventure, Sci-Fi",-1.0,Series,None,8.0,No Rate,No Rate,No Rate,No Rate,No Rate
Crazy Rich Asians,2018.0,6.9,156523.0,"Comedy, Drama, Romance",120.0,Film,PG-13,-1.0,Mild,None,Mild,Mild,None
Reservoir Dogs,1992.0,8.3,960882.0,"Crime, Drama, Thriller",99.0,Film,R,-1.0,Mild,Severe,Severe,Mild,Moderate
Alma's Not Normal,1992.0,8.0,632.0,Comedy,28.0,Series,None,7.0,No Rate,No Rate,No Rate,No Rate,No Rate
I Care a Lot,2020.0,6.3,115825.0,"Comedy, Crime, Thriller",118.0,Film,R,-1.0,Mild,Mild,Severe,Mild,Mild
Zombieland,2009.0,7.6,543896.0,"Adventure, Comedy, Fantasy",88.0,Film,R,-1.0,Mild,Severe,Moderate,Moderate,Moderate
The Empty Man,2020.0,6.1,19531.0,"Horror, Mystery, Thriller",137.0,Film,R,-1.0,Moderate,Severe,Moderate,Moderate,Moderate
V/H/S,2012.0,5.8,59654.0,"Horror, Thriller",116.0,Film,R,-1.0,Severe,Severe,Severe,Moderate,Severe
Monster Hunter,2020.0,5.3,47782.0,"Action, Adventure, Fantasy",103.0,Film,PG-13,-1.0,None,Moderate,Mild,None,Moderate
Motherless Brooklyn,2019.0,6.8,51085.0,"Crime, Drama, Mystery",144.0,Film,R,-1.0,None,Moderate,Severe,Moderate,Mild
Her,2013.0,8.0,569643.0,"Drama, Romance, Sci-Fi",126.0,Film,R,-1.0,Moderate,None,Severe,Mild,None
Captain America: Civil War,2016.0,7.8,711887.0,"Action, Adventure, Sci-Fi",147.0,Film,PG-13,-1.0,None,Moderate,Mild,Mild,Moderate
Everybody Loves Raymond,2016.0,7.1,66871.0,Comedy,22.0,Series,TV-PG,210.0,Mild,Mild,Mild,Mild,None
Bombshell,2019.0,6.8,103589.0,"Biography, Drama",109.0,Film,R,-1.0,Mild,None,Moderate,None,Mild
Pirates of the Caribbean: Dead Men Tell No Tales,2017.0,6.5,281909.0,"Action, Adventure, Fantasy",129.0,Film,PG-13,-1.0,Mild,Moderate,Mild,Mild,Moderate
The Closer,2017.0,7.6,24259.0,"Crime, Drama, Mystery",46.0,Series,TV-14,109.0,Moderate,Moderate,Moderate,Moderate,Mild
6 Underground,2019.0,6.1,155099.0,"Action, Thriller",128.0,Film,R,-1.0,Moderate,Severe,Severe,Mild,Severe
Insidious,2010.0,6.8,292636.0,"Horror, Mystery, Thriller",103.0,Film,PG-13,-1.0,None,Mild,Mild,None,Severe
Beauty and the Beast,2017.0,7.1,289282.0,"Adventure, Family, Fantasy",129.0,Film,PG,-1.0,None,Mild,None,Mild,Mild
Secretary,2002.0,7.0,88090.0,"Comedy, Drama, Romance",107.0,Film,R,-1.0,Severe,Moderate,Moderate,Moderate,Moderate
An American Werewolf in London,1981.0,7.5,99655.0,"Comedy, Horror",97.0,Film,R,-1.0,Moderate,Severe,Moderate,Mild,Severe
Jurassic World: Fallen Kingdom,2018.0,6.2,284218.0,"Action, Adventure, Sci-Fi",128.0,Film,PG-13,-1.0,None,Moderate,Mild,Mild,Moderate
Legend,2015.0,6.9,167565.0,"Biography, Crime, Drama",132.0,Film,R,-1.0,Mild,Severe,Severe,Moderate,Moderate
Werewolves Within,2021.0,6.0,9310.0,"Comedy, Horror",97.0,Film,R,-1.0,None,Moderate,Moderate,Mild,Moderate
National Lampoon's Animal House,1978.0,7.5,116601.0,Comedy,109.0,Film,R,-1.0,Moderate,Mild,Moderate,Moderate,None
The Haunting,1999.0,5.0,74101.0,"Fantasy, Horror, Mystery",113.0,Film,PG-13,-1.0,None,Moderate,Mild,None,Moderate
Lady Bird,2017.0,7.4,262122.0,"Comedy, Drama",94.0,Film,R,-1.0,Moderate,None,Moderate,Mild,None
Ghostbusters,2016.0,6.5,213425.0,"Action, Comedy, Fantasy",117.0,Film,PG-13,-1.0,Mild,Mild,Mild,Mild,Mild
Alien: Covenant,2017.0,6.4,266421.0,"Horror, Sci-Fi, Thriller",122.0,Film,R,-1.0,Mild,Severe,Severe,Mild,Severe
Sa-rang-eui bul-sa-chak,2017.0,8.7,19138.0,"Adventure, Comedy, Romance",70.0,Series,TV-14,19.0,None,Mild,Mild,Mild,Mild
Diamonds Are Forever,1971.0,6.6,101298.0,"Action, Adventure, Thriller",120.0,Film,GP,-1.0,Mild,Moderate,Mild,Mild,Moderate
The Strangers,2008.0,6.2,124628.0,"Horror, Mystery, Thriller",86.0,Film,R,-1.0,Mild,Severe,Moderate,Mild,Severe
Annihilation,2018.0,6.8,299235.0,"Adventure, Drama, Horror",115.0,Film,R,-1.0,Mild,Severe,Moderate,Mild,Severe
Mr. Mercedes,2018.0,7.8,19250.0,"Crime, Drama, Mystery",60.0,Series,TV-MA,30.0,Moderate,Severe,Severe,Moderate,Severe
Safe House,2012.0,6.7,215694.0,"Action, Thriller",115.0,Film,R,-1.0,Mild,Severe,Moderate,Mild,Moderate
Harley Quinn,2012.0,8.5,19404.0,"Animation, Action, Adventure",23.0,Series,TV-MA,27.0,Mild,Severe,Severe,Moderate,Moderate
Batman,1989.0,7.5,352836.0,"Action, Adventure",126.0,Film,PG-13,-1.0,Mild,Moderate,Mild,Mild,Moderate
Romeo + Juliet,1996.0,6.7,218911.0,"Drama, Romance",120.0,Film,PG-13,-1.0,Mild,Moderate,None,Moderate,Moderate
The Twilight Saga: Breaking Dawn - Part 2,2012.0,5.5,239785.0,"Adventure, Drama, Fantasy",115.0,Film,PG-13,-1.0,Moderate,Severe,Mild,None,Moderate
Terminator 2: Judgment Day,1991.0,8.5,1036534.0,"Action, Sci-Fi",137.0,Film,R,-1.0,Mild,Moderate,Moderate,Mild,Moderate
The Affair,1991.0,7.9,42952.0,Drama,60.0,Series,TV-MA,53.0,Severe,Moderate,Moderate,Moderate,Mild
Dead Poets Society,1989.0,8.1,450878.0,"Comedy, Drama",128.0,Film,PG,-1.0,Mild,Mild,Mild,Mild,Moderate
Gremlins,1984.0,7.3,208469.0,"Comedy, Fantasy, Horror",106.0,Film,PG,-1.0,None,Moderate,Mild,Mild,Moderate
Doctor Who,1984.0,8.4,36451.0,"Adventure, Drama, Family",45.0,Series,TV-PG,696.0,None,Moderate,Mild,Mild,Moderate
The Babadook,2014.0,6.8,208551.0,"Drama, Horror, Mystery",94.0,Film,Not Rated,-1.0,Mild,Moderate,Mild,None,Severe
Idiocracy,2006.0,6.6,153563.0,"Adventure, Comedy, Sci-Fi",84.0,Film,R,-1.0,Mild,Mild,Severe,Moderate,Mild
Red Sparrow,2018.0,6.6,176235.0,"Action, Drama, Thriller",140.0,Film,R,-1.0,Severe,Severe,Severe,Moderate,Severe
Stargate: Atlantis,2018.0,8.1,63512.0,"Action, Adventure, Drama",44.0,Series,TV-PG,99.0,None,Moderate,Mild,None,Mild
Resident Evil,2002.0,6.7,257886.0,"Action, Horror, Sci-Fi",100.0,Film,R,-1.0,Mild,Severe,Moderate,None,Moderate
Doc Martin,2002.0,8.3,14098.0,"Comedy, Drama, Romance",46.0,Series,TV-14,71.0,Mild,Mild,Mild,Mild,Mild
Casino,1995.0,8.2,489633.0,"Crime, Drama",178.0,Film,R,-1.0,Moderate,Severe,Severe,Moderate,Severe
Hellraiser,2022.0,-1.0,-1.0,"Horror, Thriller",-1.0,Film,None,-1.0,No Rate,No Rate,No Rate,No Rate,No Rate
The Owl House,2022.0,8.2,6139.0,"Animation, Short, Action",22.0,Series,TV-Y7-FV,43.0,None,Mild,None,None,Mild
Life,2017.0,6.6,217612.0,"Horror, Sci-Fi, Thriller",104.0,Film,R,-1.0,None,Moderate,Moderate,None,Severe
Flight,2012.0,7.3,338701.0,"Drama, Thriller",138.0,Film,R,-1.0,Severe,Moderate,Severe,Severe,Moderate
Final Destination 3,2006.0,5.8,135910.0,"Horror, Mystery, Thriller",93.0,Film,R,-1.0,Moderate,Severe,Severe,None,Severe
Office Space,1999.0,7.7,252755.0,Comedy,89.0,Film,R,-1.0,Mild,None,Moderate,Mild,None
Cruel Summer,1999.0,7.5,10578.0,"Drama, Mystery, Thriller",45.0,Series,TV-14,11.0,Mild,Mild,Mild,Mild,Mild
Darkest Hour,2017.0,7.4,186414.0,"Biography, Drama, History",125.0,Film,PG-13,-1.0,None,Mild,Mild,Moderate,Mild
Lovecraft Country,2020.0,7.1,36249.0,"Drama, Fantasy, Horror",60.0,Series,TV-MA,10.0,Severe,Severe,Moderate,Moderate,Severe
Salò o le 120 giornate di Sodoma,1975.0,5.9,57264.0,"Drama, Horror",117.0,Film,Not Rated,-1.0,Severe,Severe,Severe,Mild,Severe
Interview with the Vampire: The Vampire Chronicles,1994.0,7.5,304969.0,"Drama, Horror",123.0,Film,R,-1.0,Moderate,Severe,Mild,Mild,Severe
Boku no Hero Academia: World Heroes Mission,2021.0,7.8,449.0,"Animation, Action, Adventure",104.0,Film,None,-1.0,No Rate,No Rate,No Rate,No Rate,No Rate
Law & Order: Criminal Intent,2021.0,7.4,24157.0,"Crime, Drama, Mystery",60.0,Series,TV-14,195.0,Mild,Mild,None,Mild,Moderate
Tell Me Your Secrets,2021.0,7.4,7641.0,"Crime, Drama, Mystery",-1.0,Series,TV-14,10.0,Mild,No Rate,Mild,None,No Rate
The Last Letter from Your Lover,2021.0,6.7,12083.0,"Drama, Romance",110.0,Film,TV-MA,-1.0,Mild,None,Mild,Mild,None
The Intouchables,2011.0,8.5,799654.0,"Biography, Comedy, Drama",112.0,Film,R,-1.0,Mild,Mild,Moderate,Moderate,Mild
The Magicians,2011.0,7.6,46959.0,"Drama, Fantasy, Mystery",60.0,Series,TV-14,65.0,Mild,Moderate,Severe,Severe,Moderate
The Fog,1980.0,6.8,69031.0,"Horror, Thriller",89.0,Film,R,-1.0,None,Moderate,Mild,Mild,Moderate
Body of Lies,2008.0,7.1,220568.0,"Action, Drama, Thriller",128.0,Film,R,-1.0,Mild,Severe,Moderate,Mild,Severe
Boy Meets World,2008.0,8.0,40624.0,"Comedy, Drama, Family",23.0,Series,TV-G,158.0,Mild,Mild,Mild,Mild,Mild
Cidade de Deus,2002.0,8.6,723680.0,"Crime, Drama",130.0,Film,R,-1.0,Moderate,Severe,Severe,Severe,Severe
Unfaithful,2002.0,6.7,84350.0,"Drama, Romance, Thriller",124.0,Film,R,-1.0,Severe,Moderate,Moderate,Mild,Moderate
X-Men Origins: Wolverine,2009.0,6.6,483128.0,"Action, Sci-Fi",107.0,Film,PG-13,-1.0,Mild,Moderate,Mild,Mild,Moderate
Gangs of London,2009.0,8.1,25111.0,"Action, Crime, Drama",-1.0,Series,TV-MA,17.0,Moderate,Severe,Moderate,Severe,Severe
The Fresh Prince of Bel-Air,2009.0,7.9,126998.0,Comedy,22.0,Series,TV-PG,148.0,Mild,Mild,Mild,Mild,None
Star Wars: Episode VII - The Force Awakens,2015.0,7.8,886828.0,"Action, Adventure, Sci-Fi",138.0,Film,PG-13,-1.0,None,Moderate,Mild,None,Moderate
The Fast and the Furious: Tokyo Drift,2006.0,6.0,258007.0,"Action, Crime, Thriller",104.0,Film,PG-13,-1.0,Mild,Moderate,Mild,Mild,Moderate
Ant-Man,2015.0,7.3,609889.0,"Action, Adventure, Comedy",117.0,Film,PG-13,-1.0,None,Mild,Mild,Mild,Mild
Your Honor,2015.0,7.6,39369.0,"Crime, Drama, Thriller",57.0,Series,TV-MA,11.0,Mild,Severe,Mild,Mild,Severe
Minari,2020.0,7.5,61889.0,Drama,115.0,Film,PG-13,-1.0,None,None,Mild,Mild,Mild
The Strain,2020.0,7.3,77922.0,"Drama, Fantasy, Horror",43.0,Series,TV-MA,46.0,Mild,Severe,Moderate,Moderate,Severe
Final Destination 2,2003.0,6.2,159109.0,"Horror, Thriller",90.0,Film,R,-1.0,Moderate,Severe,Moderate,Moderate,Moderate
"Three Billboards Outside Ebbing, Missouri",2017.0,8.1,468173.0,"Comedy, Crime, Drama",115.0,Film,R,-1.0,Mild,Moderate,Severe,Moderate,Moderate
Rogue One,2016.0,7.8,582140.0,"Action, Adventure, Sci-Fi",133.0,Film,PG-13,-1.0,None,Moderate,None,None,Moderate
Now You See Me,2013.0,7.2,622412.0,"Crime, Mystery, Thriller",115.0,Film,PG-13,-1.0,Mild,Mild,Mild,Mild,Mild
American Hustle,2013.0,7.2,462992.0,"Crime, Drama",138.0,Film,R,-1.0,Moderate,Mild,Severe,Moderate,Mild
The Reader,2008.0,7.6,236664.0,"Drama, Romance",124.0,Film,R,-1.0,Severe,None,Mild,Mild,Mild
Captain Fantastic,2016.0,7.9,205967.0,"Comedy, Drama",118.0,Film,R,-1.0,Moderate,Moderate,Moderate,Mild,Mild
A Beautiful Mind,2001.0,8.2,883637.0,"Biography, Drama",135.0,Film,PG-13,-1.0,Mild,Mild,Mild,Mild,Moderate
10 Things I Hate About You,1999.0,7.3,315247.0,"Comedy, Drama, Romance",97.0,Film,PG-13,-1.0,Mild,Mild,Mild,Mild,None
The Witches of Eastwick,1987.0,6.6,66202.0,"Comedy, Fantasy, Horror",118.0,Film,R,-1.0,Mild,Mild,Moderate,Mild,Mild
Just Beyond,1987.0,5.8,414.0,"Comedy, Fantasy, Horror",24.0,Series,TV-PG,8.0,No Rate,Mild,No Rate,No Rate,Mild
Fantastic Beasts and Where to Find Them,2016.0,7.3,429713.0,"Adventure, Family, Fantasy",132.0,Film,PG-13,-1.0,None,Moderate,Mild,Mild,Moderate
Mulan,2020.0,5.7,136564.0,"Action, Adventure, Drama",115.0,Film,PG-13,-1.0,None,Mild,None,None,Mild
About Time,2013.0,7.8,323864.0,"Comedy, Drama, Fantasy",123.0,Film,R,-1.0,Mild,Mild,Moderate,Mild,Mild
The Ghost and Molly McGee,2013.0,8.1,205.0,"Animation, Short, Adventure",22.0,Series,TV-Y7,7.0,None,No Rate,No Rate,No Rate,No Rate
Fate: The Winx Saga,2013.0,6.9,33150.0,"Action, Adventure, Drama",-1.0,Series,TV-MA,14.0,Mild,Moderate,Moderate,Moderate,Moderate
Hit and Run,2021.0,7.1,6963.0,"Action, Crime, Drama",-1.0,Series,TV-MA,9.0,Mild,Moderate,Mild,Mild,Mild
Ferris Bueller's Day Off,1986.0,7.8,336717.0,Comedy,103.0,Film,PG-13,-1.0,Mild,Mild,Moderate,Mild,Mild
When Calls the Heart,1986.0,8.1,11716.0,"Drama, Family, Romance",43.0,Series,TV-G,87.0,None,None,None,Mild,Mild
Big Mouth,1986.0,7.9,63265.0,"Animation, Comedy, Romance",30.0,Series,TV-MA,45.0,Severe,Mild,Severe,Mild,None
Travelers,1986.0,8.1,50720.0,"Drama, Mystery, Sci-Fi",45.0,Series,TV-MA,34.0,Mild,Mild,Moderate,Moderate,Mild
Californication,1986.0,8.3,175443.0,"Comedy, Drama",28.0,Series,TV-MA,84.0,Severe,Mild,Severe,Severe,None
Scream Queens,1986.0,7.1,37728.0,"Comedy, Horror, Mystery",45.0,Series,TV-14,23.0,Moderate,Severe,Moderate,Mild,Moderate
Lara Croft: Tomb Raider,2001.0,5.8,204276.0,"Action, Adventure, Fantasy",100.0,Film,PG-13,-1.0,Mild,Moderate,Mild,Mild,Mild
Attack of the Hollywood Cliches!,2021.0,6.1,2137.0,"Documentary, Comedy",58.0,Film,TV-MA,-1.0,Moderate,Mild,Moderate,No Rate,Mild
Full Metal Jacket,1987.0,8.3,703407.0,"Drama, War",116.0,Film,R,-1.0,Mild,Severe,Severe,Mild,Severe
Ratched,1987.0,7.3,47207.0,"Crime, Drama, Mystery",-1.0,Series,TV-MA,18.0,Moderate,Severe,Mild,Mild,Severe
RED,2010.0,7.0,299106.0,"Action, Comedy, Crime",111.0,Film,PG-13,-1.0,Mild,Moderate,Moderate,Mild,Moderate
The Game,1997.0,7.7,370750.0,"Action, Drama, Mystery",129.0,Film,R,-1.0,Mild,Mild,Moderate,Mild,Moderate
The New Mutants,2020.0,5.3,67155.0,"Action, Horror, Mystery",94.0,Film,PG-13,-1.0,Mild,Moderate,Moderate,Mild,Moderate
Aladdin,2019.0,6.9,245698.0,"Adventure, Comedy, Family",128.0,Film,PG,-1.0,None,Mild,None,None,Mild
Fast & Furious Presents: Hobbs & Shaw,2019.0,6.4,194931.0,"Action, Adventure, Thriller",137.0,Film,PG-13,-1.0,Mild,Moderate,Moderate,Mild,Moderate
Ouija: Origin of Evil,2016.0,6.2,58020.0,"Drama, Horror, Mystery",99.0,Film,PG-13,-1.0,None,Moderate,Mild,Mild,Severe
Shazam!,2019.0,7.0,296642.0,"Action, Adventure, Comedy",132.0,Film,PG-13,-1.0,None,Moderate,Mild,Mild,Moderate
Road to Perdition,2002.0,7.7,257655.0,"Crime, Drama, Thriller",117.0,Film,R,-1.0,Mild,Moderate,Moderate,Mild,Moderate
Home Again,2017.0,5.8,30703.0,"Comedy, Drama, Romance",97.0,Film,PG-13,-1.0,Mild,Mild,Mild,Mild,None
The Human Centipede (First Sequence),2009.0,4.4,76180.0,Horror,92.0,Film,R,-1.0,Moderate,Severe,Severe,Moderate,Severe
Batman & Robin,1997.0,3.8,241590.0,"Action, Sci-Fi",125.0,Film,PG-13,-1.0,Mild,Mild,Mild,Mild,Mild
You Only Live Twice,1967.0,6.9,103911.0,"Action, Adventure, Thriller",117.0,Film,PG,-1.0,Mild,Moderate,Mild,Mild,Mild
The Shield,1967.0,8.7,76366.0,"Crime, Drama, Thriller",47.0,Series,TV-MA,89.0,Moderate,Severe,Moderate,Severe,Severe
The Breakfast Club,1985.0,7.8,373312.0,"Comedy, Drama",97.0,Film,R,-1.0,Mild,Mild,Moderate,Moderate,None
Aftermath,2021.0,5.3,12053.0,"Drama, Horror, Mystery",114.0,Film,TV-MA,-1.0,Mild,Moderate,Moderate,Mild,Moderate
Predator,1987.0,7.8,388411.0,"Action, Adventure, Sci-Fi",107.0,Film,R,-1.0,None,Severe,Moderate,Mild,Moderate
Father Brown,1987.0,7.7,9196.0,"Crime, Drama, Mystery",52.0,Series,TV-PG,95.0,Mild,Mild,Mild,Moderate,Mild
True Romance,1993.0,7.9,217377.0,"Crime, Drama, Romance",119.0,Film,R,-1.0,Moderate,Severe,Severe,Severe,Severe
Southpaw,2015.0,7.4,226759.0,"Action, Crime, Drama",124.0,Film,R,-1.0,Mild,Moderate,Severe,Mild,Moderate
Reba,2015.0,6.6,14309.0,"Comedy, Drama",30.0,Series,TV-PG,125.0,Mild,None,Mild,Mild,None
Firebase,2017.0,7.1,3912.0,"Short, Horror, Sci-Fi",27.0,Film,Not Rated,-1.0,None,Severe,Moderate,No Rate,No Rate
The Imitation Game,2014.0,8.0,719930.0,"Biography, Drama, Thriller",114.0,Film,PG-13,-1.0,Mild,Mild,Mild,Mild,Mild
Greenland,2020.0,6.4,100856.0,"Action, Drama, Thriller",119.0,Film,PG-13,-1.0,None,Moderate,Mild,None,Moderate
Hairspray,2007.0,6.7,124390.0,"Comedy, Drama, Musical",117.0,Film,PG,-1.0,Mild,None,Mild,Mild,Mild
Ghost,1990.0,7.1,206313.0,"Drama, Fantasy, Romance",127.0,Film,PG-13,-1.0,Mild,Moderate,Moderate,None,Moderate
Armageddon,1998.0,6.7,408801.0,"Action, Adventure, Sci-Fi",151.0,Film,PG-13,-1.0,Mild,Moderate,Moderate,Mild,Moderate
Havoc,2022.0,-1.0,-1.0,"Action, Thriller",-1.0,Film,None,-1.0,No Rate,No Rate,No Rate,No Rate,No Rate
Starship Troopers,1997.0,7.2,280324.0,"Action, Adventure, Sci-Fi",129.0,Film,R,-1.0,Moderate,Severe,Mild,Mild,Severe
Freddy vs. Jason,2003.0,5.7,114924.0,"Action, Horror",97.0,Film,R,-1.0,Moderate,Severe,Severe,Moderate,Severe
Mrs. Doubtfire,1993.0,7.0,256622.0,"Comedy, Drama, Family",125.0,Film,PG-13,-1.0,Mild,Mild,Moderate,Mild,None
Frozen,2013.0,7.4,593439.0,"Animation, Adventure, Comedy",102.0,Film,PG,-1.0,None,Mild,None,None,Mild
Happy Gilmore,1996.0,7.0,209266.0,"Comedy, Sport",92.0,Film,PG-13,-1.0,Mild,Mild,Moderate,Mild,None
Poldark,1996.0,8.3,28390.0,"Drama, History, Romance",60.0,Series,TV-14,43.0,Mild,Mild,Mild,Mild,Mild
Blood & Water,1996.0,6.5,2610.0,"Drama, Mystery",53.0,Series,TV-MA,13.0,Moderate,None,Mild,Moderate,No Rate
Big Trouble in Little China,1986.0,7.3,131632.0,"Action, Adventure, Comedy",99.0,Film,PG-13,-1.0,Mild,Moderate,Moderate,Mild,Moderate
The Blind Side,2009.0,7.6,309095.0,"Biography, Drama, Sport",129.0,Film,PG-13,-1.0,Mild,Mild,Mild,Mild,Mild
The Mist,2007.0,7.1,291982.0,"Horror, Sci-Fi, Thriller",126.0,Film,R,-1.0,None,Severe,Moderate,Mild,Severe
King Richard,2021.0,6.7,250.0,"Biography, Drama, Sport",138.0,Film,PG-13,-1.0,Mild,Mild,Moderate,Mild,Moderate
The Terminal,2004.0,7.4,429358.0,"Comedy, Drama, Romance",128.0,Film,PG-13,-1.0,Mild,None,Mild,Mild,None
Scream,2004.0,7.1,37042.0,"Comedy, Crime, Drama",45.0,Series,TV-14,29.0,Moderate,Severe,Mild,Mild,Moderate
Schmigadoon!,2004.0,7.3,6207.0,"Comedy, Musical",30.0,Series,TV-14,6.0,Mild,None,Mild,None,None
Thor: The Dark World,2013.0,6.8,630536.0,"Action, Adventure, Fantasy",112.0,Film,PG-13,-1.0,Mild,Moderate,Mild,None,Moderate
Zygote,2017.0,7.2,4465.0,"Short, Horror, Sci-Fi",23.0,Film,Not Rated,-1.0,None,Severe,Moderate,No Rate,No Rate
The Graduate,1967.0,8.0,263718.0,"Comedy, Drama, Romance",106.0,Film,PG,-1.0,Moderate,Mild,Mild,Mild,Mild
El juego de las llaves,1967.0,6.7,1484.0,"Drama, Romance",30.0,Series,TV-MA,19.0,Moderate,No Rate,No Rate,No Rate,No Rate
Octopussy,1983.0,6.5,101261.0,"Action, Adventure, Thriller",131.0,Film,PG,-1.0,Moderate,Moderate,Mild,Mild,Mild
Stand by Me,1986.0,8.1,381082.0,"Adventure, Drama",89.0,Film,R,-1.0,Mild,Mild,Moderate,Mild,Moderate
Total Recall,1990.0,7.5,315381.0,"Action, Sci-Fi, Thriller",113.0,Film,R,-1.0,Moderate,Severe,Moderate,None,Severe
The Mother,2003.0,6.8,4189.0,"Drama, Romance",112.0,Film,R,-1.0,Moderate,Mild,Moderate,Moderate,Mild
Midnight in Paris,2011.0,7.7,403980.0,"Comedy, Fantasy, Romance",94.0,Film,PG-13,-1.0,Mild,None,Mild,Mild,None
The Terminator,1984.0,8.0,822248.0,"Action, Sci-Fi",107.0,Film,R,-1.0,Moderate,Moderate,Moderate,Mild,Moderate
The Fast and the Furious,2001.0,6.8,368789.0,"Action, Crime, Thriller",106.0,Film,PG-13,-1.0,Moderate,Moderate,Moderate,Mild,Mild
Enola Holmes,2020.0,6.6,150248.0,"Action, Adventure, Crime",123.0,Film,PG-13,-1.0,None,Mild,None,None,Mild
King of the Hill,2020.0,7.3,48428.0,"Animation, Comedy, Drama",30.0,Series,TV-PG,258.0,Mild,None,Mild,Moderate,None
Not Another Teen Movie,2001.0,5.7,101791.0,Comedy,89.0,Film,R,-1.0,Severe,Moderate,Moderate,Moderate,None
Twin Peaks,2017.0,8.5,62089.0,"Crime, Drama, Fantasy",60.0,Series,TV-MA,18.0,Moderate,Severe,Severe,Moderate,Severe
Clarkson's Farm,2017.0,9.1,23812.0,"Documentary, Reality-TV",45.0,Series,TV-PG,9.0,None,Mild,Moderate,Mild,None
The Rite,2011.0,6.0,94364.0,"Drama, Horror, Mystery",114.0,Film,PG-13,-1.0,Mild,Moderate,Mild,None,Moderate
21 Jump Street,2012.0,7.2,528589.0,"Action, Comedy, Crime",109.0,Film,R,-1.0,Moderate,Moderate,Severe,Severe,Mild
Star Wars: Episode VIII - The Last Jedi,2017.0,6.9,590531.0,"Action, Adventure, Fantasy",152.0,Film,PG-13,-1.0,None,Moderate,Mild,Mild,Moderate
The Killing of a Sacred Deer,2017.0,7.0,136351.0,"Drama, Horror, Mystery",121.0,Film,R,-1.0,Moderate,Moderate,Mild,Mild,Severe
Colony,2017.0,7.4,33588.0,"Action, Adventure, Drama",42.0,Series,TV-14,36.0,Mild,Moderate,Moderate,No Rate,Moderate
Lucy,2014.0,6.4,468355.0,"Action, Sci-Fi, Thriller",89.0,Film,R,-1.0,Mild,Severe,Mild,Moderate,Moderate
Derry Girls,2014.0,8.4,25707.0,Comedy,30.0,Series,TV-MA,13.0,None,None,Moderate,Mild,None
Black Panther: Wakanda Forever,2022.0,-1.0,-1.0,"Action, Adventure, Drama",-1.0,Film,None,-1.0,No Rate,No Rate,No Rate,No Rate,No Rate
Blood Red Sky,2021.0,6.1,38932.0,"Action, Horror, Thriller",121.0,Film,TV-MA,-1.0,None,Severe,Severe,Mild,Severe
You Belong to Me,2021.0,5.3,3539.0,"Drama, Mystery, Thriller",105.0,Film,R,-1.0,Mild,Moderate,Mild,Mild,Mild
American Gangster,2007.0,7.8,407369.0,"Biography, Crime, Drama",157.0,Film,R,-1.0,Severe,Severe,Severe,Severe,Severe
Dolittle,2020.0,5.6,55368.0,"Adventure, Comedy, Family",101.0,Film,PG,-1.0,None,None,None,None,Mild
Dark Phoenix,2019.0,5.7,170773.0,"Action, Adventure, Sci-Fi",113.0,Film,PG-13,-1.0,None,Moderate,Mild,Mild,Moderate
The Shape of Water,2017.0,7.3,394482.0,"Adventure, Drama, Fantasy",123.0,Film,R,-1.0,Severe,Severe,Moderate,Mild,Moderate
Survivor,2017.0,7.3,23175.0,"Adventure, Game-Show, Reality-TV",60.0,Series,TV-PG,609.0,Mild,Mild,Mild,Mild,Mild
The Hunt for Red October,1990.0,7.6,189008.0,"Action, Adventure, Thriller",135.0,Film,PG,-1.0,None,Mild,Mild,Mild,Mild
The Monster Squad,1987.0,7.0,30822.0,"Action, Comedy, Fantasy",79.0,Film,PG-13,-1.0,Mild,Mild,Moderate,Mild,Mild
The Mindy Project,1987.0,7.4,30142.0,Comedy,30.0,Series,TV-14,117.0,Moderate,None,Mild,Mild,No Rate
Divergent,2014.0,6.6,440217.0,"Action, Adventure, Mystery",139.0,Film,PG-13,-1.0,Mild,Moderate,Mild,None,Moderate
L.A.'s Finest,2014.0,6.1,6383.0,"Action, Comedy, Crime",60.0,Series,TV-14,26.0,Mild,Moderate,Moderate,Moderate,Moderate
Unforgiven,1992.0,8.2,392997.0,"Drama, Western",130.0,Film,R,-1.0,Moderate,Moderate,Moderate,Mild,Moderate
Taskmaster,1992.0,9.0,8872.0,"Comedy, Game-Show",60.0,Series,TV-14,117.0,Mild,None,Moderate,None,None
The Marksman,2021.0,5.6,23041.0,"Action, Drama, Thriller",108.0,Film,PG-13,-1.0,None,Moderate,Moderate,Mild,Moderate
Parenthood,2021.0,8.2,32833.0,"Comedy, Drama",60.0,Series,TV-PG,103.0,Mild,Mild,Mild,Moderate,Mild
Fighting with My Family,2019.0,7.1,74761.0,"Biography, Comedy, Drama",108.0,Film,PG-13,-1.0,Mild,Mild,Mild,Mild,None
Penny Dreadful,2019.0,8.2,116460.0,"Drama, Fantasy, Horror",60.0,Series,TV-MA,27.0,Severe,Severe,Severe,Severe,Severe
Planet of the Apes,2001.0,5.7,214997.0,"Action, Adventure, Sci-Fi",119.0,Film,PG-13,-1.0,Mild,Moderate,Mild,Mild,Mild
Army of Darkness,1992.0,7.5,168896.0,"Comedy, Horror",81.0,Film,R,-1.0,Mild,Moderate,Mild,None,Mild
Run,2020.0,6.7,60144.0,"Mystery, Thriller",90.0,Film,PG-13,-1.0,None,Mild,Mild,Mild,Moderate
World War Z,2013.0,7.0,627735.0,"Action, Adventure, Horror",116.0,Film,PG-13,-1.0,None,Moderate,Mild,Mild,Moderate
Underworld,2003.0,7.0,260948.0,"Action, Fantasy, Thriller",121.0,Film,R,-1.0,Mild,Severe,Moderate,Mild,Severe
Spotlight,2015.0,8.1,443922.0,"Biography, Crime, Drama",129.0,Film,R,-1.0,Mild,Mild,Moderate,Mild,Moderate
Bellbottom,2021.0,6.2,18108.0,"Action, Thriller",123.0,Film,None,-1.0,No Rate,No Rate,No Rate,No Rate,No Rate
Baki,2021.0,6.7,4754.0,"Animation, Action, Drama",45.0,Series,TV-MA,39.0,Moderate,Severe,Mild,Mild,Moderate
Atlanta,2021.0,8.6,58326.0,"Comedy, Drama, Music",30.0,Series,TV-MA,39.0,Mild,Moderate,Severe,Moderate,Mild
The Blair Witch Project,1999.0,6.5,244656.0,"Horror, Mystery",81.0,Film,R,-1.0,None,Mild,Severe,Mild,Severe
Beckett,2021.0,5.6,21794.0,"Action, Crime, Drama",110.0,Film,TV-MA,-1.0,Mild,Moderate,Moderate,Mild,Mild
One Punch Man: Wanpanman,2021.0,8.8,133779.0,"Animation, Action, Comedy",24.0,Series,TV-PG,25.0,Mild,Moderate,Mild,Mild,Mild
Iron Man Three,2013.0,7.1,793632.0,"Action, Adventure, Sci-Fi",130.0,Film,PG-13,-1.0,Mild,Moderate,Mild,Mild,Moderate
Do-ga-ni,2011.0,8.1,13284.0,Drama,125.0,Film,Not Rated,-1.0,Severe,Severe,Mild,Mild,Severe
Dave,2011.0,8.3,15304.0,"Comedy, Music",30.0,Series,TV-MA,20.0,Moderate,Mild,Severe,Moderate,None
The Ranch,2011.0,7.5,35793.0,"Comedy, Drama, Western",30.0,Series,TV-MA,80.0,Mild,None,Severe,Moderate,None
Sweet Home Alabama,2002.0,6.2,107480.0,"Comedy, Romance",108.0,Film,PG-13,-1.0,None,None,Mild,Mild,Mild
Natural Born Killers,1994.0,7.3,225207.0,"Action, Crime, Drama",118.0,Film,R,-1.0,Moderate,Severe,Severe,Moderate,Severe
Wild Things,1998.0,6.5,114853.0,"Crime, Drama, Mystery",108.0,Film,R,-1.0,Severe,Moderate,Severe,Moderate,Mild
Castle Rock,1998.0,7.6,41820.0,"Drama, Fantasy, Horror",60.0,Series,TV-MA,20.0,Moderate,Severe,Moderate,Mild,Severe
Forbrydelsen,1998.0,8.4,25942.0,"Crime, Drama, Mystery",57.0,Series,TV-MA,40.0,Mild,Moderate,Mild,Mild,Moderate
JAG,1998.0,6.6,17409.0,"Action, Crime, Drama",60.0,Series,TV-14,227.0,Mild,Moderate,Mild,Mild,Mild
Shadowhunters: The Mortal Instruments,1998.0,6.6,57588.0,"Action, Drama, Fantasy",42.0,Series,TV-14,55.0,Mild,Moderate,None,Mild,Moderate
Dirty John,1998.0,7.2,19007.0,"Crime, Drama",44.0,Series,TV-14,16.0,Mild,Mild,Mild,Mild,Moderate
The Terror,1998.0,7.9,41518.0,"Adventure, Drama, History",60.0,Series,TV-14,20.0,Mild,Severe,Mild,Mild,Severe
Fargo,1996.0,8.1,644973.0,"Crime, Drama, Thriller",98.0,Film,R,-1.0,Moderate,Severe,Severe,Mild,Moderate
"Love, Victor",1996.0,8.1,12263.0,"Comedy, Drama, Romance",30.0,Series,TV-14,21.0,Mild,None,Mild,Mild,None
The Help,2011.0,8.0,440341.0,Drama,146.0,Film,PG-13,-1.0,None,Mild,Mild,Mild,Mild
Munich,2005.0,7.5,219774.0,"Action, Drama, History",164.0,Film,R,-1.0,Moderate,Severe,Moderate,Mild,Severe
I Spit on Your Grave,2010.0,6.3,80557.0,"Horror, Thriller",108.0,Film,R,-1.0,Severe,Severe,Severe,Moderate,Severe
Terminator: Dark Fate,2019.0,6.2,163583.0,"Action, Adventure, Sci-Fi",128.0,Film,R,-1.0,Mild,Moderate,Moderate,Mild,Moderate
Alice in Wonderland,2010.0,6.4,396924.0,"Adventure, Family, Fantasy",108.0,Film,PG,-1.0,None,Moderate,None,Mild,Moderate
Queens,2010.0,-1.0,-1.0,"Drama, Music",-1.0,Series,None,6.0,No Rate,No Rate,No Rate,No Rate,No Rate
All About Eve,1950.0,8.2,126291.0,Drama,138.0,Film,Passed,-1.0,None,None,None,Moderate,None
Things Heard & Seen,2021.0,5.3,26809.0,"Drama, Horror, Mystery",121.0,Film,TV-MA,-1.0,Mild,Moderate,Moderate,Mild,Moderate
Paradise Hills,2019.0,5.4,21145.0,"Fantasy, Sci-Fi, Thriller",95.0,Film,TV-14,-1.0,Mild,Mild,Mild,Mild,Mild
Martyrs,2008.0,7.1,88087.0,Horror,99.0,Film,R,-1.0,Moderate,Severe,Mild,Mild,Severe
Zootopia,2016.0,8.0,460226.0,"Animation, Adventure, Comedy",108.0,Film,PG,-1.0,None,Mild,None,Mild,Mild
Ghost in the Shell,2017.0,6.3,206127.0,"Action, Crime, Drama",107.0,Film,PG-13,-1.0,Mild,Moderate,Mild,Mild,Mild
Vikings: Valhalla,2017.0,-1.0,-1.0,"Action, Adventure, Drama",-1.0,Series,None,24.0,No Rate,No Rate,No Rate,No Rate,No Rate
Midnight,2021.0,6.6,871.0,Thriller,103.0,Film,None,-1.0,No Rate,No Rate,No Rate,No Rate,No Rate
The Turning,2020.0,3.8,11947.0,"Drama, Horror, Mystery",94.0,Film,PG-13,-1.0,Mild,Moderate,Mild,None,Moderate
Baywatch,2017.0,5.5,174777.0,"Action, Comedy, Crime",116.0,Film,R,-1.0,Moderate,Moderate,Severe,Mild,Mild
That Thing You Do!,1996.0,6.9,65575.0,"Comedy, Drama, Music",108.0,Film,PG,-1.0,Mild,None,Mild,Mild,None
The L Word,1996.0,7.6,25328.0,"Drama, Romance",50.0,Series,TV-MA,70.0,Severe,None,Moderate,Moderate,Mild
Under the Skin,2013.0,6.3,136184.0,"Drama, Horror, Sci-Fi",108.0,Film,R,-1.0,Severe,Moderate,Mild,Mild,Severe
A Mouthful of Air,2021.0,-1.0,-1.0,Drama,-1.0,Film,R,-1.0,No Rate,No Rate,No Rate,No Rate,No Rate
Blush,2021.0,7.7,767.0,"Animation, Short, Sci-Fi",11.0,Film,PG,-1.0,None,None,None,None,Mild
New Tricks,2021.0,7.8,6214.0,"Comedy, Crime, Drama",60.0,Series,TV-14,107.0,No Rate,No Rate,No Rate,No Rate,No Rate
Dallas,2021.0,7.0,13719.0,"Drama, Romance",60.0,Series,TV-PG,356.0,No Rate,No Rate,No Rate,No Rate,No Rate
The Devil Wears Prada,2006.0,6.9,391489.0,"Comedy, Drama",109.0,Film,PG-13,-1.0,Mild,None,Mild,Mild,None
John Wick: Chapter 2,2017.0,7.5,395905.0,"Action, Crime, Thriller",122.0,Film,R,-1.0,Mild,Severe,Moderate,Mild,Severe
My Cousin Vinny,1992.0,7.6,115033.0,"Comedy, Crime",120.0,Film,R,-1.0,Mild,Mild,Moderate,Mild,None
For Your Eyes Only,1981.0,6.7,96673.0,"Action, Adventure, Thriller",127.0,Film,PG,-1.0,Mild,Moderate,None,Mild,Mild
Silver Linings Playbook,2012.0,7.7,682108.0,"Comedy, Drama, Romance",122.0,Film,R,-1.0,Mild,Mild,Severe,Mild,Mild
Road Trip,2000.0,6.4,163615.0,Comedy,93.0,Film,R,-1.0,Moderate,Mild,Moderate,Moderate,None
Point Break,1991.0,7.3,169670.0,"Action, Crime, Thriller",122.0,Film,R,-1.0,Mild,Moderate,Severe,Mild,Moderate
Roseanne,1991.0,7.0,41387.0,"Comedy, Drama",21.0,Series,TV-PG,230.0,Mild,Mild,Mild,Mild,Mild
The Untouchables,1987.0,7.9,295516.0,"Crime, Drama, Thriller",119.0,Film,R,-1.0,None,Severe,Moderate,Mild,Moderate
Crooked House,2017.0,6.3,21361.0,"Crime, Drama, Mystery",115.0,Film,PG-13,-1.0,None,Mild,Mild,Moderate,Mild
The Wizard of Oz,1939.0,8.0,380235.0,"Adventure, Family, Fantasy",102.0,Film,G,-1.0,None,Mild,None,None,Mild
Cinderella,2015.0,6.9,169105.0,"Adventure, Drama, Family",105.0,Film,PG,-1.0,None,None,None,None,Mild
A Bridge Too Far,1977.0,7.4,54645.0,"Drama, History, War",175.0,Film,PG,-1.0,None,Moderate,Moderate,Mild,Moderate
The Mitchells vs the Machines,2021.0,7.7,76940.0,"Animation, Adventure, Comedy",113.0,Film,PG,-1.0,None,Mild,None,None,Mild
Blade,1998.0,7.1,257516.0,"Action, Horror, Sci-Fi",120.0,Film,R,-1.0,Mild,Severe,Severe,Moderate,Moderate
The Final Girls,2015.0,6.6,42736.0,"Comedy, Drama, Fantasy",91.0,Film,PG-13,-1.0,Mild,Moderate,Moderate,Mild,Mild
Casino Royale,1967.0,5.1,28917.0,Comedy,131.0,Film,Approved,-1.0,Mild,Mild,Mild,Mild,None
Fear of Rain,2021.0,5.9,5536.0,"Drama, Horror, Thriller",109.0,Film,PG-13,-1.0,None,Mild,Mild,Mild,Severe
Kimi no na wa.,2016.0,8.4,226939.0,"Animation, Drama, Fantasy",106.0,Film,TV-PG,-1.0,Mild,None,None,Mild,Mild
The House That Jack Built,2018.0,6.8,66537.0,"Crime, Drama, Horror",152.0,Film,R,-1.0,Moderate,Severe,Severe,Mild,Severe
Coal Miner's Daughter,1980.0,7.5,17809.0,"Biography, Drama, Music",124.0,Film,PG,-1.0,Mild,Mild,Moderate,Mild,Moderate
Just Mercy,2019.0,7.6,57183.0,"Biography, Crime, Drama",137.0,Film,PG-13,-1.0,None,Mild,Mild,Mild,Moderate
Scream 3,2000.0,5.6,129243.0,"Horror, Mystery",116.0,Film,R,-1.0,Mild,Severe,Moderate,Mild,Severe
Eiffel,2021.0,6.4,325.0,"Biography, Drama, History",108.0,Film,None,-1.0,No Rate,No Rate,No Rate,No Rate,No Rate
Verdens verste menneske,2021.0,8.2,1023.0,"Comedy, Drama",127.0,Film,None,-1.0,No Rate,No Rate,No Rate,No Rate,No Rate
Ocean's Eleven,2001.0,7.7,540659.0,"Crime, Thriller",116.0,Film,PG-13,-1.0,Mild,Mild,Moderate,Mild,Mild
Major Dad,2001.0,6.4,2443.0,"Comedy, Family",30.0,Series,None,96.0,No Rate,No Rate,No Rate,No Rate,No Rate
Bad Boys,1995.0,6.9,251286.0,"Action, Comedy, Crime",119.0,Film,R,-1.0,Mild,Moderate,Severe,Moderate,Moderate
The Ritual,2017.0,6.3,87392.0,"Horror, Mystery, Thriller",94.0,Film,TV-MA,-1.0,Mild,Severe,Severe,Mild,Severe
Ratatouille,2007.0,8.0,671712.0,"Animation, Adventure, Comedy",111.0,Film,G,-1.0,None,Mild,None,Mild,Mild
Inspector Morse,2007.0,8.2,11095.0,"Crime, Drama, Mystery",100.0,Series,TV-14,33.0,Moderate,Severe,Mild,Mild,Moderate
Underwater,2020.0,5.8,72580.0,"Adventure, Horror, Sci-Fi",95.0,Film,PG-13,-1.0,None,Moderate,Mild,None,Moderate
La vita è bella,1997.0,8.6,654219.0,"Comedy, Drama, Romance",116.0,Film,PG-13,-1.0,None,Mild,None,Mild,Moderate
Van Helsing,1997.0,6.2,20576.0,"Action, Drama, Fantasy",43.0,Series,TV-14,65.0,Mild,Severe,Moderate,Mild,Severe
Bud Abbott Lou Costello Meet Frankenstein,1948.0,7.4,16974.0,"Comedy, Family, Fantasy",83.0,Film,Not Rated,-1.0,None,Mild,None,Mild,Mild
"Monsters, Inc.",2001.0,8.1,853277.0,"Animation, Adventure, Comedy",92.0,Film,G,-1.0,None,Mild,None,None,Mild
Back to Life,2001.0,7.5,4249.0,"Comedy, Drama",30.0,Series,TV-MA,12.0,Moderate,Moderate,Severe,Mild,Mild
Falling for Figaro,2020.0,6.1,263.0,"Comedy, Romance",104.0,Film,None,-1.0,No Rate,No Rate,No Rate,No Rate,No Rate
Sonic the Hedgehog,2020.0,6.5,106840.0,"Action, Adventure, Comedy",99.0,Film,PG,-1.0,None,Mild,Mild,Mild,Mild
Scouts Guide to the Zombie Apocalypse,2015.0,6.3,48670.0,"Action, Comedy, Horror",93.0,Film,R,-1.0,Severe,Severe,Severe,Mild,Moderate
Fast Times at Ridgemont High,1982.0,7.2,100284.0,"Comedy, Drama",90.0,Film,R,-1.0,Severe,Mild,Moderate,Moderate,None
C'mon C'mon,2021.0,8.0,229.0,Drama,108.0,Film,R,-1.0,No Rate,No Rate,Severe,No Rate,Severe
The Karate Kid,1984.0,7.3,208969.0,"Action, Drama, Family",126.0,Film,PG,-1.0,None,Mild,Mild,Mild,Mild
Commando,1985.0,6.7,153193.0,"Action, Adventure, Thriller",90.0,Film,R,-1.0,Mild,Severe,Moderate,Mild,Moderate
Evil Dead,2013.0,6.5,163319.0,Horror,91.0,Film,R,-1.0,Mild,Severe,Severe,Mild,Severe
Amphibia,2013.0,8.1,3342.0,"Animation, Action, Adventure",23.0,Series,TV-Y7,45.0,None,Mild,None,None,Mild
The Perks of Being a Wallflower,2012.0,7.9,482833.0,"Drama, Romance",103.0,Film,PG-13,-1.0,Mild,Mild,Moderate,Moderate,Moderate
The Man from U.N.C.L.E.,2015.0,7.3,291228.0,"Action, Adventure, Comedy",116.0,Film,PG-13,-1.0,Mild,Moderate,Mild,Mild,Mild
Room,2015.0,8.1,394244.0,"Drama, Thriller",118.0,Film,R,-1.0,Mild,Mild,Moderate,Mild,Moderate
District 9,2009.0,7.9,656442.0,"Action, Sci-Fi, Thriller",112.0,Film,R,-1.0,Mild,Severe,Severe,Mild,Severe
Degrassi: The Next Generation,2009.0,7.4,12723.0,"Drama, Romance",30.0,Series,TV-PG,385.0,Mild,Moderate,Mild,Moderate,Moderate
"Magnum, P.I.",2009.0,7.5,23800.0,"Action, Adventure, Crime",48.0,Series,TV-PG,158.0,Mild,Moderate,Mild,Mild,Mild
Kingdom of Heaven,2005.0,7.2,276066.0,"Action, Adventure, Drama",144.0,Film,R,-1.0,Mild,Severe,Mild,Mild,Moderate
Cosmic Sin,2021.0,2.5,10329.0,"Action, Adventure, Sci-Fi",88.0,Film,R,-1.0,Mild,Moderate,Moderate,Mild,Moderate
G.I. Joe: The Rise of Cobra,2009.0,5.8,204827.0,"Action, Adventure, Sci-Fi",118.0,Film,PG-13,-1.0,None,Moderate,Mild,Mild,Mild
Event Horizon,1997.0,6.7,168940.0,"Horror, Sci-Fi, Thriller",96.0,Film,R,-1.0,Moderate,Severe,Moderate,Mild,Severe
Hunters,1997.0,7.2,35064.0,"Crime, Drama, Mystery",60.0,Series,TV-MA,20.0,Moderate,Severe,Severe,Mild,Severe
Friday the 13th Part 2,1981.0,6.1,63824.0,"Horror, Mystery, Thriller",87.0,Film,R,-1.0,Moderate,Severe,Moderate,Mild,Severe
For Life,1981.0,7.7,5719.0,"Biography, Crime, Drama",43.0,Series,TV-14,23.0,Mild,Mild,Severe,Mild,Mild
The Girlfriend Experience,1981.0,7.0,10068.0,Drama,27.0,Series,TV-MA,37.0,Severe,Moderate,Moderate,Mild,None
Identity,2003.0,7.3,235927.0,"Mystery, Thriller",90.0,Film,R,-1.0,None,Severe,Moderate,None,Moderate
Warrior,2011.0,8.1,451014.0,"Action, Drama, Sport",140.0,Film,PG-13,-1.0,None,Moderate,Mild,Mild,Mild
Sleepers,1996.0,7.6,208408.0,"Crime, Drama, Thriller",147.0,Film,R,-1.0,Moderate,Severe,Moderate,Moderate,Severe
The Brokenwood Mysteries,1996.0,7.9,3529.0,"Crime, Drama, Mystery",90.0,Series,Not Rated,30.0,Mild,Mild,Mild,Mild,Mild
Superbad,2007.0,7.6,544593.0,Comedy,113.0,Film,R,-1.0,Moderate,Mild,Severe,Severe,None
The Lion King,2019.0,6.8,227258.0,"Animation, Adventure, Drama",118.0,Film,PG,-1.0,None,Mild,None,None,Moderate
The Nice Guys,2016.0,7.4,301176.0,"Action, Comedy, Crime",116.0,Film,R,-1.0,Moderate,Moderate,Severe,Moderate,Mild
War Dogs,2016.0,7.1,195267.0,"Biography, Comedy, Crime",114.0,Film,R,-1.0,Mild,Moderate,Severe,Severe,Mild
Booksmart,2019.0,7.2,107068.0,Comedy,102.0,Film,R,-1.0,Moderate,None,Severe,Moderate,None
Mystic River,2003.0,7.9,438092.0,"Crime, Drama, Mystery",138.0,Film,R,-1.0,Mild,Moderate,Severe,Mild,Moderate
Babylon,2022.0,-1.0,-1.0,Drama,-1.0,Film,None,-1.0,No Rate,No Rate,No Rate,No Rate,No Rate
Zero Dark Thirty,2012.0,7.4,286004.0,"Drama, History, Thriller",157.0,Film,R,-1.0,Mild,Severe,Severe,Mild,Severe
Baking Impossible,2012.0,6.9,251.0,"Game-Show, Reality-TV",-1.0,Series,TV-PG,8.0,No Rate,No Rate,No Rate,No Rate,No Rate
The Croods: A New Age,2020.0,7.0,33732.0,"Animation, Adventure, Comedy",95.0,Film,PG,-1.0,None,Mild,None,None,Mild
Cherry,2021.0,6.6,26446.0,"Crime, Drama",142.0,Film,R,-1.0,Moderate,Severe,Severe,Severe,Severe
Snowfall,2021.0,8.2,14115.0,"Crime, Drama",44.0,Series,TV-MA,51.0,Severe,Severe,Severe,Severe,Severe
Full House,2021.0,6.7,55148.0,"Comedy, Drama, Family",22.0,Series,TV-G,193.0,Mild,None,None,Mild,None
Nymphomaniac: Vol. I,2013.0,6.9,119998.0,Drama,117.0,Film,Not Rated,-1.0,Severe,Moderate,Severe,None,Severe
Crash,1996.0,6.4,56469.0,Drama,100.0,Film,NC-17,-1.0,Severe,Severe,Severe,Mild,Severe
A Series of Unfortunate Events,1996.0,7.8,56859.0,"Adventure, Comedy, Drama",50.0,Series,TV-PG,25.0,None,Mild,Mild,Mild,Moderate
Midnight in the Switchgrass,2021.0,4.4,3858.0,"Action, Crime, Thriller",99.0,Film,R,-1.0,Moderate,Mild,Severe,Moderate,Severe
Prey,2021.0,4.2,5584.0,"Adventure, Drama, Thriller",87.0,Film,TV-MA,-1.0,Mild,Moderate,Moderate,No Rate,No Rate
Tata muta muntii,2021.0,5.5,2584.0,"Drama, Thriller",108.0,Film,TV-MA,-1.0,None,None,None,None,Mild
Locke,2013.0,7.1,143172.0,Drama,85.0,Film,R,-1.0,None,None,Severe,Mild,Mild
The Maze Runner,2014.0,6.8,438613.0,"Action, Mystery, Sci-Fi",113.0,Film,PG-13,-1.0,None,Moderate,Mild,Mild,Moderate
Captain America: The Winter Soldier,2014.0,7.7,780201.0,"Action, Adventure, Sci-Fi",136.0,Film,PG-13,-1.0,None,Moderate,Mild,Mild,Moderate
Batman: The Animated Series,2014.0,9.0,93916.0,"Animation, Action, Adventure",23.0,Series,TV-PG,85.0,Mild,Moderate,Mild,Mild,Moderate
Ocean's Eight,2018.0,6.3,202147.0,"Action, Comedy, Crime",110.0,Film,PG-13,-1.0,Mild,None,Mild,Mild,None
Chaos,2005.0,6.5,53516.0,"Action, Crime, Drama",106.0,Film,R,-1.0,Mild,Severe,Severe,Mild,Moderate
Napoleon Dynamite,2004.0,6.9,207155.0,Comedy,96.0,Film,PG,-1.0,Mild,Mild,None,None,None
Tinker Tailor Soldier Spy,2011.0,7.1,194386.0,"Drama, Mystery, Thriller",122.0,Film,R,-1.0,Moderate,Severe,Moderate,Mild,Mild
Fifty Shades Freed,2018.0,4.5,60589.0,"Drama, Romance, Thriller",105.0,Film,R,-1.0,Severe,Moderate,Moderate,Mild,Mild
The Hardy Boys,2018.0,7.1,1667.0,"Adventure, Drama, Family",45.0,Series,TV-PG,23.0,None,Mild,None,None,Mild
Tremors,1990.0,7.1,129279.0,"Comedy, Horror",96.0,Film,PG-13,-1.0,None,Moderate,Moderate,Mild,Moderate
Time,1990.0,8.3,14288.0,"Crime, Drama",59.0,Series,None,3.0,No Rate,No Rate,No Rate,No Rate,No Rate
Dirilis: Ertugrul,1990.0,8.0,32886.0,"Action, Adventure, Drama",120.0,Series,TV-14,179.0,None,Moderate,None,None,Mild
Hustle,2022.0,-1.0,-1.0,"Comedy, Drama, Sport",-1.0,Film,None,-1.0,No Rate,No Rate,No Rate,No Rate,No Rate
Only Fools and Horses....,2022.0,8.9,48563.0,Comedy,95.0,Series,TV-PG,64.0,Mild,None,Mild,Mild,None
The Legend of Korra,2022.0,8.4,112152.0,"Animation, Action, Adventure",23.0,Series,TV-PG,52.0,None,Moderate,None,None,Moderate
Twelve Monkeys,1995.0,8.0,597021.0,"Mystery, Sci-Fi, Thriller",129.0,Film,R,-1.0,Mild,Moderate,Moderate,None,Moderate
Moonraker,1979.0,6.3,95957.0,"Action, Adventure, Sci-Fi",126.0,Film,PG,-1.0,Mild,Moderate,Mild,Mild,Moderate
The Curious Case of Benjamin Button,2008.0,7.8,615830.0,"Drama, Fantasy, Romance",166.0,Film,PG-13,-1.0,Moderate,Mild,Mild,Mild,Mild
Major Crimes,2008.0,7.7,13076.0,"Action, Crime, Drama",43.0,Series,Not Rated,105.0,None,Severe,Mild,Severe,Severe
Hauru no ugoku shiro,2004.0,8.2,359403.0,"Animation, Adventure, Family",119.0,Film,PG,-1.0,None,Mild,None,Mild,Mild
Strike Back,2004.0,8.2,30458.0,"Action, Drama, Thriller",45.0,Series,TV-MA,77.0,Severe,Severe,Severe,Mild,Moderate
The Thing,2011.0,6.2,126787.0,"Horror, Mystery, Sci-Fi",103.0,Film,R,-1.0,None,Severe,Severe,Mild,Severe
Remember the Titans,2000.0,7.8,205427.0,"Biography, Drama, Sport",113.0,Film,PG,-1.0,None,Mild,Mild,None,Mild
Casablanca,1942.0,8.5,544369.0,"Drama, Romance, War",102.0,Film,PG,-1.0,None,Mild,None,Mild,Mild
The Neon Demon,2016.0,6.2,89746.0,"Horror, Thriller",117.0,Film,R,-1.0,Moderate,Severe,Moderate,Mild,Severe
Don't Be a Menace to South Central While Drinking Your Juice in the Hood,1996.0,6.6,52432.0,"Comedy, Crime",89.0,Film,R,-1.0,Moderate,Moderate,Severe,Moderate,Mild
Carlito's Way,1993.0,7.9,209010.0,"Crime, Drama, Thriller",144.0,Film,R,-1.0,Moderate,Severe,Severe,Severe,Severe
Argo,2012.0,7.7,591671.0,"Biography, Drama, Thriller",120.0,Film,R,-1.0,Mild,Moderate,Severe,Mild,Moderate
Ad Astra,2019.0,6.5,215183.0,"Adventure, Drama, Mystery",123.0,Film,PG-13,-1.0,None,Moderate,Mild,None,Moderate
Tropic Thunder,2008.0,7.0,395461.0,"Action, Comedy, War",107.0,Film,R,-1.0,Mild,Severe,Severe,Moderate,Mild
"The Chronicles of Narnia: The Lion, the Witch and the Wardrobe",2005.0,6.9,379614.0,"Adventure, Family, Fantasy",143.0,Film,PG,-1.0,None,Moderate,None,None,Moderate
Happy Days,2005.0,7.4,17491.0,"Comedy, Family, Music",30.0,Series,TV-G,255.0,None,Mild,None,Mild,None
The Talented Mr. Ripley,1999.0,7.4,196652.0,"Crime, Drama, Thriller",139.0,Film,R,-1.0,Mild,Moderate,Mild,Mild,Moderate
Sherlock Holmes,2009.0,7.6,604389.0,"Action, Adventure, Mystery",128.0,Film,PG-13,-1.0,Mild,Moderate,Mild,Mild,Moderate
Sound of Metal,2019.0,7.8,106794.0,"Drama, Music",120.0,Film,R,-1.0,Mild,Mild,Moderate,Mild,Mild
Rocky,1976.0,8.1,541409.0,"Drama, Sport",120.0,Film,PG,-1.0,Mild,Moderate,Mild,Mild,Moderate
Sleepy Hollow,1976.0,7.4,58949.0,"Action, Adventure, Crime",45.0,Series,TV-14,62.0,None,Mild,Mild,Mild,Moderate
The Great North,1976.0,6.5,2265.0,"Animation, Comedy",21.0,Series,TV-14,18.0,None,Mild,Mild,Mild,None
Shaun of the Dead,2004.0,7.9,532099.0,"Comedy, Horror",99.0,Film,R,-1.0,Mild,Severe,Severe,Moderate,Moderate
Apocalypto,2006.0,7.8,300439.0,"Action, Adventure, Drama",139.0,Film,R,-1.0,Moderate,Severe,Mild,None,Severe
They Live,1988.0,7.3,120731.0,"Action, Sci-Fi, Thriller",94.0,Film,R,-1.0,Mild,Moderate,Moderate,Mild,Moderate
The Old Guard,2020.0,6.7,146923.0,"Action, Adventure, Fantasy",125.0,Film,R,-1.0,None,Severe,Moderate,Mild,Moderate
Scary Movie 3,2003.0,5.5,142190.0,Comedy,84.0,Film,PG-13,-1.0,Mild,Moderate,Moderate,Moderate,Moderate
Star Trek Beyond,2016.0,7.0,237263.0,"Action, Adventure, Sci-Fi",122.0,Film,PG-13,-1.0,None,Moderate,Mild,Mild,Moderate
Hook,1991.0,6.8,243446.0,"Adventure, Comedy, Family",142.0,Film,PG,-1.0,None,Mild,Mild,Mild,Mild
The Poseidon Adventure,1972.0,7.1,42951.0,"Action, Adventure, Drama",117.0,Film,PG,-1.0,Mild,Mild,Mild,Mild,Moderate
The Man with the Golden Gun,1974.0,6.7,100656.0,"Action, Adventure, Thriller",125.0,Film,PG,-1.0,Mild,Moderate,Mild,Mild,Moderate
Dumb and Dumber,1994.0,7.3,367326.0,Comedy,107.0,Film,PG-13,-1.0,Mild,Mild,Mild,Mild,Mild
Blake's 7,1994.0,8.0,3625.0,"Adventure, Drama, Sci-Fi",50.0,Series,Not Rated,52.0,No Rate,No Rate,No Rate,No Rate,Mild
The Time Tunnel,1994.0,7.6,3447.0,"Action, Adventure, Sci-Fi",60.0,Series,TV-PG,30.0,No Rate,No Rate,No Rate,No Rate,No Rate
Kurulus: Osman,1994.0,7.9,6737.0,"Action, Adventure, Drama",120.0,Series,TV-14,66.0,None,Mild,None,None,Moderate
Empire,1994.0,7.3,38429.0,"Drama, Music",42.0,Series,TV-14,103.0,Mild,Moderate,Moderate,Severe,Moderate
The OA,1994.0,7.8,96940.0,"Drama, Fantasy, Mystery",60.0,Series,TV-MA,16.0,Moderate,Moderate,Moderate,Mild,Moderate
Fear Street: 1666,2021.0,6.6,40835.0,"Horror, Mystery",114.0,Film,R,-1.0,Mild,Severe,Moderate,Mild,Severe
Mama,2013.0,6.2,174744.0,"Fantasy, Horror, Thriller",100.0,Film,PG-13,-1.0,Mild,Moderate,Moderate,Mild,Severe
Species,1995.0,5.8,78028.0,"Action, Horror, Sci-Fi",108.0,Film,R,-1.0,Severe,Severe,Moderate,Mild,Moderate
Bill & Ted Face the Music,2020.0,6.0,40803.0,"Adventure, Comedy, Music",91.0,Film,PG-13,-1.0,None,Mild,Mild,Mild,Mild
The Fly,1986.0,7.6,168792.0,"Drama, Horror, Sci-Fi",96.0,Film,R,-1.0,Moderate,Severe,Moderate,Mild,Severe
Misery,1990.0,7.8,196022.0,"Drama, Thriller",107.0,Film,R,-1.0,None,Severe,Moderate,Mild,Severe
Awkwafina Is Nora from Queens,1990.0,7.3,3545.0,Comedy,30.0,Series,TV-MA,20.0,Moderate,Mild,Severe,Severe,No Rate
Star Wars: Episode V - The Empire Strikes Back,1980.0,8.7,1208700.0,"Action, Adventure, Fantasy",124.0,Film,PG,-1.0,None,Mild,None,None,Moderate
EuroTrip,2004.0,6.6,203298.0,Comedy,92.0,Film,R,-1.0,Severe,Mild,Severe,Moderate,None
The Ballad of Buster Scruggs,2018.0,7.3,133890.0,"Comedy, Drama, Musical",133.0,Film,R,-1.0,Mild,Severe,Mild,Mild,Moderate
Jackie Brown,1997.0,7.5,331875.0,"Crime, Drama, Thriller",154.0,Film,R,-1.0,Mild,Moderate,Severe,Moderate,Mild
Indiana Jones and the Last Crusade,1989.0,8.2,719054.0,"Action, Adventure",127.0,Film,PG-13,-1.0,Mild,Moderate,Mild,Mild,Moderate
Equinox,1989.0,6.1,5815.0,"Drama, Fantasy, Mystery",43.0,Series,TV-MA,6.0,Moderate,Mild,Mild,Mild,Moderate
CSI: NY,1989.0,6.9,45169.0,"Action, Crime, Drama",43.0,Series,TV-14,197.0,Moderate,Moderate,Mild,Moderate,Moderate
Gran Torino,2008.0,8.1,743655.0,Drama,116.0,Film,R,-1.0,Mild,Moderate,Severe,Mild,Moderate
The Lincoln Lawyer,2011.0,7.3,225616.0,"Crime, Drama, Mystery",118.0,Film,R,-1.0,Mild,Moderate,Moderate,Moderate,Moderate
The Call,2013.0,6.7,117346.0,"Crime, Drama, Horror",96.0,Film,R,-1.0,Mild,Moderate,Moderate,Mild,Severe
Vivarium,2019.0,5.8,48110.0,"Comedy, Horror, Mystery",97.0,Film,R,-1.0,Mild,Mild,Moderate,Mild,Moderate
Batman Forever,1995.0,5.4,241869.0,"Action, Adventure",121.0,Film,PG-13,-1.0,Mild,Moderate,Mild,Mild,Mild
Angel,1983.0,5.8,3312.0,"Action, Crime, Thriller",94.0,Film,R,-1.0,Moderate,Severe,Severe,Mild,Severe
Shameless,1983.0,8.0,15938.0,"Comedy, Crime, Drama",90.0,Series,TV-MA,139.0,Severe,Moderate,Severe,Severe,Moderate
Inside Out,2015.0,8.1,656257.0,"Animation, Adventure, Comedy",95.0,Film,PG,-1.0,None,Mild,None,None,Mild
Toy Story,1995.0,8.3,929761.0,"Animation, Adventure, Comedy",81.0,Film,G,-1.0,None,Mild,None,None,Mild
My Name Is Earl,1995.0,7.7,98994.0,Comedy,22.0,Series,TV-PG,96.0,Mild,Mild,Moderate,Moderate,None
Willy Wonka & the Chocolate Factory,1971.0,7.8,188998.0,"Family, Fantasy, Musical",100.0,Film,G,-1.0,None,Mild,None,Mild,Moderate
Shrek,2001.0,7.9,640174.0,"Animation, Adventure, Comedy",90.0,Film,PG,-1.0,Mild,Mild,Mild,Mild,Mild
Child's Play,2019.0,5.7,48427.0,"Drama, Horror, Sci-Fi",90.0,Film,R,-1.0,Mild,Severe,Moderate,Mild,Severe
Battle of Britain,1969.0,7.0,21788.0,"Action, Drama, History",132.0,Film,G,-1.0,Mild,Mild,Mild,Mild,Mild
Quantum Leap,1969.0,8.1,28234.0,"Action, Adventure, Drama",60.0,Series,TV-PG,97.0,None,Mild,Mild,Mild,Mild
30 Days of Night,2007.0,6.6,170844.0,"Action, Horror, Thriller",113.0,Film,R,-1.0,None,Severe,Moderate,Mild,Severe
Bewitched,2007.0,7.6,19620.0,"Comedy, Family, Fantasy",25.0,Series,TV-G,254.0,None,Mild,None,Mild,None
Star Wars: Rebels,2007.0,8.0,36173.0,"Animation, Action, Adventure",22.0,Series,TV-Y7-FV,77.0,None,Mild,None,Mild,Mild
Le fabuleux destin d'Amélie Poulain,2001.0,8.3,726634.0,"Comedy, Romance",122.0,Film,R,-1.0,Moderate,Mild,None,Mild,None
Rush,2013.0,8.1,453966.0,"Action, Biography, Drama",123.0,Film,R,-1.0,Moderate,Mild,Moderate,Moderate,Mild
The Lodge,2019.0,6.1,39203.0,"Drama, Horror, Mystery",108.0,Film,R,-1.0,Mild,Moderate,Mild,Mild,Moderate
The Hobbit: The Desolation of Smaug,2013.0,7.8,623382.0,"Adventure, Fantasy",161.0,Film,PG-13,-1.0,None,Moderate,None,Mild,Moderate
Bird Box,2018.0,6.6,305699.0,"Horror, Sci-Fi",124.0,Film,R,-1.0,Mild,Severe,Moderate,Mild,Moderate
Lost in Translation,2003.0,7.7,433884.0,"Comedy, Drama",102.0,Film,R,-1.0,Moderate,None,Mild,Mild,None
Oldboy,2013.0,5.7,72145.0,"Action, Drama, Mystery",104.0,Film,R,-1.0,Severe,Severe,Severe,Moderate,Severe
Marriage Story,2019.0,7.9,274621.0,"Comedy, Drama, Romance",137.0,Film,R,-1.0,Mild,Mild,Moderate,Mild,Mild
Annabelle,2014.0,5.4,150583.0,"Horror, Mystery, Thriller",99.0,Film,R,-1.0,None,Moderate,None,Mild,Severe
The Core,2003.0,5.5,96461.0,"Action, Adventure, Sci-Fi",135.0,Film,PG-13,-1.0,None,Mild,Mild,Mild,Mild
War of the Worlds,2005.0,6.5,430010.0,"Action, Adventure, Sci-Fi",116.0,Film,PG-13,-1.0,None,Moderate,Moderate,None,Moderate
Amadeus,1984.0,8.3,383251.0,"Biography, Drama, Music",160.0,Film,PG,-1.0,Moderate,Mild,Moderate,Moderate,Mild
Iron Man 2,2010.0,7.0,760751.0,"Action, Adventure, Sci-Fi",124.0,Film,PG-13,-1.0,Mild,Moderate,Mild,Mild,Moderate
Clifford the Big Red Dog,2021.0,-1.0,-1.0,"Animation, Adventure, Comedy",97.0,Film,PG,-1.0,No Rate,No Rate,No Rate,No Rate,No Rate
The Incredibles,2004.0,8.0,682900.0,"Animation, Action, Adventure",115.0,Film,PG,-1.0,Mild,Mild,None,Mild,Mild
Warehouse 13,2004.0,7.6,49896.0,"Drama, Mystery, Sci-Fi",43.0,Series,TV-14,64.0,Mild,Mild,Mild,Mild,Mild
The Rock,1996.0,7.4,324001.0,"Action, Adventure, Thriller",136.0,Film,R,-1.0,Mild,Moderate,Severe,Mild,Moderate
Total Recall,2012.0,6.2,246904.0,"Action, Adventure, Sci-Fi",118.0,Film,PG-13,-1.0,Mild,Moderate,Moderate,Mild,Mild
As Good as It Gets,1997.0,7.7,287861.0,"Comedy, Drama, Romance",139.0,Film,PG-13,-1.0,Mild,Mild,Moderate,Mild,Mild
A Series of Unfortunate Events,2004.0,6.8,202138.0,"Adventure, Comedy, Family",108.0,Film,PG,-1.0,None,Mild,Mild,None,Moderate
Kids,1995.0,7.1,76008.0,Drama,91.0,Film,NC-17,-1.0,Severe,Moderate,Severe,Severe,Severe
The Return of the Living Dead,1985.0,7.3,57990.0,"Comedy, Horror, Sci-Fi",91.0,Film,R,-1.0,Moderate,Severe,Severe,Mild,Moderate
Gokseong,2016.0,7.5,60126.0,"Horror, Mystery, Thriller",156.0,Film,TV-MA,-1.0,Mild,Severe,Severe,Mild,Severe
Serendipity,2001.0,6.9,108101.0,"Comedy, Romance",90.0,Film,PG-13,-1.0,Mild,None,Mild,Mild,None
Passengers,2016.0,7.0,373855.0,"Drama, Romance, Sci-Fi",116.0,Film,PG-13,-1.0,Moderate,Mild,Mild,Mild,Mild
Taken,2008.0,7.8,581691.0,"Action, Crime, Thriller",90.0,Film,PG-13,-1.0,Moderate,Severe,Moderate,Moderate,Severe
Willow,1988.0,7.3,107126.0,"Action, Adventure, Drama",126.0,Film,PG,-1.0,None,Mild,Mild,Mild,Moderate
L.A. Confidential,1997.0,8.2,553012.0,"Crime, Drama, Mystery",138.0,Film,R,-1.0,Moderate,Severe,Severe,Moderate,Moderate
Magnolia,1999.0,8.0,300439.0,Drama,188.0,Film,R,-1.0,Moderate,Moderate,Severe,Severe,Moderate
Outlander,2008.0,6.2,73674.0,"Action, Adventure, Sci-Fi",115.0,Film,R,-1.0,None,Severe,Mild,Mild,Severe
Greyhound,2020.0,7.0,84102.0,"Action, Drama, History",91.0,Film,PG-13,-1.0,None,Moderate,Mild,None,Moderate
Ragnarok,2020.0,7.5,33175.0,"Action, Drama, Fantasy",45.0,Series,TV-MA,12.0,Mild,Moderate,Mild,Mild,Mild
Fauda,2020.0,8.2,23379.0,"Action, Drama, Thriller",60.0,Series,TV-MA,36.0,Mild,Moderate,Moderate,Moderate,Severe
Weeds,2020.0,7.9,105469.0,"Comedy, Crime, Drama",28.0,Series,TV-MA,102.0,Severe,Moderate,Severe,Severe,Moderate
The Proposal,2009.0,6.7,308063.0,"Comedy, Drama, Romance",108.0,Film,PG-13,-1.0,Mild,Mild,Mild,Mild,None
Zola,2020.0,6.5,6919.0,"Comedy, Crime, Drama",86.0,Film,R,-1.0,Severe,Moderate,Severe,Moderate,Moderate
Cloverfield,2008.0,7.0,383963.0,"Action, Horror, Sci-Fi",85.0,Film,PG-13,-1.0,Mild,Severe,Moderate,Mild,Severe
Caligola,1979.0,5.3,34819.0,"Drama, History",156.0,Film,Unrated,-1.0,Severe,Severe,Mild,Moderate,Severe
Wrong Turn,2003.0,6.1,115181.0,"Horror, Thriller",84.0,Film,R,-1.0,Mild,Severe,Moderate,Mild,Severe
X-Men: Apocalypse,2016.0,6.9,410800.0,"Action, Adventure, Sci-Fi",144.0,Film,PG-13,-1.0,Mild,Moderate,Mild,Mild,Moderate
Family Law,2016.0,6.5,339.0,"Comedy, Crime, Drama",60.0,Series,None,20.0,No Rate,No Rate,No Rate,No Rate,No Rate
Disobedience,2017.0,6.6,28338.0,"Drama, Romance",114.0,Film,R,-1.0,Moderate,None,Mild,Mild,None
Portrait de la jeune fille en feu,2019.0,8.1,78115.0,"Drama, Romance",122.0,Film,R,-1.0,Moderate,None,None,Mild,None
Austin Powers: International Man of Mystery,1997.0,7.0,230466.0,"Adventure, Comedy",94.0,Film,PG-13,-1.0,Moderate,Mild,Mild,Mild,None
Katla,1997.0,7.0,10736.0,"Drama, Mystery, Sci-Fi",-1.0,Series,TV-MA,8.0,Mild,Moderate,Mild,Mild,Severe
The Outpost,2019.0,6.8,28521.0,"Action, Drama, History",123.0,Film,R,-1.0,Mild,Severe,Severe,Mild,Severe
Rosemary's Baby,1968.0,8.0,204396.0,"Drama, Horror",137.0,Film,Approved,-1.0,Moderate,Moderate,Mild,Mild,Severe
Kevin Can F**k Himself,1968.0,6.9,5643.0,"Comedy, Drama",-1.0,Series,TV-MA,9.0,None,Moderate,Moderate,Moderate,Mild
The Middle,1968.0,7.6,47282.0,Comedy,22.0,Series,TV-PG,215.0,None,None,Mild,Mild,None
Legends of the Fall,1994.0,7.5,156985.0,"Drama, Romance, War",133.0,Film,R,-1.0,Moderate,Severe,Moderate,Mild,Moderate
Live Free or Die Hard,2007.0,7.1,397082.0,"Action, Thriller",128.0,Film,PG-13,-1.0,Mild,Moderate,Moderate,None,Moderate
Airplane!,1980.0,7.7,225206.0,Comedy,88.0,Film,PG,-1.0,Moderate,Mild,Mild,Mild,None
Solo: A Star Wars Story,2018.0,6.9,314084.0,"Action, Adventure, Sci-Fi",135.0,Film,PG-13,-1.0,None,Mild,Mild,Mild,Mild
Beautiful Boy,2018.0,7.3,62834.0,"Biography, Drama",120.0,Film,R,-1.0,Mild,Mild,Moderate,Severe,Moderate
The Purge,2013.0,5.7,213186.0,"Horror, Sci-Fi, Thriller",85.0,Film,R,-1.0,Mild,Severe,Moderate,Mild,Moderate
White Chicks,2004.0,5.7,137894.0,"Comedy, Crime",109.0,Film,PG-13,-1.0,Moderate,Mild,Moderate,Mild,Mild
Elysium,2013.0,6.6,432136.0,"Action, Drama, Sci-Fi",109.0,Film,R,-1.0,Mild,Severe,Severe,Mild,Severe
The Dig,2021.0,7.1,64803.0,"Biography, Drama, History",112.0,Film,PG-13,-1.0,Mild,None,None,Mild,Mild
The Crow,1994.0,7.6,173720.0,"Action, Drama, Fantasy",102.0,Film,R,-1.0,Moderate,Severe,Severe,Severe,Severe
Scissor Seven,1994.0,8.3,1958.0,"Animation, Action",13.0,Series,TV-14,34.0,Mild,Moderate,Mild,None,Mild
The Nun,2018.0,5.3,130587.0,"Horror, Mystery, Thriller",96.0,Film,R,-1.0,None,Severe,Mild,None,Severe
Dirty Dancing,1987.0,7.0,215569.0,"Drama, Music, Romance",100.0,Film,PG-13,-1.0,Mild,Mild,Mild,Mild,Mild
Twister,1996.0,6.4,187329.0,"Action, Adventure, Thriller",113.0,Film,PG-13,-1.0,None,Mild,Moderate,None,Moderate
Anchorman: The Legend of Ron Burgundy,2004.0,7.2,340907.0,Comedy,94.0,Film,PG-13,-1.0,Moderate,Mild,Moderate,Mild,Mild
Bloodline,2004.0,7.9,47445.0,"Drama, Thriller",60.0,Series,TV-MA,33.0,Moderate,Moderate,Severe,Severe,Mild
Swallow,2019.0,6.5,19951.0,"Drama, Mystery, Thriller",94.0,Film,R,-1.0,Mild,Moderate,Moderate,Mild,Moderate
Mamma Mia!,2008.0,6.4,228290.0,"Comedy, Musical, Romance",108.0,Film,PG-13,-1.0,Mild,None,Mild,Mild,None
Sweeney Todd: The Demon Barber of Fleet Street,2007.0,7.3,354603.0,"Drama, Horror, Musical",116.0,Film,R,-1.0,Mild,Severe,Mild,Mild,Severe
Hugo,2011.0,7.5,313623.0,"Drama, Family, Fantasy",126.0,Film,PG,-1.0,None,Mild,None,Mild,Mild
The Hitman's Bodyguard,2017.0,6.9,213663.0,"Action, Comedy, Crime",118.0,Film,R,-1.0,Mild,Severe,Severe,Mild,Mild
Gangs of New York,2002.0,7.5,421450.0,"Crime, Drama",167.0,Film,R,-1.0,Severe,Severe,Moderate,Moderate,Moderate
Zone 414,2021.0,4.9,1376.0,"Sci-Fi, Thriller",98.0,Film,R,-1.0,Mild,Moderate,Severe,Mild,No Rate
Eureka,2021.0,7.9,50569.0,"Adventure, Comedy, Drama",60.0,Series,TV-14,77.0,Mild,Mild,None,Mild,Mild
Gone with the Wind,1939.0,8.1,302134.0,"Drama, History, Romance",238.0,Film,Passed,-1.0,Mild,Moderate,None,Mild,Moderate
Wonder,2017.0,8.0,153566.0,"Drama, Family",113.0,Film,PG,-1.0,None,Mild,Mild,Mild,Mild
Scary Movie 2,2001.0,5.3,155206.0,Comedy,83.0,Film,R,-1.0,Severe,Moderate,Severe,Moderate,Mild
Evil Dead II,1987.0,7.7,154865.0,"Comedy, Horror",84.0,Film,R,-1.0,Mild,Severe,Moderate,None,Moderate
Ugly Betty,1987.0,6.6,41981.0,"Comedy, Drama, Romance",60.0,Series,TV-PG,85.0,Mild,Mild,Moderate,Mild,Mild
The Hunger Games: Mockingjay - Part 2,2015.0,6.6,303629.0,"Action, Adventure, Sci-Fi",137.0,Film,PG-13,-1.0,None,Moderate,None,Mild,Moderate
Men in Black II,2002.0,6.2,356862.0,"Action, Adventure, Comedy",88.0,Film,PG-13,-1.0,Moderate,Moderate,Mild,Mild,Mild
Let Him Go,2020.0,6.7,21185.0,"Crime, Drama, Thriller",113.0,Film,R,-1.0,None,Severe,Mild,Mild,Moderate
ParaNorman,2012.0,7.0,98315.0,"Animation, Adventure, Comedy",92.0,Film,PG,-1.0,Mild,Moderate,Mild,None,Moderate
The Witches,1990.0,6.9,47061.0,"Adventure, Comedy, Family",91.0,Film,PG,-1.0,None,Moderate,Mild,Mild,Moderate
Jupiter's Legacy,2021.0,6.7,34304.0,"Action, Adventure, Drama",56.0,Series,TV-MA,8.0,Mild,Severe,Moderate,Moderate,Moderate
Friday the 13th: The Final Chapter,1984.0,6.0,48870.0,"Horror, Thriller",91.0,Film,R,-1.0,Moderate,Severe,Severe,Moderate,Severe
Friday,1995.0,7.3,106057.0,"Comedy, Drama",91.0,Film,R,-1.0,Mild,Mild,Severe,Severe,Mild
Daman akeseo guhasoseo,2020.0,6.8,3463.0,"Action, Crime, Thriller",108.0,Film,Not Rated,-1.0,None,Moderate,Mild,Moderate,Mild
Boston Legal,2020.0,8.4,44360.0,"Comedy, Crime, Drama",44.0,Series,TV-14,101.0,Mild,Mild,Mild,Mild,Mild
The Favourite,2018.0,7.5,185686.0,"Biography, Comedy, Drama",119.0,Film,R,-1.0,Moderate,Mild,Moderate,Mild,Mild
The Predator,2018.0,5.3,122994.0,"Action, Adventure, Sci-Fi",107.0,Film,R,-1.0,Mild,Severe,Severe,Mild,Moderate
Untitled Super Mario Project,2022.0,-1.0,-1.0,"Animation, Adventure, Comedy",-1.0,Film,None,-1.0,No Rate,No Rate,No Rate,No Rate,No Rate
What's Your Number?,2011.0,6.1,75713.0,"Comedy, Romance",106.0,Film,R,-1.0,Moderate,None,Moderate,Mild,None
Saint Maud,2019.0,6.7,26259.0,"Drama, Horror, Thriller",84.0,Film,R,-1.0,Moderate,Severe,Moderate,Mild,Severe
Them,2019.0,7.3,16063.0,"Drama, Horror, Thriller",45.0,Series,TV-MA,11.0,Mild,Severe,Severe,Moderate,Severe
Spring Breakers,2012.0,5.3,139175.0,"Crime, Drama",94.0,Film,R,-1.0,Severe,Severe,Severe,Severe,Moderate
X: First Class,2011.0,7.7,664240.0,"Action, Adventure, Sci-Fi",131.0,Film,PG-13,-1.0,Mild,Moderate,Moderate,Mild,Moderate
High School DxD,2011.0,7.6,8609.0,"Animation, Action, Comedy",23.0,Series,TV-MA,59.0,Severe,Moderate,Moderate,None,Moderate
Waterworld,1995.0,6.2,188683.0,"Action, Adventure, Sci-Fi",135.0,Film,PG-13,-1.0,Mild,Moderate,Mild,Mild,Moderate
The Unholy,2021.0,5.1,14717.0,"Drama, Horror, Mystery",99.0,Film,PG-13,-1.0,None,Moderate,Moderate,Mild,Severe
Hart of Dixie,2021.0,7.7,49914.0,"Comedy, Drama, Romance",60.0,Series,TV-PG,76.0,Mild,None,Mild,Mild,No Rate
A Time to Kill,1996.0,7.5,141034.0,"Crime, Drama, Thriller",149.0,Film,R,-1.0,Mild,Moderate,Moderate,Mild,Severe
In the Earth,2021.0,5.2,4976.0,"Horror, Sci-Fi, Thriller",107.0,Film,R,-1.0,None,Severe,Moderate,Moderate,Severe
The Master,2012.0,7.2,163770.0,Drama,138.0,Film,R,-1.0,Severe,Mild,Severe,Severe,Moderate
21 Bridges,2019.0,6.6,58358.0,"Action, Crime, Thriller",99.0,Film,R,-1.0,None,Severe,Severe,Moderate,Moderate
Ghostbusters II,1989.0,6.6,190768.0,"Action, Comedy, Fantasy",108.0,Film,PG,-1.0,Mild,Mild,Mild,Mild,Moderate
12 Years a Slave,2013.0,8.1,666564.0,"Biography, Drama, History",134.0,Film,R,-1.0,Severe,Severe,Severe,Mild,Severe
Pirates of the Caribbean: Dead Man's Chest,2006.0,7.3,677451.0,"Action, Adventure, Fantasy",151.0,Film,PG-13,-1.0,Mild,Moderate,Mild,Mild,Moderate
Ash vs Evil Dead,2006.0,8.4,68360.0,"Action, Comedy, Horror",30.0,Series,TV-MA,30.0,Moderate,Severe,Severe,Moderate,Severe
Pain & Gain,2013.0,6.4,208308.0,"Action, Comedy, Crime",129.0,Film,R,-1.0,Severe,Severe,Severe,Severe,Severe
iCarly,2013.0,6.8,3149.0,"Comedy, Drama, Romance",26.0,Series,TV-PG,15.0,Mild,None,Mild,Mild,None
Hot Fuzz,2007.0,7.8,483256.0,"Action, Comedy, Mystery",121.0,Film,R,-1.0,Mild,Severe,Moderate,Mild,Moderate
Bumblebee,2018.0,6.7,151586.0,"Action, Adventure, Sci-Fi",114.0,Film,PG-13,-1.0,None,Moderate,Mild,None,Mild
Rent,2005.0,6.9,50204.0,"Drama, Musical, Romance",135.0,Film,PG-13,-1.0,Moderate,Mild,Moderate,Severe,Mild
"Crazy, Stupid, Love.",2011.0,7.4,493130.0,"Comedy, Drama, Romance",118.0,Film,PG-13,-1.0,Mild,Mild,Moderate,Mild,None
Russian Doll,2011.0,7.8,75247.0,"Adventure, Comedy, Drama",30.0,Series,TV-MA,16.0,Mild,Moderate,Severe,Severe,Mild
Crash,2004.0,7.7,427802.0,"Crime, Drama, Thriller",112.0,Film,R,-1.0,Moderate,Moderate,Severe,Mild,Moderate
Sseulsseulhago Chalranhashin: Dokkaebi,2004.0,8.6,15484.0,"Comedy, Drama, Fantasy",60.0,Series,TV-14,16.0,None,No Rate,No Rate,No Rate,No Rate
Warning,2021.0,5.8,969.0,"Sci-Fi, Thriller",85.0,Film,R,-1.0,No Rate,No Rate,No Rate,No Rate,No Rate
Hitmen,2021.0,5.4,883.0,"Comedy, Crime",30.0,Series,None,12.0,No Rate,No Rate,No Rate,No Rate,No Rate
Star Wars: Episode VI - Return of the Jedi,1983.0,8.3,989037.0,"Action, Adventure, Fantasy",131.0,Film,PG,-1.0,Mild,Mild,None,Mild,Mild
The Sound of Music,1965.0,8.0,216528.0,"Biography, Drama, Family",172.0,Film,G,-1.0,None,None,None,Mild,Mild
Step by Step,1965.0,6.5,13616.0,"Comedy, Family, Romance",30.0,Series,TV-G,160.0,Mild,Mild,Mild,Mild,No Rate
Dune 2,1965.0,-1.0,-1.0,"Action, Adventure, Drama",-1.0,Film,None,-1.0,No Rate,No Rate,No Rate,No Rate,No Rate
The Darling Buds of May,1965.0,7.8,1891.0,"Comedy, Drama",100.0,Series,TV-PG,20.0,No Rate,No Rate,No Rate,No Rate,No Rate
De slag om de Schelde,2020.0,7.3,6180.0,"Drama, War",124.0,Film,TV-MA,-1.0,None,Severe,Mild,Mild,Severe
Hercules,1997.0,7.3,216531.0,"Animation, Adventure, Comedy",93.0,Film,G,-1.0,None,Mild,None,Mild,Mild
Wedding Crashers,2005.0,6.9,342572.0,"Comedy, Romance",119.0,Film,R,-1.0,Severe,Mild,Moderate,Mild,None
Bluey,2005.0,9.6,4110.0,"Animation, Family",7.0,Series,TV-Y,147.0,None,None,None,None,None
Lo imposible,2012.0,7.6,212000.0,"Drama, History, Thriller",114.0,Film,PG-13,-1.0,Mild,Severe,Mild,None,Severe
Fifty Shades Darker,2017.0,4.6,96766.0,"Drama, Romance",118.0,Film,R,-1.0,Severe,Mild,Moderate,Mild,Mild
Victorious,2017.0,6.9,22515.0,"Comedy, Drama, Family",30.0,Series,TV-G,57.0,Mild,Mild,Mild,None,Mild
The Mule,2018.0,7.0,126843.0,"Crime, Drama, Thriller",116.0,Film,R,-1.0,Moderate,Mild,Moderate,Moderate,Mild
Freaks and Geeks,2018.0,8.7,135407.0,"Comedy, Drama",44.0,Series,TV-14,18.0,Mild,Mild,Mild,Moderate,Mild
Afterlife of the Party,2021.0,5.8,5989.0,"Comedy, Drama, Fantasy",109.0,Film,TV-PG,-1.0,None,None,None,Mild,None
Barb and Star Go to Vista Del Mar,2021.0,6.4,13047.0,Comedy,107.0,Film,PG-13,-1.0,Mild,Mild,Mild,Moderate,None
Bride of Chucky,1998.0,5.4,55353.0,"Comedy, Horror",89.0,Film,R,-1.0,Moderate,Severe,Severe,Moderate,Moderate
Madam Secretary,1998.0,7.6,21294.0,"Drama, Thriller",45.0,Series,TV-PG,120.0,None,Mild,Mild,Mild,Mild
Man of Tai Chi,2013.0,6.1,37440.0,"Action, Drama",105.0,Film,R,-1.0,None,Moderate,Mild,None,No Rate
Overlord,2018.0,6.6,93304.0,"Action, Horror, Sci-Fi",110.0,Film,R,-1.0,Mild,Severe,Severe,Mild,Severe
Peacemaker,2018.0,-1.0,-1.0,"Action, Adventure, Comedy",-1.0,Series,None,9.0,No Rate,No Rate,No Rate,No Rate,No Rate
Hotel Transylvania 3: Summer Vacation,2018.0,6.3,64404.0,"Animation, Adventure, Comedy",97.0,Film,PG,-1.0,None,Mild,None,None,Mild
The Hunger Games: Mockingjay - Part 1,2014.0,6.6,431328.0,"Action, Adventure, Sci-Fi",123.0,Film,PG-13,-1.0,None,Moderate,None,None,Mild
Trailer Park Boys,2014.0,8.5,39663.0,"Comedy, Crime",30.0,Series,TV-MA,106.0,Moderate,Mild,Severe,Severe,Mild
13 Going on 30,2004.0,6.2,177951.0,"Comedy, Fantasy, Romance",98.0,Film,PG-13,-1.0,Mild,None,Mild,Mild,None
Kick-Ass,2010.0,7.6,541047.0,"Action, Comedy, Crime",117.0,Film,R,-1.0,Moderate,Severe,Severe,Moderate,Moderate
The Girl on the Train,2016.0,6.5,178952.0,"Crime, Drama, Mystery",112.0,Film,R,-1.0,Severe,Moderate,Severe,Moderate,Moderate
Coroner,2016.0,6.8,3700.0,"Crime, Drama, Mystery",60.0,Series,TV-MA,38.0,Mild,Mild,Mild,No Rate,No Rate
Physical,2016.0,7.3,5631.0,"Comedy, Drama",30.0,Series,TV-MA,10.0,Mild,None,Severe,Mild,None
House of 1000 Corpses,2003.0,6.1,82053.0,Horror,89.0,Film,R,-1.0,Moderate,Severe,Severe,Mild,Severe
Without Remorse,2021.0,5.8,49591.0,"Action, Thriller, War",109.0,Film,R,-1.0,None,Moderate,Mild,Mild,Moderate
Republic,2021.0,8.3,751.0,"Drama, Thriller",152.0,Film,None,-1.0,No Rate,No Rate,No Rate,No Rate,No Rate
Jeepers Creepers: Reborn,2021.0,-1.0,-1.0,"Horror, Mystery, Thriller",-1.0,Film,None,-1.0,No Rate,No Rate,No Rate,No Rate,No Rate
The King of Staten Island,2020.0,7.1,53382.0,"Comedy, Drama",136.0,Film,R,-1.0,Mild,Mild,Severe,Moderate,Mild
8 Mile,2002.0,7.1,266000.0,"Drama, Music",110.0,Film,R,-1.0,Moderate,Moderate,Severe,Mild,Mild
Wolfe,2002.0,6.5,799.0,Crime,60.0,Series,None,6.0,No Rate,No Rate,No Rate,No Rate,No Rate
Timeless,2002.0,7.7,39713.0,"Action, Adventure, Drama",60.0,Series,TV-14,27.0,Mild,Moderate,Mild,Mild,Mild
Rocky IV,1985.0,6.9,195262.0,"Drama, Sport",91.0,Film,PG,-1.0,Mild,Moderate,Mild,Mild,Moderate
Closer,2004.0,7.2,210131.0,"Drama, Romance",104.0,Film,R,-1.0,Moderate,Mild,Severe,Mild,None
Moneyball,2011.0,7.6,392884.0,"Biography, Drama, Sport",133.0,Film,PG-13,-1.0,None,None,Moderate,Mild,None
The Electrical Life of Louis Wain,2021.0,7.0,229.0,"Biography, Drama, History",111.0,Film,PG-13,-1.0,No Rate,Mild,Moderate,No Rate,No Rate
Dallas Buyers Club,2013.0,8.0,462655.0,"Biography, Drama",117.0,Film,R,-1.0,Severe,Moderate,Severe,Severe,Moderate
Misfits,2013.0,8.2,96804.0,"Comedy, Drama, Fantasy",60.0,Series,TV-MA,38.0,Moderate,Severe,Severe,Moderate,Moderate
Jerry Maguire,1996.0,7.3,253205.0,"Comedy, Drama, Romance",139.0,Film,R,-1.0,Moderate,Mild,Moderate,Mild,None
A Rainy Day in New York,2019.0,6.5,37658.0,"Comedy, Romance",92.0,Film,PG-13,-1.0,Mild,None,None,Mild,None
Kingdom,2019.0,8.5,17031.0,Drama,43.0,Series,TV-MA,40.0,Severe,Severe,Severe,Severe,Moderate
Don Jon,2013.0,6.5,234440.0,"Comedy, Drama, Romance",90.0,Film,R,-1.0,Severe,Mild,Severe,Moderate,None
Capharnaüm,2018.0,8.4,76398.0,Drama,126.0,Film,R,-1.0,Mild,Mild,Severe,Moderate,Moderate
Charmed,2018.0,4.7,15132.0,"Drama, Fantasy, Mystery",43.0,Series,TV-PG,61.0,Mild,Mild,Mild,Mild,Moderate
BlacKkKlansman,2018.0,7.5,242656.0,"Biography, Comedy, Crime",135.0,Film,R,-1.0,Mild,Moderate,Severe,Mild,Moderate
Taking the Reins,2021.0,6.4,438.0,"Comedy, Drama, Romance",84.0,Film,TV-G,-1.0,None,None,None,None,None
Children of Men,2006.0,7.9,480503.0,"Action, Sci-Fi, Thriller",109.0,Film,R,-1.0,Mild,Severe,Severe,Mild,Severe
Extinct,2021.0,5.2,919.0,"Animation, Adventure, Comedy",84.0,Film,TV-Y7,-1.0,Mild,No Rate,No Rate,No Rate,No Rate
"Rise and Shine, Benedict Stone",2021.0,7.0,225.0,Drama,84.0,Film,None,-1.0,No Rate,No Rate,No Rate,No Rate,No Rate
Gwoemul,2006.0,7.1,114759.0,"Action, Drama, Horror",120.0,Film,R,-1.0,None,Moderate,Moderate,Mild,Moderate
The Babysitter: Killer Queen,2020.0,5.8,33318.0,"Comedy, Horror",101.0,Film,TV-MA,-1.0,Mild,Severe,Severe,Mild,Moderate
The Incredible Hulk,2008.0,6.6,457441.0,"Action, Adventure, Sci-Fi",112.0,Film,PG-13,-1.0,Mild,Moderate,Mild,Mild,Moderate
Birdman or (The Unexpected Virtue of Ignorance),2014.0,7.7,602537.0,"Comedy, Drama",119.0,Film,R,-1.0,Moderate,Mild,Severe,Moderate,Mild
Destination Wedding,2018.0,6.0,27097.0,"Comedy, Drama, Romance",87.0,Film,R,-1.0,Mild,None,Severe,Mild,None
The Amityville Horror,2005.0,6.0,109114.0,Horror,90.0,Film,R,-1.0,Mild,Severe,Moderate,Mild,Moderate
Babardeala cu bucluc sau porno balamuc,2021.0,6.8,2513.0,"Comedy, Drama",106.0,Film,None,-1.0,No Rate,No Rate,No Rate,No Rate,No Rate
Le bal des folles,2021.0,6.6,1635.0,"Drama, Thriller",122.0,Film,None,-1.0,No Rate,No Rate,No Rate,No Rate,No Rate
Indiana Jones and the Temple of Doom,1984.0,7.5,466305.0,"Action, Adventure",118.0,Film,PG,-1.0,Mild,Moderate,Mild,Mild,Severe
Fast & Furious 7,2015.0,7.1,375645.0,"Action, Adventure, Thriller",137.0,Film,PG-13,-1.0,Mild,Moderate,Moderate,Mild,Moderate
Haikyuu!!,2015.0,8.7,17201.0,"Animation, Comedy, Drama",24.0,Series,TV-14,88.0,None,None,Mild,Mild,None
Something Wild,1986.0,6.9,17255.0,"Comedy, Crime, Romance",114.0,Film,R,-1.0,Moderate,Moderate,Moderate,Mild,Mild
Eagle Eye,2008.0,6.6,182239.0,"Action, Mystery, Thriller",118.0,Film,PG-13,-1.0,None,Moderate,Moderate,Mild,Moderate
Dark Desire,2008.0,6.5,4746.0,"Drama, Mystery, Thriller",30.0,Series,TV-MA,19.0,Severe,Moderate,Mild,Moderate,Mild
Shame,2011.0,7.2,189839.0,Drama,101.0,Film,NC-17,-1.0,Severe,Moderate,Severe,Moderate,Moderate
Chal Mera Putt 3,2021.0,8.5,1485.0,Comedy,130.0,Film,None,-1.0,No Rate,No Rate,No Rate,No Rate,No Rate
The Office,2021.0,8.5,104426.0,"Comedy, Drama",30.0,Series,TV-MA,14.0,Mild,None,Moderate,Mild,None
Wyatt Earp,1994.0,6.7,48025.0,"Adventure, Biography, Crime",191.0,Film,PG-13,-1.0,Mild,Moderate,Mild,Mild,Mild
Platoon,1986.0,8.1,396240.0,"Drama, War",120.0,Film,R,-1.0,Mild,Severe,Severe,Moderate,Severe
Bonanza,1986.0,7.3,8664.0,Western,49.0,Series,TV-PG,430.0,None,Mild,None,Moderate,None
Ófærð,1986.0,8.1,18445.0,"Crime, Drama, Mystery",60.0,Series,TV-14,28.0,Moderate,Severe,Moderate,Mild,Moderate
Mandy,2018.0,6.5,71193.0,"Horror, Mystery, Thriller",121.0,Film,Not Rated,-1.0,Moderate,Severe,Moderate,Severe,Severe
Heathers,1988.0,7.2,96233.0,"Comedy, Crime",103.0,Film,R,-1.0,Moderate,Moderate,Moderate,Mild,Severe
Talladega Nights: The Ballad of Ricky Bobby,2006.0,6.6,175424.0,"Comedy, Sport",108.0,Film,PG-13,-1.0,Mild,Mild,Moderate,Moderate,None
Tides,2021.0,5.4,3764.0,"Sci-Fi, Thriller",104.0,Film,R,-1.0,Mild,Mild,No Rate,No Rate,Moderate
While We Sleep,2021.0,3.7,173.0,Horror,92.0,Film,None,-1.0,No Rate,No Rate,No Rate,No Rate,No Rate
El Camino: A Breaking Bad Movie,2019.0,7.3,206794.0,"Action, Crime, Drama",122.0,Film,TV-MA,-1.0,None,Moderate,Moderate,Moderate,Moderate
Contratiempo,2016.0,8.1,161526.0,"Crime, Drama, Mystery",106.0,Film,TV-MA,-1.0,None,Mild,Mild,Mild,Moderate
Zoey's Extraordinary Playlist,2016.0,8.1,14075.0,"Comedy, Drama, Musical",60.0,Series,TV-14,25.0,Mild,None,Mild,Mild,None
Hustlers,2019.0,6.3,91362.0,"Comedy, Crime, Drama",110.0,Film,R,-1.0,Moderate,Mild,Moderate,Severe,Mild
Mad Max,1979.0,6.9,199104.0,"Action, Adventure, Sci-Fi",88.0,Film,R,-1.0,Moderate,Moderate,Mild,Mild,Moderate
There's Something About Mary,1998.0,7.1,301314.0,"Comedy, Romance",119.0,Film,R,-1.0,Moderate,Mild,Moderate,Mild,None
Face/Off,1997.0,7.2,361187.0,"Action, Crime, Sci-Fi",138.0,Film,R,-1.0,Mild,Severe,Severe,Moderate,Moderate
I May Destroy You,2020.0,8.1,17034.0,Drama,30.0,Series,TV-MA,12.0,Severe,Severe,Severe,Severe,Moderate
Mission: Impossible - Ghost Protocol,2011.0,7.4,470869.0,"Action, Adventure, Thriller",132.0,Film,PG-13,-1.0,Mild,Moderate,Mild,Mild,Moderate
The Mummy Returns,2001.0,6.4,311593.0,"Action, Adventure, Fantasy",130.0,Film,PG-13,-1.0,Mild,Moderate,Mild,None,Moderate
Preacher,2001.0,8.0,71090.0,"Adventure, Drama, Fantasy",60.0,Series,TV-MA,43.0,Moderate,Severe,Moderate,Severe,Severe
The Alienist,2001.0,7.7,49800.0,"Crime, Drama, Mystery",60.0,Series,TV-MA,18.0,Moderate,Severe,Mild,Moderate,Severe
Game Night,2018.0,6.9,220442.0,"Action, Comedy, Crime",100.0,Film,R,-1.0,Mild,Moderate,Severe,Mild,Mild
Frankenweenie,2012.0,6.9,102521.0,"Animation, Comedy, Family",87.0,Film,PG,-1.0,None,Moderate,None,None,Moderate
Big Fish,2003.0,8.0,428053.0,"Adventure, Drama, Fantasy",125.0,Film,PG-13,-1.0,Mild,Mild,Mild,None,Mild
Spy Kids,2001.0,5.5,112894.0,"Action, Adventure, Comedy",88.0,Film,PG,-1.0,None,Mild,None,None,Mild
Police Academy,1984.0,6.7,120091.0,Comedy,96.0,Film,R,-1.0,Moderate,Mild,Moderate,Mild,None
Hostel,2005.0,5.9,174601.0,Horror,94.0,Film,R,-1.0,Severe,Severe,Severe,Severe,Severe
Sing,2016.0,7.1,143462.0,"Animation, Comedy, Family",108.0,Film,PG,-1.0,None,Mild,None,None,Mild
Glass,2019.0,6.6,225032.0,"Drama, Sci-Fi, Thriller",129.0,Film,PG-13,-1.0,None,Moderate,Mild,Mild,Moderate
The Waltons,2019.0,7.6,6406.0,"Drama, Family, Romance",60.0,Series,TV-G,212.0,No Rate,No Rate,None,No Rate,No Rate
Coming to America,1988.0,7.1,199352.0,"Comedy, Romance",117.0,Film,R,-1.0,Moderate,Mild,Moderate,Mild,None
The Da Vinci Code,2006.0,6.6,415941.0,"Mystery, Thriller",149.0,Film,(Banned),-1.0,Mild,Severe,Mild,Mild,Moderate
Up,2009.0,8.2,978674.0,"Animation, Adventure, Comedy",96.0,Film,PG,-1.0,None,Mild,None,None,Moderate
Bad Boys for Life,2020.0,6.6,144833.0,"Action, Comedy, Crime",124.0,Film,R,-1.0,None,Severe,Severe,Mild,Mild
The Trial of the Chicago 7,2020.0,7.8,159365.0,"Drama, History, Thriller",129.0,Film,R,-1.0,None,Moderate,Moderate,Mild,Mild
Moonlight,2016.0,7.4,289612.0,Drama,111.0,Film,R,-1.0,Moderate,Moderate,Severe,Moderate,Moderate
"Lock, Stock and Two Smoking Barrels",1998.0,8.2,556418.0,"Action, Comedy, Crime",107.0,Film,R,-1.0,Moderate,Severe,Severe,Moderate,Mild
The Day After Tomorrow,2004.0,6.4,430215.0,"Action, Adventure, Sci-Fi",124.0,Film,PG-13,-1.0,None,Moderate,Mild,Mild,Moderate
2 Broke Girls,2004.0,6.6,93543.0,Comedy,22.0,Series,TV-14,138.0,Moderate,None,Moderate,Moderate,None
It Comes at Night,2017.0,6.2,88923.0,"Horror, Mystery, Sci-Fi",91.0,Film,R,-1.0,Mild,Moderate,Moderate,None,Severe
The Real Housewives of Beverly Hills,2017.0,5.1,5636.0,Reality-TV,44.0,Series,TV-14,244.0,No Rate,No Rate,No Rate,No Rate,No Rate
The Hobbit: The Battle of the Five Armies,2014.0,7.4,495630.0,"Adventure, Fantasy",144.0,Film,PG-13,-1.0,None,Severe,Mild,Mild,Moderate
Cape Fear,1991.0,7.3,183780.0,"Crime, Thriller",128.0,Film,R,-1.0,Moderate,Severe,Moderate,Mild,Severe
Couples Retreat,2009.0,5.5,105123.0,Comedy,113.0,Film,PG-13,-1.0,Moderate,Mild,Mild,Mild,None
Valerian and the City of a Thousand Planets,2017.0,6.5,171779.0,"Action, Adventure, Fantasy",136.0,Film,PG-13,-1.0,Mild,Mild,Mild,None,Mild
Nashville,2017.0,7.7,24183.0,"Drama, Music, Romance",43.0,Series,TV-PG,124.0,Mild,Mild,Mild,Moderate,Mild
Finding Nemo,2003.0,8.1,986509.0,"Animation, Adventure, Comedy",100.0,Film,G,-1.0,None,Mild,None,None,Moderate
Helstrom,2020.0,6.8,7519.0,"Action, Adventure, Drama",-1.0,Series,TV-MA,10.0,Mild,Moderate,Mild,Mild,Severe
Kin,2021.0,5.3,2206.0,"Crime, Drama, Thriller",105.0,Film,TV-MA,-1.0,None,Moderate,Mild,Moderate,None
Gravity,2013.0,7.7,793112.0,"Adventure, Drama, Sci-Fi",91.0,Film,PG-13,-1.0,None,Moderate,Moderate,None,Moderate
Time Trap,2017.0,6.3,33570.0,"Action, Adventure, Mystery",87.0,Film,Not Rated,-1.0,None,Mild,Mild,None,Mild
Die Hard: With a Vengeance,1995.0,7.6,374296.0,"Action, Adventure, Thriller",128.0,Film,R,-1.0,Mild,Severe,Severe,Mild,Moderate
Notting Hill,1999.0,7.1,291496.0,"Comedy, Drama, Romance",124.0,Film,PG-13,-1.0,Mild,None,Mild,Mild,None
The Crazies,2010.0,6.5,116018.0,"Horror, Mystery, Thriller",101.0,Film,R,-1.0,None,Severe,Severe,Mild,Severe
Predestination,2014.0,7.5,267409.0,"Action, Drama, Sci-Fi",97.0,Film,R,-1.0,Moderate,Moderate,Moderate,Mild,Mild
Night of the Living Dead,1968.0,7.9,122306.0,"Horror, Thriller",96.0,Film,Not Rated,-1.0,Mild,Moderate,Mild,Mild,Severe
Descendants,2015.0,6.4,18178.0,"Comedy, Family, Fantasy",112.0,Film,TV-G,-1.0,None,None,None,None,Mild
Unhinged,2020.0,6.0,58288.0,"Action, Thriller",90.0,Film,R,-1.0,None,Severe,Moderate,Mild,Severe
Back to the Future Part II,1989.0,7.8,502846.0,"Adventure, Comedy, Sci-Fi",108.0,Film,PG,-1.0,Mild,Mild,Moderate,Mild,Moderate
Sucker Punch,2011.0,6.0,237676.0,"Action, Adventure, Fantasy",110.0,Film,PG-13,-1.0,Mild,Moderate,Mild,Mild,Moderate
Showgirls,1995.0,4.9,65205.0,Drama,128.0,Film,NC-17,-1.0,Severe,Severe,Severe,Moderate,Severe
Manchester by the Sea,2016.0,7.8,262647.0,Drama,137.0,Film,R,-1.0,Mild,Moderate,Severe,Mild,Moderate
Minority Report,2002.0,7.6,527765.0,"Action, Crime, Mystery",145.0,Film,PG-13,-1.0,Moderate,Moderate,Moderate,Mild,Moderate
The Green Inferno,2013.0,5.3,41858.0,"Adventure, Horror",100.0,Film,R,-1.0,Moderate,Severe,Mild,Moderate,Severe
Below Deck Mediterranean,2013.0,7.3,1769.0,Reality-TV,43.0,Series,TV-14,106.0,Moderate,None,Moderate,Moderate,None
Blonde,2022.0,-1.0,-1.0,"Biography, Drama, Romance",-1.0,Film,None,-1.0,No Rate,No Rate,No Rate,No Rate,No Rate
Ant-Man and the Wasp,2018.0,7.0,347601.0,"Action, Adventure, Comedy",118.0,Film,PG-13,-1.0,None,Mild,Mild,None,Mild
Night at the Museum,2006.0,6.4,328334.0,"Adventure, Comedy, Family",108.0,Film,PG,-1.0,None,Mild,Mild,None,Mild
Sing 2,2021.0,-1.0,-1.0,"Animation, Adventure, Comedy",-1.0,Film,PG,-1.0,No Rate,No Rate,No Rate,No Rate,No Rate
Breakfast at Tiffany's,1961.0,7.6,173155.0,"Comedy, Drama, Romance",115.0,Film,Approved,-1.0,Mild,None,None,Moderate,None
The Wicker Man,1973.0,7.5,76436.0,"Horror, Mystery, Thriller",88.0,Film,R,-1.0,Severe,Moderate,Mild,Mild,Severe
No Man of God,2021.0,6.4,3374.0,"Biography, Crime, Drama",100.0,Film,None,-1.0,No Rate,No Rate,No Rate,No Rate,No Rate
Family Matters,2021.0,6.6,26123.0,"Adventure, Comedy, Drama",30.0,Series,TV-G,215.0,None,Mild,Mild,Mild,Mild
Insecure,2021.0,7.9,14492.0,"Comedy, Romance",30.0,Series,TV-MA,42.0,Severe,None,Severe,Moderate,Mild
Happy Valley,2021.0,8.4,36293.0,"Crime, Drama, Thriller",58.0,Series,TV-MA,18.0,Moderate,Moderate,Moderate,Moderate,Moderate
Midway,2019.0,6.7,75878.0,"Action, Drama, History",138.0,Film,PG-13,-1.0,None,Moderate,Moderate,Mild,Moderate
Bloodshot,2020.0,5.7,69832.0,"Action, Drama, Sci-Fi",109.0,Film,PG-13,-1.0,Mild,Moderate,Moderate,Mild,Moderate
Jason X,2001.0,4.4,53758.0,"Action, Horror, Sci-Fi",92.0,Film,R,-1.0,Moderate,Severe,Moderate,Mild,Moderate
Citizen Kane,1941.0,8.3,423573.0,"Drama, Mystery",119.0,Film,PG,-1.0,None,Mild,None,Mild,None
Good Trouble,1941.0,7.5,5562.0,"Comedy, Drama, Romance",45.0,Series,TV-14,51.0,Moderate,No Rate,Mild,Mild,Mild
Daredevil,2003.0,5.3,213091.0,"Action, Crime",103.0,Film,PG-13,-1.0,Mild,Moderate,Moderate,Mild,Moderate
Constantine,2005.0,7.0,323113.0,"Action, Fantasy, Horror",121.0,Film,R,-1.0,None,Moderate,Moderate,Moderate,Severe
Under the Silver Lake,2018.0,6.5,37676.0,"Crime, Drama, Mystery",139.0,Film,R,-1.0,Severe,Moderate,Moderate,Moderate,Moderate
Hightown,2018.0,6.5,2930.0,"Crime, Drama, Mystery",60.0,Series,TV-MA,18.0,Severe,Moderate,Severe,Severe,Mild
What Breaks the Ice,2020.0,6.7,657.0,Drama,99.0,Film,None,-1.0,No Rate,No Rate,No Rate,No Rate,No Rate
Medici,2020.0,7.9,17212.0,"Biography, Drama, History",60.0,Series,TV-14,24.0,Moderate,Moderate,Mild,Mild,Mild
The Royal Tenenbaums,2001.0,7.6,277285.0,"Comedy, Drama",110.0,Film,R,-1.0,Mild,Moderate,Mild,Moderate,Mild
The Godfather: Part III,1990.0,7.6,376230.0,"Crime, Drama",162.0,Film,R,-1.0,Mild,Severe,Moderate,Mild,Moderate
Rain Man,1988.0,8.0,491147.0,Drama,133.0,Film,R,-1.0,Mild,Mild,Moderate,Mild,Mild
Eurovision Song Contest: The Story of Fire Saga,2020.0,6.5,86317.0,"Comedy, Music",123.0,Film,PG-13,-1.0,Mild,Mild,Mild,Mild,None
The Post,2017.0,7.2,143782.0,Drama,116.0,Film,PG-13,-1.0,None,Mild,Mild,Mild,Mild
Once Upon a Time in the West,1968.0,8.5,315267.0,Western,165.0,Film,PG-13,-1.0,Mild,Moderate,Mild,Mild,Moderate
Mayor of Kingstown,1968.0,-1.0,-1.0,"Crime, Drama, Thriller",-1.0,Series,None,10.0,No Rate,No Rate,No Rate,No Rate,No Rate
Dances with Wolves,1990.0,8.0,251045.0,"Adventure, Drama, Western",181.0,Film,PG-13,-1.0,Moderate,Moderate,Mild,Mild,Moderate
Austin Powers: The Spy Who Shagged Me,1999.0,6.6,224420.0,"Action, Adventure, Comedy",95.0,Film,PG-13,-1.0,Moderate,Mild,Moderate,None,None
Lie to Me,1999.0,8.0,115000.0,"Crime, Drama, Mystery",43.0,Series,TV-14,48.0,Mild,Mild,Mild,Mild,Moderate
The Bad Batch,2016.0,5.3,29069.0,"Action, Horror, Mystery",118.0,Film,R,-1.0,Mild,Severe,Moderate,Moderate,Severe
The Age of Adaline,2015.0,7.2,163863.0,"Drama, Fantasy, Romance",112.0,Film,PG-13,-1.0,None,Mild,Mild,Mild,Mild
Unaired Game of Thrones Prequel Pilot,2019.0,6.6,90.0,Fantasy,-1.0,Film,None,-1.0,No Rate,No Rate,No Rate,No Rate,No Rate
The Sandlot,1993.0,7.8,84939.0,"Comedy, Drama, Family",101.0,Film,PG,-1.0,Mild,Mild,Mild,Mild,Mild
Lansky,2021.0,6.3,3082.0,"Biography, Crime, Drama",119.0,Film,R,-1.0,None,No Rate,No Rate,No Rate,No Rate
A Touch of Frost,2021.0,7.8,7042.0,"Crime, Drama, Mystery",105.0,Series,TV-MA,42.0,Severe,Moderate,Mild,Mild,Mild
Despicable Me,2010.0,7.6,518369.0,"Animation, Adventure, Comedy",95.0,Film,PG,-1.0,None,Mild,None,None,Mild
Annika,2010.0,6.6,777.0,"Crime, Drama, Mystery",-1.0,Series,None,6.0,No Rate,No Rate,No Rate,No Rate,No Rate
Sliding Doors,1998.0,6.7,65505.0,"Comedy, Drama, Fantasy",99.0,Film,PG-13,-1.0,Moderate,Mild,Moderate,Mild,Mild
Archive,2020.0,6.4,17234.0,"Drama, Mystery, Sci-Fi",109.0,Film,TV-MA,-1.0,None,Mild,Moderate,Mild,Moderate
Before Sunrise,1995.0,8.1,287920.0,"Drama, Romance",101.0,Film,R,-1.0,Mild,None,Mild,Mild,None
Rear Window,1954.0,8.5,466908.0,"Mystery, Thriller",112.0,Film,PG,-1.0,Mild,Mild,None,Mild,Moderate
Wes Craven's New Nightmare,1994.0,6.5,54771.0,"Fantasy, Horror, Mystery",112.0,Film,R,-1.0,None,Severe,Mild,Mild,Severe
Madres paralelas,2021.0,6.7,703.0,Drama,120.0,Film,R,-1.0,None,No Rate,No Rate,No Rate,No Rate
Major Payne,1995.0,6.3,34115.0,"Adventure, Comedy, Family",95.0,Film,PG-13,-1.0,None,Mild,Mild,None,Mild
Dark Waters,2019.0,7.6,74353.0,"Biography, Drama, History",126.0,Film,PG-13,-1.0,Mild,Mild,Mild,None,Moderate
Tangled,2010.0,7.7,424386.0,"Animation, Adventure, Comedy",100.0,Film,PG,-1.0,None,Mild,None,Mild,Mild
The Pursuit of Happyness,2006.0,8.0,474940.0,"Biography, Drama",117.0,Film,PG-13,-1.0,None,None,Mild,Mild,Mild
"Dr. Quinn, Medicine Woman",2006.0,6.8,11097.0,"Drama, Family, Western",60.0,Series,TV-G,149.0,Mild,Mild,Mild,No Rate,Mild
Blood Diamond,2006.0,8.0,520730.0,"Adventure, Drama, Thriller",143.0,Film,R,-1.0,Mild,Severe,Moderate,Moderate,Severe
Galaxy Quest,1999.0,7.3,157279.0,"Adventure, Comedy, Sci-Fi",102.0,Film,PG,-1.0,Mild,Mild,Mild,Mild,Mild
Star Wars: Episode III - Revenge of the Sith,2005.0,7.5,739675.0,"Action, Adventure, Fantasy",140.0,Film,PG-13,-1.0,None,Moderate,None,None,Moderate
10 Cloverfield Lane,2016.0,7.2,306304.0,"Action, Drama, Horror",103.0,Film,PG-13,-1.0,None,Moderate,Mild,Mild,Severe
Collateral,2004.0,7.5,380446.0,"Crime, Drama, Thriller",120.0,Film,R,-1.0,None,Severe,Moderate,Mild,Moderate
The Machinist,2004.0,7.7,371915.0,"Drama, Thriller",101.0,Film,R,-1.0,Moderate,Moderate,Moderate,Mild,Moderate
Hitman,2007.0,6.3,165179.0,"Action, Crime, Thriller",100.0,Film,R,-1.0,Moderate,Severe,Moderate,Moderate,Moderate
Phantom Thread,2017.0,7.5,120618.0,"Drama, Romance",130.0,Film,R,-1.0,Mild,None,Moderate,Mild,Mild
The Others,2001.0,7.6,351662.0,"Horror, Mystery, Thriller",101.0,Film,PG-13,-1.0,Mild,Mild,Mild,None,Moderate
Hanna,2001.0,7.5,28951.0,"Action, Drama",60.0,Series,TV-MA,22.0,Mild,Moderate,Moderate,Mild,Moderate
Bergman Island,2021.0,6.7,667.0,Drama,112.0,Film,R,-1.0,Mild,Mild,Mild,Mild,No Rate
The Haunted Museum,2021.0,6.9,113.0,Horror,-1.0,Series,None,10.0,No Rate,No Rate,No Rate,No Rate,No Rate
Pirates of the Caribbean: On Stranger Tides,2011.0,6.6,498859.0,"Action, Adventure, Fantasy",137.0,Film,PG-13,-1.0,Mild,Moderate,Mild,Mild,Moderate
The Butterfly Effect,2004.0,7.6,467709.0,"Drama, Sci-Fi, Thriller",113.0,Film,R,-1.0,Moderate,Severe,Severe,Moderate,Severe
Aspirants,2004.0,9.7,286206.0,Drama,45.0,Series,None,5.0,No Rate,No Rate,No Rate,No Rate,No Rate
Mad About You,2004.0,6.7,22408.0,"Comedy, Romance",22.0,Series,TV-PG,174.0,Mild,None,Mild,Mild,No Rate
American Traitor: The Trial of Axis Sally,2021.0,5.6,1647.0,Drama,109.0,Film,R,-1.0,Mild,None,None,Mild,Moderate
The Equalizer 2,2018.0,6.7,145993.0,"Action, Crime, Thriller",121.0,Film,R,-1.0,None,Severe,Severe,Moderate,Severe
Downsizing,2017.0,5.7,104267.0,"Drama, Fantasy, Sci-Fi",135.0,Film,R,-1.0,Moderate,None,Moderate,Moderate,None
True Grit,2010.0,7.6,324184.0,"Drama, Western",110.0,Film,PG-13,-1.0,None,Severe,Mild,Mild,Moderate
The Gray Man,2022.0,-1.0,-1.0,"Action, Thriller",-1.0,Film,None,-1.0,No Rate,No Rate,No Rate,No Rate,No Rate
Babylon Berlin,2022.0,8.4,21539.0,"Crime, Drama, Thriller",45.0,Series,TV-MA,29.0,Severe,Moderate,Mild,Moderate,Mild
The Deer Hunter,1978.0,8.1,325388.0,"Drama, War",183.0,Film,R,-1.0,Mild,Severe,Severe,Mild,Severe
Shooter,2007.0,7.2,321767.0,"Action, Drama, Thriller",124.0,Film,R,-1.0,Mild,Severe,Moderate,Mild,Moderate
The Devil's Rejects,2005.0,6.8,96526.0,"Crime, Horror, Western",107.0,Film,R,-1.0,Severe,Severe,Severe,Severe,Severe
The Last Man on Earth,2005.0,7.3,55588.0,"Action, Comedy, Drama",22.0,Series,TV-14,67.0,Moderate,Mild,Mild,Mild,Mild
King Arthur: Legend of the Sword,2017.0,6.7,203421.0,"Action, Adventure, Drama",126.0,Film,PG-13,-1.0,Mild,Moderate,Moderate,None,Moderate
Hannibal,2001.0,6.8,264083.0,"Crime, Drama, Thriller",131.0,Film,R,-1.0,Mild,Severe,Mild,Moderate,Severe
90210,2001.0,6.1,43462.0,"Comedy, Drama, Romance",60.0,Series,TV-14,114.0,Moderate,Moderate,Mild,Moderate,Moderate
Pretty Baby,1978.0,6.6,10412.0,Drama,110.0,Film,R,-1.0,Severe,Mild,Mild,Mild,Mild
Stargate,1994.0,7.1,182881.0,"Action, Adventure, Sci-Fi",116.0,Film,PG-13,-1.0,None,Moderate,Mild,Mild,Moderate
Jacob's Ladder,1990.0,7.5,103508.0,"Drama, Horror, Mystery",113.0,Film,R,-1.0,Moderate,Severe,Moderate,Mild,Severe
Barbaroslar: Akdeniz'in Kilici,1990.0,8.8,1311.0,"Action, Adventure, History",-1.0,Series,None,5.0,No Rate,No Rate,No Rate,No Rate,No Rate
Così fan tutte,1992.0,5.3,4521.0,"Comedy, Drama",93.0,Film,Not Rated,-1.0,Severe,None,Mild,Mild,None
Angela Black,1992.0,6.0,175.0,Drama,-1.0,Series,None,7.0,No Rate,No Rate,No Rate,No Rate,No Rate
Young Royals,1992.0,8.6,21677.0,"Drama, Romance",50.0,Series,TV-MA,7.0,Mild,Mild,Mild,Moderate,None
Possessor,2020.0,6.5,28343.0,"Horror, Mystery, Sci-Fi",103.0,Film,R,-1.0,Severe,Severe,Moderate,Moderate,Severe
The Room,2003.0,3.7,85934.0,Drama,99.0,Film,R,-1.0,Severe,Mild,Moderate,Mild,Mild
Goosebumps,2015.0,6.3,84668.0,"Adventure, Comedy, Family",103.0,Film,PG,-1.0,None,Mild,Mild,None,Moderate
Climax,2018.0,7.0,60305.0,"Drama, Horror, Music",97.0,Film,R,-1.0,Moderate,Severe,Severe,Severe,Severe
Doraibu mai kâ,2021.0,7.8,1054.0,Drama,179.0,Film,None,-1.0,No Rate,No Rate,No Rate,No Rate,No Rate
Instant Family,2018.0,7.3,99670.0,"Comedy, Drama",118.0,Film,PG-13,-1.0,Mild,Mild,Moderate,Mild,None
Fa yeung nin wah,2000.0,8.1,137467.0,"Drama, Romance",98.0,Film,PG,-1.0,None,None,None,Mild,None
Terminator Genisys,2015.0,6.3,268152.0,"Action, Adventure, Sci-Fi",126.0,Film,PG-13,-1.0,Mild,Moderate,Moderate,Mild,Mild
A Few Good Men,1992.0,7.7,247988.0,"Drama, Thriller",138.0,Film,R,-1.0,None,Mild,Moderate,Mild,Mild
Are You Afraid of the Dark?,1992.0,8.2,14165.0,"Drama, Family, Fantasy",30.0,Series,TV-PG,91.0,Mild,Mild,Mild,Mild,Moderate
The Comeback Trail,2020.0,5.6,4961.0,"Comedy, Crime",104.0,Film,E,-1.0,Mild,Moderate,Moderate,Mild,Mild
The Informer,2019.0,6.6,30857.0,"Action, Crime, Drama",113.0,Film,R,-1.0,None,Severe,Severe,Moderate,Moderate
Mushoku-tensei ~Isekai ittara honki dasu~,2019.0,8.3,4542.0,"Animation, Adventure, Fantasy",24.0,Series,TV-14,14.0,Moderate,Moderate,Mild,Mild,Mild
Gekijouban Poketto monsutâ: koko,2020.0,6.7,1063.0,"Animation, Action, Adventure",99.0,Film,TV-Y7,-1.0,No Rate,Mild,No Rate,No Rate,No Rate
Star Wars: Episode II - Attack of the Clones,2002.0,6.5,667455.0,"Action, Adventure, Fantasy",142.0,Film,PG,-1.0,Mild,Moderate,None,Mild,Moderate
Million Dollar Baby,2004.0,8.1,659385.0,"Drama, Sport",132.0,Film,PG-13,-1.0,None,Moderate,Moderate,Mild,Moderate
Oxygène,2021.0,6.5,31879.0,"Drama, Fantasy, Sci-Fi",100.0,Film,TV-14,-1.0,None,Mild,Mild,None,Moderate
Double Jeopardy,1999.0,6.5,82174.0,"Crime, Drama, Mystery",105.0,Film,R,-1.0,Moderate,Moderate,Moderate,Mild,Mild
Cold Mountain,2003.0,7.2,144132.0,"Adventure, Drama, History",154.0,Film,R,-1.0,Severe,Severe,Mild,Mild,Severe
Orphan Black,2003.0,8.3,105851.0,"Action, Drama, Sci-Fi",44.0,Series,TV-MA,50.0,Moderate,Severe,Moderate,Moderate,Moderate
The Love Witch,2016.0,6.2,14713.0,"Comedy, Horror, Romance",120.0,Film,Unrated,-1.0,Moderate,Mild,Mild,Moderate,Mild
Red Dragon,2002.0,7.2,262623.0,"Crime, Drama, Thriller",124.0,Film,R,-1.0,Moderate,Severe,Moderate,Mild,Severe
Deep Impact,1998.0,6.2,171079.0,"Action, Drama, Sci-Fi",120.0,Film,PG-13,-1.0,None,Mild,Moderate,Mild,Moderate
Molly's Game,2017.0,7.4,156671.0,"Biography, Crime, Drama",140.0,Film,R,-1.0,None,Mild,Moderate,Moderate,Moderate
Supernova,2020.0,6.9,8104.0,"Drama, Romance",95.0,Film,R,-1.0,Mild,None,Moderate,Mild,Mild
X-Men: Days of Future Past,2014.0,7.9,681074.0,"Action, Adventure, Sci-Fi",132.0,Film,PG-13,-1.0,Mild,Moderate,Moderate,Mild,Moderate
I Am Legend,2007.0,7.2,715105.0,"Action, Adventure, Drama",101.0,Film,PG-13,-1.0,None,Moderate,Mild,None,Moderate
Silent Hill,2006.0,6.5,221756.0,"Horror, Mystery",125.0,Film,R,-1.0,Mild,Severe,Moderate,Mild,Severe
American Sniper,2014.0,7.3,459138.0,"Action, Biography, Drama",133.0,Film,R,-1.0,Mild,Severe,Severe,Mild,Severe
The Northman,2022.0,-1.0,-1.0,"Action, Adventure, Drama",-1.0,Film,None,-1.0,No Rate,No Rate,No Rate,No Rate,No Rate
Memoria,2021.0,7.1,638.0,Drama,136.0,Film,None,-1.0,No Rate,No Rate,No Rate,No Rate,No Rate
Miami Vice,2021.0,7.5,24763.0,"Action, Crime, Drama",48.0,Series,TV-14,112.0,Mild,Moderate,Mild,Mild,Mild
Happy Death Day,2017.0,6.6,128727.0,"Comedy, Horror, Mystery",96.0,Film,PG-13,-1.0,Mild,Moderate,Moderate,Mild,Moderate
Oppenheimer,2023.0,-1.0,-1.0,"Biography, Drama, History",-1.0,Film,None,-1.0,No Rate,No Rate,No Rate,No Rate,No Rate
Pacific Rim,2013.0,6.9,481081.0,"Action, Adventure, Sci-Fi",131.0,Film,PG-13,-1.0,None,Moderate,Moderate,Mild,Moderate
Into the Dark,2013.0,6.4,4282.0,"Drama, Fantasy, Horror",90.0,Series,TV-MA,24.0,Mild,Moderate,Moderate,Moderate,No Rate
The Running Man,1987.0,6.7,146724.0,"Action, Sci-Fi, Thriller",101.0,Film,R,-1.0,Mild,Severe,Moderate,Mild,Moderate
The Longest Yard,2005.0,6.4,169841.0,"Comedy, Crime, Sport",113.0,Film,PG-13,-1.0,Moderate,Moderate,Moderate,Mild,Mild
Ghost Adventures,2005.0,7.4,8689.0,"Documentary, History, Reality-TV",45.0,Series,TV-PG,288.0,Mild,Moderate,Moderate,Mild,Moderate
2012,2009.0,5.8,364536.0,"Action, Adventure, Sci-Fi",158.0,Film,PG-13,-1.0,Mild,Moderate,Moderate,Mild,Severe
Pleasantville,1998.0,7.5,125413.0,"Comedy, Drama, Fantasy",124.0,Film,PG-13,-1.0,Moderate,Mild,Mild,Mild,Mild
Jeepers Creepers,2001.0,6.2,119415.0,"Horror, Mystery",90.0,Film,R,-1.0,Mild,Severe,Moderate,None,Severe
Suspiria,1977.0,7.4,87191.0,Horror,99.0,Film,R,-1.0,None,Severe,Mild,Mild,Severe
Mary Poppins,1964.0,7.8,163973.0,"Comedy, Family, Fantasy",139.0,Film,G,-1.0,None,None,None,None,Mild
Black-ish,1964.0,7.1,21354.0,Comedy,22.0,Series,TV-PG,164.0,Mild,Mild,Mild,Mild,None
Fantastic Four,2005.0,5.7,319379.0,"Action, Adventure, Fantasy",106.0,Film,PG-13,-1.0,Mild,Mild,Mild,Mild,Moderate
The French Connection,1971.0,7.7,116159.0,"Action, Crime, Drama",104.0,Film,R,-1.0,Mild,Moderate,Moderate,Moderate,Moderate
13 Hours,2016.0,7.3,129966.0,"Action, Drama, History",144.0,Film,R,-1.0,None,Severe,Severe,Mild,Severe
The Phantom of the Opera,2004.0,7.2,119274.0,"Drama, Musical, Romance",143.0,Film,PG-13,-1.0,Mild,Moderate,None,Mild,Moderate
Overboard,2018.0,6.0,36544.0,"Comedy, Romance",112.0,Film,PG-13,-1.0,Mild,None,Mild,Mild,None
Teen Wolf,1985.0,6.1,49714.0,"Comedy, Fantasy, Romance",91.0,Film,PG,-1.0,Mild,Mild,Mild,Moderate,Mild
I See You,2019.0,6.8,42984.0,"Crime, Drama, Horror",98.0,Film,R,-1.0,None,Moderate,Moderate,Mild,Moderate
A Simple Favor,2018.0,6.8,139621.0,"Comedy, Crime, Mystery",117.0,Film,R,-1.0,Moderate,Mild,Moderate,Mild,Mild
Wonka,2023.0,-1.0,-1.0,"Adventure, Comedy, Family",-1.0,Film,None,-1.0,No Rate,No Rate,No Rate,No Rate,No Rate
Lincoln,2012.0,7.3,252587.0,"Biography, Drama, History",150.0,Film,PG-13,-1.0,None,Moderate,Moderate,Mild,Mild
Big,1988.0,7.3,208676.0,"Comedy, Drama, Fantasy",104.0,Film,PG,-1.0,Mild,Mild,Moderate,Mild,Mild
Prince of Darkness,1987.0,6.7,40511.0,Horror,102.0,Film,R,-1.0,None,Severe,Moderate,Mild,Severe
WALL·E,2008.0,8.4,1045683.0,"Animation, Adventure, Family",98.0,Film,G,-1.0,None,Mild,None,None,Mild
Naked Singularity,2021.0,4.5,1347.0,"Comedy, Crime, Drama",93.0,Film,R,-1.0,Mild,Severe,Severe,Moderate,No Rate
Inside Man,2006.0,7.6,354981.0,"Crime, Drama, Mystery",129.0,Film,R,-1.0,Mild,Moderate,Severe,Mild,Moderate
Christine,1983.0,6.7,77285.0,"Horror, Thriller",110.0,Film,R,-1.0,Mild,Moderate,Severe,Mild,Moderate
I'm Thinking of Ending Things,2020.0,6.6,74508.0,"Drama, Thriller",134.0,Film,R,-1.0,Mild,Mild,Moderate,Mild,Moderate
Yargi,2020.0,8.8,627.0,Drama,-1.0,Series,None,4.0,No Rate,No Rate,No Rate,No Rate,No Rate
The Lives of Others,2006.0,8.4,373678.0,"Drama, Mystery, Thriller",137.0,Film,R,-1.0,Moderate,Mild,Mild,Mild,Moderate
Little Children,2006.0,7.5,109373.0,"Drama, Romance",137.0,Film,R,-1.0,Severe,Moderate,Mild,Mild,Severe
Space Force,2006.0,6.7,50544.0,Comedy,30.0,Series,TV-MA,20.0,None,None,Moderate,Mild,None
Coherence,2013.0,7.2,118395.0,"Drama, Mystery, Sci-Fi",89.0,Film,Not Rated,-1.0,None,Mild,Moderate,Moderate,Moderate
Hanyo,2010.0,6.4,10226.0,"Drama, Thriller",107.0,Film,Not Rated,-1.0,Moderate,Moderate,Moderate,Mild,Moderate
Sense and Sensibility,1995.0,7.7,109600.0,"Drama, Romance",136.0,Film,PG,-1.0,None,None,None,None,None
Apollo 13,1995.0,7.6,281533.0,"Adventure, Drama, History",140.0,Film,PG,-1.0,Mild,None,Mild,Mild,Mild
Batman Returns,1992.0,7.0,286026.0,"Action, Crime, Fantasy",126.0,Film,PG-13,-1.0,Mild,Moderate,Mild,Mild,Moderate
Annabelle: Creation,2017.0,6.5,123707.0,"Horror, Mystery, Thriller",109.0,Film,R,-1.0,None,Moderate,Mild,None,Severe
Star Trek Into Darkness,2013.0,7.7,472816.0,"Action, Adventure, Sci-Fi",132.0,Film,PG-13,-1.0,Mild,Moderate,Mild,Mild,Moderate
The Meg,2018.0,5.6,160906.0,"Action, Horror, Sci-Fi",113.0,Film,PG-13,-1.0,Mild,Moderate,Mild,Mild,Moderate
Mission: Impossible - Rogue Nation,2015.0,7.4,355379.0,"Action, Adventure, Thriller",131.0,Film,PG-13,-1.0,Mild,Moderate,Mild,None,Moderate
Fried Green Tomatoes,1991.0,7.7,70910.0,Drama,130.0,Film,PG-13,-1.0,Mild,Mild,Moderate,Moderate,Moderate
The Fate of the Furious,2017.0,6.6,219871.0,"Action, Adventure, Crime",136.0,Film,PG-13,-1.0,Mild,Moderate,Moderate,Mild,Moderate
Young Justice,2017.0,8.6,35116.0,"Animation, Action, Adventure",23.0,Series,TV-PG,98.0,Mild,Moderate,None,Mild,Moderate
A Classic Horror Story,2021.0,5.7,13501.0,"Drama, Horror, Mystery",95.0,Film,TV-MA,-1.0,Mild,Severe,Moderate,Mild,Severe
Warm Bodies,2013.0,6.8,225161.0,"Comedy, Horror, Romance",98.0,Film,PG-13,-1.0,None,Moderate,Mild,Mild,Mild
The Family Man,2013.0,8.8,76310.0,"Action, Comedy, Drama",45.0,Series,TV-14,19.0,Mild,Moderate,Moderate,Moderate,Moderate
Flash Gordon,1980.0,6.5,53974.0,"Action, Adventure, Sci-Fi",111.0,Film,PG,-1.0,Mild,Mild,Mild,None,Mild
We Need to Talk About Kevin,2011.0,7.5,145273.0,"Drama, Mystery, Thriller",112.0,Film,R,-1.0,Moderate,Moderate,Moderate,Mild,Severe
Kill Bill: Vol. 2,2004.0,8.0,715826.0,"Action, Crime, Thriller",137.0,Film,R,-1.0,Mild,Severe,Severe,Moderate,Moderate
Empire Records,1995.0,6.7,52966.0,"Comedy, Drama, Music",90.0,Film,PG-13,-1.0,Moderate,Mild,Mild,Moderate,Mild
The 40 Year Old Virgin,2005.0,7.1,414222.0,"Comedy, Romance",116.0,Film,R,-1.0,Severe,Mild,Severe,Moderate,None
You're Next,2011.0,6.6,94048.0,"Horror, Thriller",95.0,Film,R,-1.0,Moderate,Severe,Severe,Mild,Severe
Source Code,2011.0,7.5,501079.0,"Action, Drama, Mystery",93.0,Film,PG-13,-1.0,None,Moderate,Mild,None,Moderate
Manhunt,2011.0,8.1,55108.0,"Biography, Crime, Drama",60.0,Series,TV-14,18.0,None,Moderate,Mild,Mild,Mild
Rush Hour,1998.0,7.0,252302.0,"Action, Comedy, Crime",98.0,Film,PG-13,-1.0,None,Moderate,Moderate,Mild,Mild
Saikojiman Gwaenchanha,2020.0,8.7,16038.0,"Comedy, Drama, Romance",80.0,Series,TV-MA,16.0,None,Mild,Mild,Mild,Moderate
Scent of a Woman,1992.0,8.0,279515.0,Drama,156.0,Film,R,-1.0,None,Mild,Moderate,Moderate,Mild
The Piano,1993.0,7.6,82545.0,"Drama, Music, Romance",121.0,Film,R,-1.0,Severe,Moderate,Mild,Mild,Moderate
Pirates of the Caribbean: At World's End,2007.0,7.1,615816.0,"Action, Adventure, Fantasy",169.0,Film,PG-13,-1.0,Mild,Moderate,Mild,Mild,Moderate
The Munsters,2007.0,7.8,13636.0,"Comedy, Family, Fantasy",30.0,Series,TV-PG,72.0,None,Mild,None,Mild,None
Marcella,2007.0,7.4,27564.0,"Crime, Drama, Mystery",45.0,Series,TV-MA,24.0,Moderate,Moderate,Moderate,Mild,Severe
Dredd,2012.0,7.1,263913.0,"Action, Crime, Sci-Fi",95.0,Film,R,-1.0,Moderate,Severe,Severe,Moderate,Moderate
I Am Number Four,2011.0,6.1,232432.0,"Action, Adventure, Sci-Fi",111.0,Film,PG-13,-1.0,None,Moderate,Mild,None,Mild
Noah,2014.0,5.7,249167.0,"Action, Adventure, Drama",138.0,Film,(Banned),-1.0,Mild,Moderate,None,Mild,Severe
End of Watch,2012.0,7.6,236353.0,"Action, Crime, Drama",109.0,Film,R,-1.0,Mild,Severe,Severe,Moderate,Severe
Cannibal Holocaust,1980.0,5.8,53274.0,"Adventure, Horror",95.0,Film,Unrated,-1.0,Severe,Severe,Moderate,Moderate,Severe
Wanted,2008.0,6.7,374835.0,"Action, Crime, Thriller",110.0,Film,R,-1.0,Moderate,Severe,Severe,Mild,Moderate
La vérité,2019.0,6.5,6036.0,Drama,106.0,Film,PG,-1.0,None,None,None,Mild,None
San Andreas,2015.0,6.1,224748.0,"Action, Adventure, Thriller",114.0,Film,PG-13,-1.0,None,Moderate,Mild,None,Moderate
Moonfall,2022.0,-1.0,-1.0,"Action, Adventure, Fantasy",-1.0,Film,None,-1.0,No Rate,No Rate,No Rate,No Rate,No Rate
Thirteen,2003.0,6.8,83648.0,Drama,100.0,Film,(Banned),-1.0,Moderate,Moderate,Severe,Severe,Moderate
East of the Mountains,2021.0,5.6,325.0,"Action, Drama",93.0,Film,None,-1.0,No Rate,No Rate,No Rate,No Rate,No Rate
Days of Our Lives,2021.0,5.1,6506.0,"Drama, Romance",60.0,Series,TV-14,14301.0,Moderate,Mild,Mild,Moderate,Mild
Would You Rather,2012.0,5.7,39913.0,"Horror, Thriller",93.0,Film,Not Rated,-1.0,None,Severe,Moderate,Mild,Severe
Harry Brown,2009.0,7.2,86055.0,"Action, Crime, Drama",103.0,Film,R,-1.0,Moderate,Severe,Severe,Severe,Severe
I Think You Should Leave with Tim Robinson,2009.0,7.9,9363.0,Comedy,16.0,Series,TV-MA,12.0,Mild,Mild,Severe,Mild,None
Memoirs of a Geisha,2005.0,7.4,143435.0,"Drama, Romance",145.0,Film,PG-13,-1.0,Mild,Mild,Mild,Mild,Mild
The Last Ship,2005.0,7.5,56301.0,"Action, Drama, Sci-Fi",60.0,Series,TV-14,56.0,None,Moderate,Mild,Mild,Moderate
Pet Sematary,1989.0,6.6,98838.0,"Fantasy, Horror, Thriller",103.0,Film,R,-1.0,None,Severe,Mild,Mild,Severe
Çukur,1989.0,7.4,13112.0,"Action, Crime, Thriller",120.0,Series,TV-14,132.0,Mild,Moderate,Moderate,Mild,Severe
A Menina que Matou os Pais,2021.0,6.1,2307.0,"Crime, Drama, Thriller",80.0,Film,None,-1.0,No Rate,No Rate,No Rate,No Rate,No Rate
King Kong,2005.0,7.2,407876.0,"Action, Adventure, Drama",187.0,Film,PG-13,-1.0,Mild,Moderate,Mild,Mild,Moderate
A Nightmare on Elm Street 4: The Dream Master,1988.0,5.7,52975.0,Horror,93.0,Film,R,-1.0,Moderate,Severe,Moderate,Mild,Severe
Groundhog Day,1993.0,8.0,596780.0,"Comedy, Fantasy, Romance",101.0,Film,PG,-1.0,Mild,Mild,Mild,Mild,Mild
Cuckoo,1993.0,7.2,8685.0,Comedy,30.0,Series,TV-14,33.0,Mild,Mild,Moderate,Mild,None
Upgrade,2018.0,7.5,172795.0,"Action, Sci-Fi, Thriller",100.0,Film,R,-1.0,None,Severe,Moderate,Mild,Severe
The Peanut Butter Falcon,2019.0,7.6,82741.0,"Adventure, Comedy, Drama",97.0,Film,PG-13,-1.0,None,Mild,Moderate,Mild,Mild
The Bill,2019.0,6.6,3365.0,"Crime, Drama",50.0,Series,TV-14,2404.0,Moderate,Moderate,Moderate,Moderate,Moderate
The Little Mermaid,2023.0,-1.0,-1.0,"Adventure, Family, Fantasy",-1.0,Film,None,-1.0,No Rate,No Rate,No Rate,No Rate,No Rate
Paranormal Activity: Next of Kin,2021.0,-1.0,-1.0,"Horror, Mystery",120.0,Film,R,-1.0,No Rate,No Rate,No Rate,No Rate,No Rate
Masters of Sex,2021.0,7.9,35815.0,"Drama, Romance",60.0,Series,TV-MA,46.0,Severe,Mild,Mild,Mild,Mild
Gilligan's Island,2021.0,7.3,13877.0,"Comedy, Family",30.0,Series,TV-G,99.0,None,None,None,None,None
Meet Joe Black,1998.0,7.2,227535.0,"Drama, Fantasy, Romance",178.0,Film,PG-13,-1.0,Mild,Mild,Mild,Mild,Mild
The Visit,2015.0,6.2,122725.0,"Horror, Mystery, Thriller",94.0,Film,PG-13,-1.0,Mild,Moderate,Mild,Mild,Severe
The Intern,2015.0,7.1,237329.0,"Comedy, Drama",121.0,Film,PG-13,-1.0,Mild,None,Mild,Mild,None
Guns Akimbo,2019.0,6.3,53644.0,"Action, Comedy, Crime",98.0,Film,R,-1.0,Mild,Severe,Severe,Moderate,Moderate
The Haunting in Connecticut,2009.0,5.9,60859.0,"Drama, Horror, Mystery",92.0,Film,PG-13,-1.0,None,Severe,Mild,Mild,Severe
Teenage Mutant Ninja Turtles,1990.0,6.8,89381.0,"Action, Adventure, Comedy",93.0,Film,PG,-1.0,None,Mild,Mild,Mild,Mild
A Tale Dark & Grimm,1990.0,7.4,408.0,"Animation, Action, Adventure",26.0,Series,TV-Y7,10.0,None,Severe,None,Mild,Moderate
Indiana Jones and the Kingdom of the Crystal Skull,2008.0,6.1,438879.0,"Action, Adventure",122.0,Film,PG-13,-1.0,None,Moderate,Mild,Mild,Moderate
Snow White and the Huntsman,2012.0,6.1,281060.0,"Action, Adventure, Drama",127.0,Film,PG-13,-1.0,Mild,Moderate,Mild,Mild,Moderate
John Carter,2012.0,6.6,263224.0,"Action, Adventure, Sci-Fi",132.0,Film,PG-13,-1.0,Mild,Moderate,Mild,Mild,Mild
The Valhalla Murders,2012.0,7.1,10873.0,"Crime, Drama, Mystery",50.0,Series,TV-MA,8.0,Mild,Moderate,Moderate,Mild,Moderate
Friday the 13th Part III,1982.0,5.7,50699.0,"Horror, Thriller",95.0,Film,R,-1.0,Mild,Severe,Moderate,Moderate,Severe
Legend,1985.0,6.4,62792.0,"Adventure, Fantasy, Romance",94.0,Film,PG,-1.0,None,Mild,None,None,Mild
Y tu mamá también,2001.0,7.6,119530.0,Drama,106.0,Film,None,-1.0,No Rate,No Rate,No Rate,No Rate,No Rate
The Last Samurai,2003.0,7.7,416669.0,"Action, Drama",154.0,Film,R,-1.0,None,Severe,Mild,Mild,Moderate
Borderlands,2022.0,-1.0,-1.0,"Action, Adventure, Comedy",-1.0,Film,None,-1.0,No Rate,No Rate,No Rate,No Rate,No Rate
Buffy the Vampire Slayer,1992.0,5.7,43049.0,"Action, Comedy, Fantasy",86.0,Film,PG-13,-1.0,Mild,Mild,Mild,Mild,Mild
Funhouse,2019.0,5.3,5753.0,"Crime, Drama, Horror",106.0,Film,None,-1.0,No Rate,No Rate,No Rate,No Rate,No Rate
West Side Story,1961.0,7.5,102038.0,"Crime, Drama, Musical",153.0,Film,Approved,-1.0,Mild,Mild,Mild,Mild,Moderate
Brothers,2009.0,7.1,117334.0,"Action, Drama, Thriller",105.0,Film,R,-1.0,Mild,Moderate,Severe,Moderate,Severe
Chinatown,1974.0,8.2,310372.0,"Drama, Mystery, Thriller",130.0,Film,R,-1.0,Moderate,Moderate,Moderate,Mild,Moderate
Miss Scarlet and the Duke,1974.0,7.6,4598.0,"Crime, Drama",-1.0,Series,TV-14,12.0,No Rate,Moderate,Moderate,No Rate,No Rate
Sin City: A Dame to Kill For,2014.0,6.5,157073.0,"Action, Crime, Thriller",102.0,Film,R,-1.0,Severe,Severe,Moderate,Moderate,Severe
Frayed,2014.0,7.4,1409.0,"Comedy, Drama",46.0,Series,TV-MA,12.0,No Rate,No Rate,No Rate,No Rate,No Rate
Harrow,2014.0,7.6,6635.0,"Crime, Drama, Mystery",60.0,Series,Not Rated,30.0,Moderate,Moderate,Mild,Mild,Moderate
The Problem with Jon Stewart,2014.0,7.6,443.0,Talk-Show,-1.0,Series,TV-MA,3.0,None,Moderate,Severe,None,Severe
Planet of the Apes,1968.0,8.0,172678.0,"Adventure, Sci-Fi",112.0,Film,G,-1.0,Mild,Moderate,Mild,Mild,Mild
The Florida Project,2017.0,7.6,104132.0,Drama,111.0,Film,R,-1.0,Moderate,Mild,Severe,Moderate,Moderate
Charlie's Angels,2000.0,5.6,182438.0,"Action, Adventure, Comedy",98.0,Film,PG-13,-1.0,Mild,Moderate,Mild,Mild,Mild
Toy Story 4,2019.0,7.7,224010.0,"Animation, Adventure, Comedy",100.0,Film,G,-1.0,None,Mild,None,None,Mild
NYPD Blue,2019.0,7.6,12729.0,"Crime, Drama, Mystery",45.0,Series,TV-14,261.0,Moderate,Moderate,Moderate,Mild,Mild
Like Dogs,2021.0,4.3,221.0,"Horror, Thriller",94.0,Film,None,-1.0,No Rate,No Rate,No Rate,No Rate,No Rate
How Green Was My Valley,1941.0,7.7,22983.0,"Drama, Family",118.0,Film,Passed,-1.0,None,Mild,None,Mild,Mild
Frozen II,2019.0,6.8,153120.0,"Animation, Adventure, Comedy",103.0,Film,PG,-1.0,None,Mild,None,None,Mild
The Passion of the Christ,2004.0,7.2,223084.0,Drama,127.0,Film,R,-1.0,Mild,Severe,Mild,Mild,Severe
Final Destination 5,2011.0,5.8,111229.0,"Action, Horror, Thriller",92.0,Film,R,-1.0,Mild,Severe,Moderate,Mild,Severe
Four Weddings and a Funeral,1994.0,7.1,145926.0,"Comedy, Drama, Romance",117.0,Film,R,-1.0,Mild,None,Moderate,Mild,None
Juno,2007.0,7.4,503955.0,"Comedy, Drama",96.0,Film,PG-13,-1.0,Moderate,Mild,Moderate,Mild,None
The Danish Girl,2015.0,7.1,174461.0,"Biography, Drama, Romance",119.0,Film,R,-1.0,Severe,Mild,Mild,Mild,Mild
In the Heart of the Sea,2015.0,6.9,130763.0,"Action, Adventure, Biography",122.0,Film,PG-13,-1.0,None,Moderate,Mild,Mild,Moderate
Shichinin no samurai,1954.0,8.6,329876.0,"Action, Adventure, Drama",207.0,Film,Not Rated,-1.0,Mild,Mild,Mild,Mild,Mild
Aladdin,1992.0,8.0,387878.0,"Animation, Adventure, Comedy",90.0,Film,G,-1.0,None,Mild,None,None,Mild
Army of One,2020.0,4.7,4288.0,Action,87.0,Film,None,-1.0,No Rate,No Rate,No Rate,No Rate,No Rate
Vinland Saga,2020.0,8.8,23173.0,"Animation, Action, Adventure",24.0,Series,TV-MA,24.0,Mild,Severe,Mild,Mild,Severe
The Grand Tour,2020.0,8.7,68416.0,"Comedy, Talk-Show",60.0,Series,TV-14,41.0,Mild,Mild,Moderate,Mild,None
The Parent Trap,1998.0,6.6,128337.0,"Adventure, Comedy, Drama",128.0,Film,PG,-1.0,Mild,None,None,Mild,None
Into the Badlands,1998.0,8.0,43994.0,"Action, Adventure, Drama",42.0,Series,TV-14,32.0,Mild,Severe,Mild,Mild,Moderate
General Hospital,1998.0,6.5,4668.0,"Crime, Drama, Romance",60.0,Series,TV-PG,6955.0,Moderate,Moderate,Mild,Moderate,Moderate
Lights Out,2016.0,6.3,122266.0,"Drama, Horror, Mystery",81.0,Film,PG-13,-1.0,Mild,Moderate,Mild,Mild,Severe
Phantasm,1979.0,6.7,34703.0,"Horror, Sci-Fi",89.0,Film,R,-1.0,Moderate,Moderate,Mild,Mild,Moderate
"Love, Simon",2018.0,7.6,106511.0,"Comedy, Drama, Romance",110.0,Film,PG-13,-1.0,Mild,None,Mild,Mild,None
101 Dalmatians,1996.0,5.7,107992.0,"Adventure, Comedy, Crime",103.0,Film,G,-1.0,None,Mild,None,Mild,Mild
Halloweentown High,2004.0,6.2,6773.0,"Comedy, Family, Fantasy",82.0,Film,TV-G,-1.0,None,Mild,None,None,Mild
Absentia,2004.0,7.3,14038.0,"Crime, Drama, Mystery",60.0,Series,TV-MA,30.0,Moderate,Moderate,Mild,Mild,Moderate
Peter Pan,2003.0,6.8,69660.0,"Adventure, Family, Fantasy",113.0,Film,PG,-1.0,None,Moderate,None,Mild,Mild
Ava,2020.0,5.4,49118.0,"Action, Crime, Drama",96.0,Film,R,-1.0,Mild,Moderate,Moderate,Mild,Mild
Kong: Skull Island,2017.0,6.6,299551.0,"Action, Adventure, Fantasy",118.0,Film,PG-13,-1.0,None,Moderate,Mild,None,Moderate
The Last Airbender,2010.0,4.0,158582.0,"Action, Adventure, Family",103.0,Film,PG,-1.0,None,Mild,None,None,Moderate
Wagon Train,2010.0,7.5,2689.0,Western,75.0,Series,TV-PG,284.0,Severe,Mild,Severe,Severe,Severe
Ender's Game,2013.0,6.6,231508.0,"Action, Adventure, Fantasy",114.0,Film,PG-13,-1.0,None,Mild,None,None,None
Highlander,1986.0,7.1,129597.0,"Action, Adventure, Fantasy",116.0,Film,R,-1.0,Mild,Severe,Mild,Mild,Moderate
Lilyhammer,1986.0,8.0,28087.0,"Comedy, Crime, Drama",45.0,Series,TV-MA,24.0,Moderate,Moderate,Severe,Moderate,Mild
3 Idiots,2009.0,8.4,369115.0,"Comedy, Drama",170.0,Film,PG-13,-1.0,Mild,Mild,Mild,Mild,Mild
Regular Show,2009.0,8.4,35207.0,"Animation, Action, Adventure",23.0,Series,TV-PG,245.0,Mild,Moderate,Mild,Mild,Moderate
Brave New World,2020.0,7.1,12810.0,"Drama, Sci-Fi, Thriller",415.0,Series,TV-MA,9.0,Severe,Moderate,Moderate,Moderate,Mild
Urban Legend,1998.0,5.6,63730.0,"Horror, Mystery, Thriller",99.0,Film,R,-1.0,Mild,Severe,Moderate,Moderate,Moderate
In Bruges,2008.0,7.9,403984.0,"Comedy, Crime, Drama",107.0,Film,R,-1.0,Mild,Severe,Severe,Severe,Moderate
King Arthur,2004.0,6.3,163364.0,"Action, Adventure, Drama",126.0,Film,PG-13,-1.0,Mild,Severe,Mild,Mild,Moderate
Condor,2004.0,7.7,12843.0,"Action, Drama, Thriller",60.0,Series,TV-MA,20.0,Moderate,Moderate,Moderate,Mild,Mild
Mauseu,2004.0,8.7,2938.0,"Action, Crime, Mystery",80.0,Series,None,22.0,No Rate,No Rate,No Rate,No Rate,No Rate
Jack Reacher: Never Go Back,2016.0,6.1,146693.0,"Action, Crime, Thriller",118.0,Film,PG-13,-1.0,Mild,Moderate,Mild,Mild,Mild
Godzilla: King of the Monsters,2019.0,6.0,167523.0,"Action, Adventure, Fantasy",132.0,Film,PG-13,-1.0,None,Moderate,Moderate,None,Moderate
Iron Fist,2019.0,6.4,121073.0,"Action, Adventure, Crime",55.0,Series,TV-MA,23.0,Mild,Severe,Mild,Moderate,Mild
Bronson,2008.0,7.1,125864.0,"Action, Biography, Crime",92.0,Film,R,-1.0,Severe,Severe,Severe,Mild,Severe
Operation Mincemeat,2022.0,-1.0,-1.0,"Drama, War",128.0,Film,PG-13,-1.0,No Rate,No Rate,No Rate,No Rate,No Rate
28 Weeks Later,2007.0,6.9,267072.0,"Horror, Sci-Fi",100.0,Film,R,-1.0,Mild,Severe,Moderate,Mild,Severe
His House,2020.0,6.5,34610.0,"Drama, Horror, Thriller",93.0,Film,TV-14,-1.0,None,Moderate,None,Mild,Severe
Good Time,2017.0,7.4,104939.0,"Crime, Drama, Thriller",102.0,Film,R,-1.0,Moderate,Moderate,Severe,Severe,Moderate
What's Eating Gilbert Grape,1993.0,7.7,225795.0,Drama,118.0,Film,PG-13,-1.0,Mild,Mild,Mild,Mild,Moderate
Five Feet Apart,2019.0,7.2,55306.0,"Drama, Romance",116.0,Film,PG-13,-1.0,Mild,None,Mild,Mild,Mild
2010: The Year We Make Contact,1984.0,6.8,51553.0,"Adventure, Mystery, Sci-Fi",116.0,Film,PG,-1.0,None,None,Mild,None,Moderate
Bleach: Burîchi,1984.0,8.1,47971.0,"Animation, Action, Adventure",24.0,Series,TV-14,369.0,Mild,Severe,Mild,Mild,Severe
Lethal Weapon,1984.0,7.9,36560.0,"Action, Comedy, Crime",44.0,Series,TV-14,55.0,Mild,Moderate,Mild,Moderate,Moderate
Bhramam,2021.0,6.0,932.0,"Crime, Thriller",152.0,Film,None,-1.0,No Rate,No Rate,No Rate,No Rate,No Rate
The Mummy,2017.0,5.4,179739.0,"Action, Adventure, Fantasy",111.0,Film,PG-13,-1.0,Mild,Moderate,Mild,Mild,Moderate
Speed,1994.0,7.2,345493.0,"Action, Adventure, Thriller",116.0,Film,R,-1.0,None,Moderate,Moderate,None,Moderate
Gattaca,1997.0,7.8,290729.0,"Drama, Sci-Fi, Thriller",106.0,Film,PG-13,-1.0,Mild,Mild,Mild,Mild,Mild
Sully,2016.0,7.4,254285.0,"Biography, Drama",96.0,Film,PG-13,-1.0,None,Mild,Mild,Mild,Moderate
COBRA,2016.0,6.1,2417.0,"Action, Drama",261.0,Series,TV-14,12.0,No Rate,No Rate,Severe,Moderate,No Rate
True Lies,1994.0,7.2,248030.0,"Action, Comedy, Thriller",141.0,Film,R,-1.0,Moderate,Moderate,Moderate,Mild,Moderate
Coming 2 America,2021.0,5.3,62610.0,Comedy,110.0,Film,PG-13,-1.0,Moderate,None,Moderate,Mild,None
Megamind,2010.0,7.2,241536.0,"Animation, Action, Comedy",95.0,Film,PG,-1.0,None,Mild,None,None,Mild
Victoria,2010.0,8.2,24570.0,"Biography, Drama, History",60.0,Series,TV-PG,25.0,Mild,None,None,Mild,Mild
"Extremely Wicked, Shockingly Evil and Vile",2019.0,6.7,86573.0,"Biography, Crime, Drama",110.0,Film,R,-1.0,Moderate,Moderate,Moderate,Moderate,Moderate
Independence Day: Resurgence,2016.0,5.2,173070.0,"Action, Adventure, Sci-Fi",120.0,Film,PG-13,-1.0,None,Moderate,Mild,None,Moderate
The Misfits,2021.0,4.2,6665.0,"Action, Adventure, Thriller",94.0,Film,R,-1.0,Mild,Moderate,Moderate,Moderate,Mild
The Night Clerk,2020.0,5.5,13405.0,"Crime, Drama, Mystery",90.0,Film,R,-1.0,Mild,Moderate,Mild,Mild,Mild
Ma,2019.0,5.6,49362.0,"Horror, Mystery, Thriller",99.0,Film,R,-1.0,Moderate,Severe,Moderate,Severe,Moderate
G.I. Joe: Retaliation,2013.0,5.8,177967.0,"Action, Adventure, Sci-Fi",110.0,Film,PG-13,-1.0,Mild,Moderate,Mild,None,Moderate
Inferno,2016.0,6.2,167593.0,"Action, Adventure, Crime",121.0,Film,PG-13,-1.0,None,Moderate,Mild,None,Moderate
Antichrist,2009.0,6.6,121470.0,"Drama, Horror, Thriller",108.0,Film,Not Rated,-1.0,Severe,Severe,Mild,Mild,Severe
Top Boy,2009.0,8.4,15626.0,"Crime, Drama, Thriller",60.0,Series,Not Rated,19.0,Moderate,Severe,Severe,Severe,Severe
Move to Heaven,2009.0,8.6,3555.0,Drama,60.0,Series,TV-MA,10.0,None,Mild,Mild,Mild,Mild
The Following,2009.0,7.4,85439.0,"Crime, Drama, Horror",43.0,Series,TV-14,45.0,Mild,Severe,Mild,Moderate,Severe
Richard Jewell,2019.0,7.5,75555.0,"Biography, Crime, Drama",131.0,Film,R,-1.0,None,Moderate,Moderate,Mild,Moderate
Young Rock,2019.0,7.2,7024.0,Comedy,-1.0,Series,TV-PG,12.0,None,No Rate,Mild,No Rate,No Rate
7th Heaven,2019.0,5.3,24814.0,"Comedy, Drama, Family",60.0,Series,TV-G,243.0,Mild,Mild,Mild,Moderate,No Rate
Mortal Kombat,1995.0,5.8,114570.0,"Action, Adventure, Fantasy",101.0,Film,PG-13,-1.0,None,Moderate,Mild,Mild,Moderate
The Hustle,2019.0,5.4,53063.0,"Comedy, Crime",93.0,Film,PG-13,-1.0,Mild,None,Mild,Mild,None
Hellboy,2019.0,5.2,84214.0,"Action, Adventure, Fantasy",120.0,Film,R,-1.0,Mild,Severe,Moderate,Moderate,Severe
The Souvenir: Part II,2021.0,8.1,190.0,Drama,106.0,Film,R,-1.0,No Rate,No Rate,No Rate,No Rate,No Rate
iCarly,2021.0,6.7,36383.0,"Comedy, Family, Romance",30.0,Series,TV-G,95.0,Mild,Mild,Mild,None,None
Revolutionary Road,2008.0,7.3,205415.0,"Drama, Romance",119.0,Film,R,-1.0,Moderate,Mild,Moderate,Moderate,Moderate
Looper,2012.0,7.4,551567.0,"Action, Drama, Sci-Fi",113.0,Film,R,-1.0,Moderate,Severe,Severe,Moderate,Moderate
Mission: Impossible,1996.0,7.1,403668.0,"Action, Adventure, Thriller",110.0,Film,PG-13,-1.0,Mild,Moderate,Mild,Mild,Moderate
Frankie Drake Mysteries,1996.0,6.8,2166.0,"Crime, Drama, Mystery",60.0,Series,TV-PG,41.0,Mild,No Rate,Mild,No Rate,No Rate
The Mosquito Coast,1996.0,7.0,8450.0,"Adventure, Drama, Thriller",60.0,Series,TV-MA,8.0,None,Moderate,Moderate,Moderate,Moderate
Slumdog Millionaire,2008.0,8.0,819274.0,"Drama, Romance",120.0,Film,R,-1.0,Mild,Moderate,Moderate,Moderate,Moderate
Hell or High Water,2016.0,7.6,215057.0,"Action, Crime, Drama",102.0,Film,R,-1.0,Mild,Moderate,Moderate,Mild,Moderate
(500) Days of Summer,2009.0,7.7,489549.0,"Comedy, Drama, Romance",95.0,Film,PG-13,-1.0,Mild,Mild,Moderate,Mild,None
The Blob,1988.0,6.6,35041.0,"Horror, Sci-Fi, Thriller",95.0,Film,R,-1.0,Mild,Severe,Mild,Mild,Severe
Son,2021.0,5.6,3700.0,"Horror, Thriller",98.0,Film,Not Rated,-1.0,Mild,Moderate,Moderate,Mild,Moderate
Chicago Party Aunt,2021.0,5.3,766.0,"Animation, Comedy",30.0,Series,TV-MA,8.0,No Rate,No Rate,No Rate,No Rate,No Rate
Space Jam,1996.0,6.5,189578.0,"Animation, Adventure, Comedy",88.0,Film,PG,-1.0,Mild,Mild,Mild,Mild,Mild
Superman,1978.0,7.3,167239.0,"Action, Adventure, Drama",143.0,Film,PG,-1.0,Mild,Mild,Mild,Mild,Mild
Frankenstein,1931.0,7.8,68780.0,"Drama, Horror, Sci-Fi",70.0,Film,Passed,-1.0,None,Mild,None,Mild,Moderate
The Wilds,1931.0,7.3,13430.0,"Adventure, Drama, Mystery",-1.0,Series,TV-14,17.0,Moderate,Mild,Severe,Mild,Mild
Shot Caller,2017.0,7.3,79489.0,"Crime, Drama, Thriller",121.0,Film,R,-1.0,Moderate,Severe,Severe,Mild,Severe
The Huntsman: Winter's War,2016.0,6.1,104105.0,"Action, Adventure, Drama",114.0,Film,PG-13,-1.0,Mild,Moderate,Mild,Mild,Moderate
Into the Woods,2014.0,5.9,136839.0,"Adventure, Comedy, Drama",125.0,Film,PG,-1.0,None,Mild,None,None,Mild
Limetown,2019.0,6.6,2389.0,"Crime, Mystery, Sci-Fi",30.0,Series,TV-14,10.0,No Rate,No Rate,No Rate,No Rate,No Rate
The Maid,2014.0,5.9,1605.0,"Drama, Romance",99.0,Film,None,-1.0,No Rate,No Rate,No Rate,No Rate,No Rate
The A-Team,2014.0,7.5,36026.0,"Action, Adventure, Crime",60.0,Series,TV-PG,97.0,None,Mild,Mild,Mild,Mild
Trading Places,1983.0,7.5,143567.0,Comedy,116.0,Film,R,-1.0,Moderate,Mild,Moderate,Moderate,Mild
Home Improvement,1983.0,7.2,41852.0,"Comedy, Family",22.0,Series,TV-PG,203.0,None,None,Mild,Mild,None
Antebellum,2020.0,5.7,23270.0,"Drama, Horror, Mystery",105.0,Film,R,-1.0,Mild,Moderate,Moderate,Mild,Moderate
The Book of Eli,2010.0,6.9,304459.0,"Action, Adventure, Drama",118.0,Film,R,-1.0,Mild,Severe,Moderate,Mild,Moderate
Heartbeat,2010.0,6.8,3002.0,"Drama, Comedy, Crime",50.0,Series,TV-PG,372.0,Mild,Mild,Mild,Moderate,Mild
Contagion,2011.0,6.8,293504.0,"Drama, Thriller",106.0,Film,PG-13,-1.0,None,Moderate,Mild,Mild,Moderate
Just Go with It,2011.0,6.4,230994.0,"Comedy, Romance",117.0,Film,PG-13,-1.0,Moderate,None,Mild,Mild,None
Silence,2016.0,7.2,106238.0,"Drama, History",161.0,Film,R,-1.0,None,Severe,Mild,None,Severe
Bo Burnham: Inside,2021.0,8.7,38101.0,"Comedy, Drama, Music",87.0,Film,TV-MA,-1.0,Mild,None,Severe,None,Moderate
Deliverance,1972.0,7.7,103681.0,"Adventure, Drama, Thriller",109.0,Film,R,-1.0,Severe,Severe,Moderate,Mild,Severe
The Thin Red Line,1998.0,7.6,180632.0,"Drama, History, War",170.0,Film,R,-1.0,Mild,Severe,Moderate,Mild,Severe
Do the Right Thing,1989.0,8.0,96726.0,"Comedy, Drama",120.0,Film,R,-1.0,Moderate,Moderate,Severe,Mild,Moderate
The Fault in Our Stars,2014.0,7.7,358103.0,"Drama, Romance",126.0,Film,PG-13,-1.0,Mild,Mild,Mild,Mild,Moderate
Run Hide Fight,2020.0,6.4,19392.0,"Crime, Drama, Thriller",109.0,Film,None,-1.0,No Rate,No Rate,No Rate,No Rate,No Rate
Minamata,2020.0,7.7,13890.0,Drama,115.0,Film,R,-1.0,Mild,Mild,Severe,Moderate,Moderate
Leave It to Beaver,2020.0,7.5,7402.0,"Comedy, Family",30.0,Series,TV-G,235.0,None,Mild,None,Mild,None
"I, Robot",2004.0,7.1,516161.0,"Action, Drama, Sci-Fi",115.0,Film,PG-13,-1.0,Mild,Moderate,Moderate,Mild,Moderate
Unbroken,2014.0,7.2,158105.0,"Action, Biography, Drama",137.0,Film,PG-13,-1.0,Mild,Severe,Moderate,Mild,Moderate
Big Eyes,2014.0,7.0,89585.0,"Biography, Crime, Drama",106.0,Film,PG-13,-1.0,None,Mild,Mild,Moderate,Mild
Snowden,2016.0,7.3,145988.0,"Biography, Crime, Drama",134.0,Film,R,-1.0,Moderate,Mild,Moderate,Mild,None
Implanted,2021.0,6.5,2029.0,"Sci-Fi, Thriller",96.0,Film,Unrated,-1.0,No Rate,No Rate,No Rate,No Rate,No Rate
Blazing Saddles,1974.0,7.7,131978.0,"Comedy, Western",93.0,Film,R,-1.0,Mild,Mild,Moderate,Mild,None
Robin Hood,2018.0,5.3,69178.0,"Action, Adventure, Drama",116.0,Film,PG-13,-1.0,Mild,Moderate,Mild,Mild,Moderate
Vertigo,1958.0,8.3,383420.0,"Mystery, Romance, Thriller",128.0,Film,PG,-1.0,Mild,Mild,None,Mild,Moderate
Assassin's Creed,2016.0,5.7,192548.0,"Action, Adventure, Sci-Fi",115.0,Film,PG-13,-1.0,None,Moderate,Mild,Mild,Moderate
Ted,2012.0,6.9,587518.0,Comedy,106.0,Film,R,-1.0,Moderate,Mild,Severe,Severe,None
Con Air,1997.0,6.9,286154.0,"Action, Crime, Thriller",115.0,Film,R,-1.0,Mild,Severe,Severe,Mild,Moderate
The Expendables,2010.0,6.5,335219.0,"Action, Adventure, Thriller",103.0,Film,R,-1.0,Mild,Severe,Moderate,Mild,Moderate
Tales from the Crypt,2010.0,8.0,23121.0,"Comedy, Crime, Fantasy",25.0,Series,TV-MA,96.0,Moderate,Severe,Moderate,Mild,Severe
Shin seiki evangerion,2010.0,8.5,58648.0,"Animation, Action, Drama",24.0,Series,TV-MA,26.0,Moderate,Severe,Moderate,Mild,Severe
The House Next Door,2021.0,3.7,1110.0,"Action, Comedy, Horror",97.0,Film,R,-1.0,Moderate,Mild,Moderate,No Rate,No Rate
Masters of the Universe: Revelation,2021.0,5.1,22432.0,"Animation, Short, Action",25.0,Series,TV-PG,15.0,None,Mild,None,None,Mild
Polar,2019.0,6.3,82395.0,"Action, Crime, Drama",118.0,Film,TV-MA,-1.0,Severe,Severe,Severe,Severe,Moderate
Judy,2019.0,6.8,45981.0,"Biography, Drama, Romance",118.0,Film,PG-13,-1.0,None,None,Moderate,Moderate,Mild
Bee Movie,2007.0,6.1,151417.0,"Animation, Adventure, Comedy",91.0,Film,PG,-1.0,Mild,Mild,Mild,Mild,Mild
Rise of the Footsoldier,2007.0,6.8,19974.0,"Action, Biography, Crime",119.0,Film,R,-1.0,Moderate,Severe,Severe,Severe,Severe
Bone Tomahawk,2015.0,7.1,93605.0,"Drama, Horror, Western",132.0,Film,Not Rated,-1.0,Moderate,Severe,Mild,Mild,Severe
Wynonna Earp,2015.0,7.5,21388.0,"Action, Drama, Fantasy",43.0,Series,TV-14,49.0,Mild,Moderate,Moderate,Moderate,Moderate
Isle of Dogs,2018.0,7.9,152176.0,"Animation, Adventure, Comedy",101.0,Film,PG-13,-1.0,None,Moderate,Mild,None,Moderate
Dix pour cent,2018.0,8.3,11876.0,"Comedy, Drama",52.0,Series,TV-MA,24.0,Moderate,None,Mild,Moderate,None
Best Sellers,2021.0,6.1,1628.0,"Comedy, Drama",102.0,Film,None,-1.0,No Rate,No Rate,No Rate,No Rate,No Rate
Felicity,2021.0,6.8,11160.0,"Drama, Romance",60.0,Series,TV-14,84.0,Mild,Mild,Moderate,Mild,Mild
The Count of Monte Cristo,2002.0,7.7,133384.0,"Action, Adventure, Drama",131.0,Film,PG-13,-1.0,Mild,Moderate,Mild,Mild,Moderate
American Underdog,2021.0,-1.0,-1.0,Drama,-1.0,Film,None,-1.0,No Rate,No Rate,No Rate,No Rate,No Rate
The Babysitters,2007.0,5.6,11438.0,Drama,88.0,Film,R,-1.0,Moderate,Mild,Moderate,Moderate,Mild
Ghost Whisperer,2007.0,6.4,44217.0,"Drama, Fantasy",60.0,Series,TV-PG,107.0,Mild,Mild,Mild,Mild,Moderate
Okja,2017.0,7.3,113282.0,"Action, Adventure, Drama",120.0,Film,TV-MA,-1.0,Mild,Moderate,Moderate,Mild,Severe
Everest,2015.0,7.1,208657.0,"Action, Adventure, Biography",121.0,Film,PG-13,-1.0,None,Mild,None,Mild,Moderate
Percy Jackson & the Olympians: The Lightning Thief,2010.0,5.9,182695.0,"Adventure, Family, Fantasy",118.0,Film,PG,-1.0,None,Moderate,Mild,Mild,Moderate
Beasts of No Nation,2015.0,7.7,77859.0,"Drama, War",137.0,Film,TV-MA,-1.0,Moderate,Severe,Moderate,Moderate,Severe
Hackers,1995.0,6.2,67519.0,"Comedy, Crime, Drama",105.0,Film,PG-13,-1.0,Moderate,Mild,Mild,Mild,None
Moulin Rouge!,2001.0,7.6,274218.0,"Drama, Musical, Romance",127.0,Film,PG-13,-1.0,Mild,Mild,Mild,Mild,Mild
Disappointment Blvd.,2001.0,-1.0,-1.0,"Comedy, Drama, Horror",-1.0,Film,None,-1.0,No Rate,No Rate,No Rate,No Rate,No Rate
Blue Valentine,2010.0,7.3,190897.0,"Drama, Romance",112.0,Film,R,-1.0,Severe,Moderate,Severe,Moderate,Moderate
Hawaii Five-O,2010.0,7.3,6224.0,"Crime, Drama, Mystery",60.0,Series,TV-PG,281.0,No Rate,No Rate,No Rate,No Rate,No Rate
Kindergarten Cop,1990.0,6.2,142709.0,"Action, Comedy, Crime",111.0,Film,PG-13,-1.0,Mild,Moderate,Moderate,Mild,Moderate
This Is the End,2013.0,6.6,396239.0,Comedy,107.0,Film,R,-1.0,Severe,Severe,Severe,Severe,Moderate
The Gift,2015.0,7.0,148028.0,"Drama, Mystery, Thriller",108.0,Film,R,-1.0,Mild,Mild,Moderate,Mild,Moderate
The 4400,2015.0,7.3,43722.0,"Drama, Mystery, Sci-Fi",43.0,Series,TV-14,44.0,Moderate,Moderate,Mild,Mild,Moderate
Monsters University,2013.0,7.2,338526.0,"Animation, Adventure, Comedy",104.0,Film,G,-1.0,None,None,None,None,Mild
La piel que habito,2011.0,7.6,145627.0,"Drama, Horror, Thriller",120.0,Film,R,-1.0,Severe,Severe,Moderate,Moderate,Severe
Drag Me to Hell,2009.0,6.5,194992.0,Horror,99.0,Film,PG-13,-1.0,Mild,Severe,Mild,Mild,Severe
Sicario: Day of the Soldado,2018.0,7.1,136602.0,"Action, Adventure, Crime",122.0,Film,R,-1.0,None,Severe,Moderate,Mild,Severe
A Bronx Tale,1993.0,7.8,134478.0,"Crime, Drama",121.0,Film,R,-1.0,None,Moderate,Severe,Mild,Mild
Rumor Has It...,2005.0,5.5,56343.0,"Comedy, Drama, Romance",97.0,Film,PG-13,-1.0,Mild,None,Mild,Mild,None
When Harry Met Sally...,1989.0,7.6,206286.0,"Comedy, Drama, Romance",95.0,Film,R,-1.0,Mild,None,Moderate,Mild,None
The Fosters,1989.0,7.9,26348.0,"Drama, Romance",60.0,Series,TV-14,104.0,Moderate,Mild,Mild,Mild,Mild
Sleepaway Camp,1983.0,6.3,29814.0,Horror,84.0,Film,R,-1.0,Moderate,Severe,Moderate,Mild,Moderate
Sleeping Beauty,2011.0,5.3,31941.0,"Drama, Romance, Thriller",101.0,Film,Not Rated,-1.0,Severe,Mild,Moderate,Moderate,Moderate
Transformers: The Last Knight,2017.0,5.2,142844.0,"Action, Adventure, Sci-Fi",154.0,Film,PG-13,-1.0,Mild,Moderate,Moderate,Mild,Moderate
Passing,2021.0,6.8,315.0,Drama,98.0,Film,PG-13,-1.0,Mild,Mild,Mild,Mild,Mild
The Death of Stalin,2017.0,7.3,95065.0,"Comedy, Drama, History",107.0,Film,R,-1.0,None,Moderate,Severe,Mild,Mild
Under Wraps,1997.0,6.5,2829.0,"Comedy, Family, Horror",95.0,Film,G,-1.0,None,Moderate,None,None,Mild
The Omen,1976.0,7.5,112851.0,Horror,111.0,Film,R,-1.0,Mild,Moderate,Mild,Mild,Severe
A League of Their Own,1992.0,7.3,99495.0,"Comedy, Drama, Sport",128.0,Film,PG,-1.0,Mild,Mild,Mild,Mild,Mild
Big Hero 6,2014.0,7.8,430849.0,"Animation, Action, Adventure",102.0,Film,PG,-1.0,None,Mild,None,None,Mild
Dracula,1931.0,7.5,49504.0,"Drama, Fantasy, Horror",75.0,Film,Passed,-1.0,None,Mild,None,Mild,Mild
The Other Guys,2010.0,6.7,253460.0,"Action, Comedy, Crime",107.0,Film,PG-13,-1.0,Mild,Moderate,Moderate,Mild,None
He's Just Not That Into You,2009.0,6.4,167023.0,"Comedy, Drama, Romance",129.0,Film,PG-13,-1.0,Moderate,None,Moderate,Mild,None
Warcraft,2016.0,6.8,253612.0,"Action, Adventure, Fantasy",123.0,Film,PG-13,-1.0,None,Moderate,Mild,None,Moderate
Eraserhead,1977.0,7.4,109694.0,"Fantasy, Horror, Thriller",89.0,Film,Not Rated,-1.0,Mild,Moderate,Mild,None,Severe
Once Upon a Time in Mexico,2003.0,6.4,157719.0,"Action, Crime, Thriller",102.0,Film,R,-1.0,Mild,Severe,Moderate,Mild,Moderate
Master and Commander: The Far Side of the World,2003.0,7.4,211885.0,"Action, Adventure, Drama",138.0,Film,PG-13,-1.0,None,Moderate,Mild,Mild,Moderate
My Three Sons,2003.0,7.2,3515.0,"Comedy, Family",30.0,Series,TV-G,380.0,No Rate,No Rate,No Rate,No Rate,No Rate
Dragon Ball Z,2003.0,8.7,120310.0,"Animation, Action, Adventure",24.0,Series,TV-PG,277.0,Mild,Moderate,Mild,Mild,Moderate
Bando,2020.0,5.5,28247.0,"Action, Horror, Thriller",116.0,Film,Not Rated,-1.0,None,Severe,Mild,Mild,Moderate
The Beverly Hillbillies,2020.0,7.2,8904.0,"Comedy, Family",30.0,Series,TV-G,274.0,No Rate,No Rate,No Rate,No Rate,No Rate
RocknRolla,2008.0,7.3,243702.0,"Action, Crime, Thriller",114.0,Film,R,-1.0,Mild,Severe,Severe,Moderate,Moderate
Power Book II: Ghost,2008.0,6.9,4453.0,"Crime, Drama",60.0,Series,TV-MA,20.0,Severe,Severe,Severe,Mild,Moderate
Borgen,2008.0,8.5,21717.0,Drama,58.0,Series,TV-14,38.0,Moderate,No Rate,Mild,No Rate,No Rate
The Life Aquatic with Steve Zissou,2004.0,7.3,187352.0,"Action, Adventure, Comedy",119.0,Film,R,-1.0,Moderate,Mild,Moderate,Moderate,Mild
The Patriot,2000.0,7.2,263252.0,"Action, Drama, History",165.0,Film,R,-1.0,None,Severe,Mild,Mild,Moderate
Matilda,2022.0,-1.0,-1.0,"Comedy, Drama, Family",-1.0,Film,None,-1.0,No Rate,No Rate,No Rate,No Rate,No Rate
A Cinderella Story,2004.0,5.9,84248.0,"Comedy, Family, Romance",95.0,Film,PG,-1.0,None,None,None,None,Mild
Old School,2003.0,7.1,223128.0,Comedy,88.0,Film,R,-1.0,Moderate,Mild,Moderate,Moderate,None
High Life,2018.0,5.8,32274.0,"Adventure, Drama, Horror",113.0,Film,R,-1.0,Severe,Severe,Moderate,Mild,Severe
Sky High,2005.0,6.2,83272.0,"Adventure, Comedy, Family",100.0,Film,PG,-1.0,Mild,Mild,None,None,Mild
Silverado,1985.0,7.2,41327.0,"Action, Crime, Drama",133.0,Film,PG-13,-1.0,None,Moderate,Mild,Mild,Mild
Mr. Nobody,2009.0,7.8,224691.0,"Drama, Fantasy, Romance",141.0,Film,R,-1.0,Moderate,Mild,Mild,Mild,Mild
Salem's Lot,2022.0,-1.0,-1.0,Horror,-1.0,Film,None,-1.0,No Rate,No Rate,No Rate,No Rate,No Rate
Dickinson,2022.0,7.4,8729.0,"Biography, Comedy, Drama",30.0,Series,TV-14,30.0,Moderate,None,Mild,Mild,None
Mank,2020.0,6.9,66789.0,"Biography, Comedy, Drama",131.0,Film,R,-1.0,Mild,Mild,Mild,Moderate,Mild
Lift,2021.0,7.3,2082.0,"Drama, Horror, Mystery",134.0,Film,None,-1.0,No Rate,No Rate,No Rate,No Rate,No Rate
Ammonite,2020.0,6.5,13011.0,"Biography, Drama, History",120.0,Film,R,-1.0,Severe,None,Mild,None,None
Men in Black 3,2012.0,6.8,346992.0,"Action, Adventure, Comedy",106.0,Film,PG-13,-1.0,Mild,Moderate,Mild,Mild,Moderate
Liar Liar,1997.0,6.9,293711.0,"Comedy, Fantasy",86.0,Film,PG-13,-1.0,Moderate,Mild,Mild,Mild,None
Night Court,1997.0,7.6,11825.0,Comedy,30.0,Series,TV-PG,193.0,Mild,Mild,Moderate,Mild,None
Homefront,2013.0,6.5,115503.0,"Action, Crime, Thriller",100.0,Film,R,-1.0,Mild,Severe,Severe,Moderate,Moderate
Matlock,2013.0,7.0,7161.0,"Crime, Drama, Mystery",60.0,Series,TV-PG,181.0,Mild,Mild,None,Mild,None
Furious 6,2013.0,7.0,382192.0,"Action, Adventure, Thriller",130.0,Film,PG-13,-1.0,Mild,Moderate,Moderate,Mild,Mild
Three's Company,2013.0,7.5,13587.0,Comedy,30.0,Series,TV-PG,174.0,Mild,None,Mild,Mild,None
Black and Blue,2019.0,6.4,20172.0,"Action, Crime, Thriller",108.0,Film,R,-1.0,None,Moderate,Moderate,None,Moderate
Vicky Cristina Barcelona,2008.0,7.1,248942.0,"Comedy, Drama, Romance",96.0,Film,PG-13,-1.0,Mild,Mild,Mild,Mild,Mild
Horrible Bosses,2011.0,6.8,433267.0,"Comedy, Crime",98.0,Film,R,-1.0,Moderate,Mild,Severe,Mild,None
Lawless,2012.0,7.3,235103.0,"Crime, Drama",116.0,Film,R,-1.0,Moderate,Severe,Moderate,Moderate,Moderate
Elektra,2005.0,4.7,90046.0,"Action, Adventure, Crime",97.0,Film,PG-13,-1.0,None,Moderate,Mild,None,Mild
Wings,2005.0,7.2,11780.0,"Comedy, Drama",30.0,Series,TV-PG,172.0,Mild,None,Mild,Mild,None
Death Becomes Her,1992.0,6.6,111983.0,"Comedy, Fantasy, Horror",104.0,Film,PG-13,-1.0,Mild,Moderate,Mild,Mild,Mild
Home Before Dark,1992.0,7.5,9094.0,"Crime, Drama, Mystery",45.0,Series,TV-14,20.0,None,Mild,Mild,Mild,Mild
Spooks,1992.0,8.2,15401.0,"Action, Crime, Drama",60.0,Series,TV-14,86.0,Moderate,Moderate,Moderate,Mild,Moderate
Fear and Loathing in Las Vegas,1998.0,7.6,269345.0,"Adventure, Comedy, Drama",118.0,Film,R,-1.0,Mild,Mild,Severe,Severe,Severe
Creep,2014.0,6.4,48305.0,"Horror, Thriller",77.0,Film,R,-1.0,Moderate,Mild,Moderate,Mild,Moderate
The Marvels,2022.0,-1.0,-1.0,"Action, Adventure, Fantasy",-1.0,Film,None,-1.0,No Rate,No Rate,No Rate,No Rate,No Rate
Alvin and the Chipmunks,2007.0,5.2,80971.0,"Animation, Adventure, Comedy",92.0,Film,PG,-1.0,Mild,Mild,Mild,Mild,Mild
EastEnders,2007.0,4.7,8018.0,"Crime, Drama, Romance",30.0,Series,TV-PG,8002.0,Mild,Moderate,Mild,Moderate,Severe
RED 2,2013.0,6.6,165555.0,"Action, Adventure, Comedy",116.0,Film,PG-13,-1.0,None,Moderate,Moderate,Mild,Mild
Below Deck,2013.0,7.4,2512.0,Reality-TV,43.0,Series,TV-14,125.0,No Rate,No Rate,No Rate,No Rate,No Rate
Men in Black: International,2019.0,5.6,123539.0,"Action, Adventure, Comedy",114.0,Film,PG-13,-1.0,Mild,Mild,Mild,Mild,Mild
All in the Family,2019.0,8.3,15249.0,"Comedy, Drama",30.0,Series,TV-PG,208.0,Mild,None,Moderate,Mild,None
Pokémon: Detective Pikachu,2019.0,6.6,150485.0,"Action, Adventure, Comedy",104.0,Film,PG,-1.0,None,Mild,Mild,Mild,Mild
Magic Mike,2012.0,6.1,134937.0,"Comedy, Drama",110.0,Film,R,-1.0,Severe,Mild,Severe,Severe,Mild
Battleship,2012.0,5.8,241840.0,"Action, Adventure, Sci-Fi",131.0,Film,PG-13,-1.0,Mild,Moderate,Mild,Mild,Mild
He-Man and the Masters of the Universe,2012.0,6.2,932.0,"Animation, Action, Adventure",26.0,Series,TV-Y7,10.0,No Rate,No Rate,No Rate,No Rate,No Rate
Lois & Clark: The New Adventures of Superman,2012.0,6.7,22945.0,"Adventure, Comedy, Drama",46.0,Series,TV-PG,87.0,None,Mild,Mild,Mild,Mild
The Purge: Anarchy,2014.0,6.4,146281.0,"Action, Horror, Sci-Fi",103.0,Film,R,-1.0,Mild,Severe,Severe,Moderate,Severe
Primal Fear,1996.0,7.7,201021.0,"Crime, Drama, Mystery",129.0,Film,R,-1.0,Moderate,Moderate,Severe,Mild,Moderate
Serenity,2005.0,7.8,289545.0,"Action, Adventure, Sci-Fi",119.0,Film,PG-13,-1.0,Mild,Moderate,Mild,Mild,Moderate
Mystic Pizza,1988.0,6.3,27882.0,"Comedy, Drama, Romance",104.0,Film,R,-1.0,Mild,None,Moderate,Mild,None
Chappie,2015.0,6.8,240135.0,"Action, Crime, Drama",120.0,Film,R,-1.0,Mild,Severe,Severe,Moderate,Moderate
To Die For,1995.0,6.8,46204.0,"Comedy, Crime, Drama",106.0,Film,R,-1.0,Moderate,Mild,Moderate,Mild,Mild
Bad Times at the El Royale,2018.0,7.1,138730.0,"Crime, Drama, Mystery",141.0,Film,R,-1.0,Mild,Severe,Moderate,Moderate,Moderate
Limitless,2011.0,7.4,546100.0,"Sci-Fi, Thriller",105.0,Film,PG-13,-1.0,Moderate,Moderate,Moderate,Severe,Moderate
Blue Velvet,1986.0,7.7,189693.0,"Drama, Mystery, Thriller",120.0,Film,R,-1.0,Severe,Severe,Severe,Moderate,Severe
Ride Along 2,2016.0,5.9,55926.0,"Action, Comedy, Crime",102.0,Film,PG-13,-1.0,Mild,Mild,Moderate,Mild,None
Dodgeball: A True Underdog Story,2004.0,6.7,238223.0,"Comedy, Sport",92.0,Film,PG-13,-1.0,Moderate,Mild,Moderate,Mild,None
Color Out of Space,2019.0,6.2,41559.0,"Horror, Mystery, Sci-Fi",111.0,Film,Unrated,-1.0,Mild,Severe,Severe,Mild,Severe
Immortals,2011.0,6.0,164690.0,"Action, Drama, Fantasy",110.0,Film,R,-1.0,Moderate,Severe,Mild,None,Moderate
X-Men: The Last Stand,2006.0,6.7,497193.0,"Action, Adventure, Sci-Fi",104.0,Film,PG-13,-1.0,Mild,Moderate,Moderate,Mild,Moderate
Utopia,2020.0,6.7,12329.0,"Action, Drama, Mystery",55.0,Series,TV-MA,8.0,Mild,Severe,Moderate,Mild,Moderate
How the West Was Won,1962.0,7.1,19878.0,Western,164.0,Film,G,-1.0,None,Mild,None,Mild,Mild
The Goes Wrong Show,1962.0,8.5,1598.0,Comedy,29.0,Series,TV-PG,12.0,Mild,Mild,Mild,Mild,Mild
"Girl, Interrupted",1999.0,7.3,173524.0,"Biography, Drama",127.0,Film,R,-1.0,Mild,Moderate,Severe,Moderate,Moderate
GLOW,1999.0,8.0,43122.0,"Comedy, Drama, Sport",35.0,Series,TV-MA,30.0,Severe,Mild,Severe,Moderate,None
Santa Clarita Diet,1999.0,7.8,61510.0,"Comedy, Horror",30.0,Series,TV-MA,30.0,Mild,Severe,Severe,Mild,Moderate
Panic Room,2002.0,6.8,269667.0,"Crime, Drama, Thriller",112.0,Film,R,-1.0,None,Severe,Severe,Mild,Severe
Vice,2018.0,7.2,133704.0,"Biography, Comedy, Drama",132.0,Film,R,-1.0,Mild,Moderate,Moderate,Mild,Moderate
Batman,2018.0,7.5,20261.0,"Action, Adventure, Comedy",25.0,Series,TV-G,120.0,None,Mild,None,Mild,Mild
The Craft: Legacy,2020.0,4.4,10808.0,"Drama, Fantasy, Horror",97.0,Film,PG-13,-1.0,Mild,Moderate,Mild,None,Mild
Mononoke-hime,1997.0,8.4,366379.0,"Animation, Action, Adventure",134.0,Film,PG-13,-1.0,None,Severe,Mild,Mild,Moderate
Ambulance,2022.0,-1.0,-1.0,"Action, Crime, Drama",-1.0,Film,None,-1.0,No Rate,No Rate,No Rate,No Rate,No Rate
Inside No. 9,2022.0,8.5,14688.0,"Comedy, Drama, Horror",30.0,Series,TV-MA,39.0,Mild,Moderate,Moderate,Mild,Moderate
Near Dark,1987.0,7.0,36449.0,"Action, Crime, Drama",94.0,Film,R,-1.0,None,Moderate,Moderate,Mild,Moderate
Death Note,2017.0,4.4,80935.0,"Action, Crime, Drama",101.0,Film,TV-MA,-1.0,Mild,Severe,Severe,Mild,Severe
Marco Polo,2017.0,8.0,68402.0,"Adventure, Drama, History",60.0,Series,TV-MA,20.0,Severe,Severe,Mild,Moderate,Moderate
Karen,2021.0,2.8,1504.0,"Crime, Drama, Thriller",89.0,Film,TV-14,-1.0,Mild,Severe,Severe,Severe,Severe
Before I Wake,2016.0,6.2,43533.0,"Drama, Fantasy, Horror",97.0,Film,PG-13,-1.0,None,Mild,None,Mild,Moderate
Kol,2020.0,7.1,25697.0,"Crime, Horror, Mystery",112.0,Film,TV-MA,-1.0,None,Severe,Moderate,Mild,Severe
It's a Wonderful Life,1946.0,8.6,423418.0,"Drama, Family, Fantasy",130.0,Film,PG,-1.0,None,Mild,None,Mild,Mild
Shrek 2,2004.0,7.2,437621.0,"Animation, Adventure, Comedy",93.0,Film,PG,-1.0,Mild,Mild,Mild,Mild,Mild
McLeod's Daughters,2004.0,7.3,5495.0,"Drama, Romance",45.0,Series,TV-14,224.0,Mild,Mild,Mild,Mild,Moderate
Peep Show,2004.0,8.6,56229.0,Comedy,25.0,Series,TV-MA,54.0,Moderate,Mild,Severe,Severe,None
Strike,2004.0,7.9,12685.0,"Crime, Drama, Mystery",60.0,Series,TV-MA,11.0,Mild,Moderate,Moderate,Moderate,Moderate
Cube,1997.0,7.2,221474.0,"Drama, Mystery, Sci-Fi",90.0,Film,R,-1.0,Mild,Severe,Moderate,None,Severe
The Howling,1981.0,6.6,33278.0,Horror,91.0,Film,R,-1.0,Moderate,Severe,Mild,Mild,Severe
Cowboys & Aliens,2011.0,6.0,214276.0,"Action, Sci-Fi, Thriller",119.0,Film,PG-13,-1.0,Mild,Moderate,Mild,Mild,Moderate
The Place Beyond the Pines,2012.0,7.3,256757.0,"Crime, Drama, Thriller",140.0,Film,R,-1.0,Mild,Moderate,Severe,Moderate,Moderate
Below Her Mouth,2016.0,5.5,11467.0,"Drama, Romance",94.0,Film,Not Rated,-1.0,Severe,None,Mild,Mild,None
Hogan's Heroes,2016.0,7.8,9436.0,"Comedy, War",25.0,Series,TV-PG,168.0,None,None,None,Mild,No Rate
Superintelligence,2020.0,5.4,8571.0,"Comedy, Romance, Sci-Fi",106.0,Film,PG,-1.0,Mild,None,Mild,Mild,Mild
Ace Ventura: Pet Detective,1994.0,6.9,287991.0,Comedy,86.0,Film,PG-13,-1.0,Moderate,Mild,Moderate,Mild,Mild
Der Untergang,2004.0,8.2,342483.0,"Biography, Drama, History",156.0,Film,R,-1.0,Mild,Severe,Mild,Moderate,Severe
Arachnophobia,1990.0,6.4,66985.0,"Comedy, Horror, Thriller",109.0,Film,PG-13,-1.0,Mild,Moderate,Mild,Mild,Severe
Gangster Squad,2013.0,6.7,210541.0,"Action, Crime, Drama",113.0,Film,R,-1.0,Mild,Severe,Severe,Moderate,Moderate
Capone,2020.0,4.7,18869.0,"Biography, Crime, Drama",103.0,Film,R,-1.0,Mild,Severe,Severe,Moderate,Moderate
Escape from New York,1981.0,7.2,134668.0,"Action, Adventure, Sci-Fi",99.0,Film,R,-1.0,Mild,Moderate,Moderate,Mild,Moderate
Raging Bull,1980.0,8.2,336631.0,"Biography, Drama, Sport",129.0,Film,R,-1.0,Mild,Moderate,Severe,Mild,Moderate
Honest Thief,2020.0,6.0,43570.0,"Action, Crime, Drama",99.0,Film,PG-13,-1.0,None,Moderate,Mild,Mild,Mild
Sneaky Pete,2020.0,8.1,33471.0,Crime,60.0,Series,TV-MA,30.0,Moderate,Mild,Severe,Mild,Mild
12 Mighty Orphans,2021.0,6.8,2576.0,"History, Sport",118.0,Film,PG-13,-1.0,Mild,Mild,Mild,Mild,Mild
The Kitchen,2019.0,5.5,18911.0,"Action, Crime, Drama",102.0,Film,R,-1.0,Mild,Severe,Severe,Mild,Moderate
The Lost World: Jurassic Park,1997.0,6.6,395341.0,"Action, Adventure, Sci-Fi",129.0,Film,PG-13,-1.0,None,Moderate,Mild,Mild,Severe
Lie with Me,2005.0,5.3,14882.0,"Drama, Romance",93.0,Film,Not Rated,-1.0,Severe,Mild,Moderate,Mild,No Rate
The Wedding Singer,1998.0,6.9,141874.0,"Comedy, Music, Romance",97.0,Film,PG-13,-1.0,Mild,Mild,Moderate,Mild,None
Dawn of the Dead,1978.0,7.9,116182.0,"Horror, Thriller",127.0,Film,Unrated,-1.0,Mild,Severe,Moderate,Mild,Severe
The Twilight Saga: Eclipse,2010.0,5.0,236536.0,"Action, Adventure, Drama",124.0,Film,PG-13,-1.0,Mild,Moderate,Mild,Mild,Moderate
The Circle,2010.0,7.3,5929.0,"Game-Show, Reality-TV",48.0,Series,TV-MA,40.0,Mild,None,Moderate,Mild,None
Deadly Friend,1986.0,5.6,7248.0,"Drama, Horror, Sci-Fi",91.0,Film,R,-1.0,None,Severe,Moderate,Mild,Severe
Searching,2018.0,7.6,152434.0,"Drama, Mystery, Thriller",102.0,Film,PG-13,-1.0,None,Mild,Mild,Mild,Mild
Rushmore,1998.0,7.7,176496.0,"Comedy, Drama, Romance",93.0,Film,R,-1.0,Mild,Mild,Moderate,Mild,None
The Fugitive,1993.0,7.8,279990.0,"Action, Crime, Drama",130.0,Film,PG-13,-1.0,Mild,Moderate,Moderate,Mild,Moderate
Edge of the World,2021.0,5.2,1345.0,"Adventure, Drama",104.0,Film,None,-1.0,No Rate,No Rate,No Rate,No Rate,No Rate
Frontier,2021.0,7.2,18879.0,"Adventure, Drama, History",60.0,Series,TV-MA,18.0,Moderate,Severe,Moderate,Mild,Moderate
The Happening,2008.0,5.0,201651.0,"Drama, Mystery, Sci-Fi",91.0,Film,R,-1.0,None,Moderate,Mild,None,Moderate
The Texas Chainsaw Massacre: The Beginning,2006.0,5.8,69966.0,"Horror, Thriller",91.0,Film,R,-1.0,Mild,Severe,Severe,Mild,Severe
Wild Crime,2006.0,7.7,168.0,"Documentary, Crime, Mystery",-1.0,Series,None,4.0,No Rate,No Rate,No Rate,No Rate,No Rate
Gone Baby Gone,2007.0,7.6,262940.0,"Crime, Drama, Mystery",114.0,Film,R,-1.0,Mild,Severe,Severe,Moderate,Moderate
Chef,2014.0,7.3,206395.0,"Adventure, Comedy, Drama",114.0,Film,R,-1.0,Mild,None,Moderate,Mild,None
Untitled David O. Russell,2022.0,-1.0,-1.0,"Drama, History",-1.0,Film,None,-1.0,No Rate,No Rate,No Rate,No Rate,No Rate
Shadow in the Cloud,2020.0,4.9,21544.0,"Action, Horror, War",83.0,Film,R,-1.0,None,Moderate,Severe,None,Moderate
Monty Python and the Holy Grail,1975.0,8.2,518859.0,"Adventure, Comedy, Fantasy",91.0,Film,PG,-1.0,Mild,Moderate,Moderate,None,Mild
A.I. Artificial Intelligence,2001.0,7.2,298761.0,"Drama, Sci-Fi",146.0,Film,PG-13,-1.0,Mild,Mild,Mild,Mild,Moderate
The Secret Life of Walter Mitty,2013.0,7.3,304229.0,"Adventure, Comedy, Drama",114.0,Film,PG,-1.0,None,Mild,Mild,Mild,Mild
How to Train Your Dragon,2010.0,8.1,695722.0,"Animation, Action, Adventure",98.0,Film,PG,-1.0,None,Mild,None,None,Mild
Dr. Strangelove or: How I Learned to Stop Worrying and Love the Bomb,1964.0,8.4,468803.0,Comedy,95.0,Film,PG,-1.0,Mild,Mild,Mild,Mild,Mild
Rio Bravo,1959.0,8.0,59307.0,"Action, Drama, Western",141.0,Film,Passed,-1.0,Mild,Mild,Mild,Moderate,Mild
Fresh Off the Boat,1959.0,7.8,23781.0,Comedy,22.0,Series,TV-PG,116.0,None,Mild,Mild,No Rate,No Rate
Love Story,2021.0,7.8,1734.0,Romance,155.0,Film,None,-1.0,No Rate,No Rate,No Rate,No Rate,No Rate
The Virginian,2021.0,7.6,2304.0,Western,75.0,Series,TV-PG,249.0,No Rate,No Rate,No Rate,No Rate,No Rate
The Hole,2001.0,6.2,45619.0,"Drama, Mystery, Thriller",102.0,Film,R,-1.0,Moderate,Moderate,Moderate,Moderate,Severe
Ballers,2001.0,7.6,40378.0,"Comedy, Drama, Sport",30.0,Series,TV-MA,47.0,Severe,Mild,Severe,Moderate,None
"I, Tonya",2017.0,7.5,199050.0,"Biography, Comedy, Drama",119.0,Film,R,-1.0,Moderate,Moderate,Severe,Moderate,Moderate
The League of Extraordinary Gentlemen,2003.0,5.8,172315.0,"Action, Adventure, Fantasy",110.0,Film,PG-13,-1.0,None,Moderate,Mild,Mild,Moderate
Needle in a Timestack,2021.0,3.7,185.0,"Drama, Fantasy, Romance",111.0,Film,R,-1.0,No Rate,No Rate,No Rate,No Rate,No Rate
Marley & Me,2008.0,7.1,152084.0,"Comedy, Drama, Family",111.0,Film,PG,-1.0,Mild,Mild,Moderate,None,Moderate
Sorjonen,2008.0,7.6,8919.0,"Crime, Drama, Mystery",60.0,Series,TV-MA,31.0,Moderate,Moderate,Mild,Moderate,Moderate
Wellington Paranormal,2008.0,7.7,3774.0,"Comedy, Crime, Fantasy",30.0,Series,TV-14,25.0,No Rate,No Rate,No Rate,No Rate,No Rate
Weird Science,1985.0,6.6,84331.0,"Comedy, Romance, Sci-Fi",94.0,Film,PG-13,-1.0,Mild,Mild,Moderate,Mild,Mild
Takt Op. Destiny,1985.0,8.5,291.0,"Animation, Action, Adventure",24.0,Series,TV-14,3.0,No Rate,No Rate,No Rate,No Rate,No Rate
Tron,2010.0,6.8,323562.0,"Action, Adventure, Sci-Fi",125.0,Film,PG,-1.0,None,Mild,Mild,Mild,Moderate
Solar Opposites,2010.0,8.0,16415.0,"Animation, Comedy, Sci-Fi",22.0,Series,TV-MA,40.0,Moderate,Severe,Severe,Moderate,Moderate
First Blood,1982.0,7.7,238730.0,"Action, Adventure",93.0,Film,R,-1.0,Mild,Moderate,Moderate,Mild,Moderate
1922,2017.0,6.3,58261.0,"Crime, Drama, Horror",102.0,Film,TV-MA,-1.0,None,Severe,Mild,Mild,Moderate
Excalibur,1981.0,7.4,59746.0,"Action, Adventure, Drama",140.0,Film,R,-1.0,Moderate,Moderate,None,None,Mild
Goosebumps,1981.0,7.7,12767.0,"Family, Fantasy, Horror",22.0,Series,TV-Y7,74.0,None,Mild,None,None,Moderate
Perry Mason,1981.0,7.5,16950.0,"Crime, Drama",60.0,Series,TV-MA,9.0,Severe,Moderate,Moderate,Moderate,Moderate
Mannix,1981.0,7.3,3105.0,"Action, Crime, Drama",60.0,Series,TV-PG,194.0,None,Mild,None,Mild,Moderate
"Ada Twist, Scientist",1981.0,7.4,55.0,"Animation, Adventure, Comedy",12.0,Series,TV-PG,7.0,No Rate,No Rate,No Rate,No Rate,No Rate
La cocinera de Castamar,2021.0,7.4,2666.0,Drama,-1.0,Series,TV-MA,12.0,Moderate,Mild,Mild,Mild,Mild
Annie,1982.0,6.6,42452.0,"Comedy, Drama, Family",126.0,Film,PG,-1.0,Mild,Mild,Mild,Mild,Mild
The Bourne Identity,2002.0,7.9,524928.0,"Action, Mystery, Thriller",119.0,Film,PG-13,-1.0,Mild,Moderate,Moderate,Mild,Moderate
Fractured,2019.0,6.4,65103.0,"Mystery, Thriller",99.0,Film,TV-MA,-1.0,None,Moderate,Moderate,Mild,Moderate
Beverly Hills Cop,1984.0,7.3,174607.0,"Action, Comedy, Crime",105.0,Film,R,-1.0,Moderate,Moderate,Severe,Mild,Mild
Resident Evil: The Final Chapter,2016.0,5.5,88801.0,"Action, Horror, Sci-Fi",107.0,Film,R,-1.0,None,Severe,Moderate,None,Moderate
Ragtime,1981.0,7.3,9346.0,Drama,155.0,Film,PG,-1.0,Mild,Moderate,Moderate,Mild,No Rate
The Belko Experiment,2016.0,6.1,48055.0,"Horror, Thriller",89.0,Film,R,-1.0,Mild,Severe,Severe,Mild,Severe
Traffic,2000.0,7.6,202098.0,"Crime, Drama, Thriller",147.0,Film,R,-1.0,Moderate,Moderate,Severe,Severe,Moderate
National Lampoon's Vacation,1983.0,7.4,102378.0,"Adventure, Comedy",98.0,Film,R,-1.0,Moderate,Mild,Moderate,Moderate,Mild
Gåsmamman,1983.0,7.5,2546.0,"Crime, Thriller",45.0,Series,None,46.0,No Rate,No Rate,No Rate,No Rate,No Rate
Hunt for the Wilderpeople,2016.0,7.9,121089.0,"Adventure, Comedy, Drama",101.0,Film,PG-13,-1.0,Mild,Moderate,Moderate,Mild,Mild
Gone in Sixty Seconds,2000.0,6.5,268597.0,"Action, Crime, Thriller",118.0,Film,PG-13,-1.0,Moderate,Moderate,Moderate,Mild,Mild
12 Monkeys,2000.0,7.7,42680.0,"Adventure, Drama, Mystery",42.0,Series,TV-14,47.0,Mild,Moderate,Moderate,Mild,Moderate
A Ghost Story,2017.0,6.9,66758.0,"Drama, Fantasy, Romance",92.0,Film,R,-1.0,Mild,Mild,Mild,Mild,Mild
Paranormal Activity,2007.0,6.3,228771.0,"Horror, Mystery",86.0,Film,R,-1.0,None,Mild,Moderate,Mild,Severe
Jane Eyre,2011.0,7.3,84734.0,"Drama, Romance",120.0,Film,PG-13,-1.0,None,Mild,Mild,Mild,Moderate
Stowaway,2021.0,5.6,39648.0,"Drama, Sci-Fi, Thriller",116.0,Film,TV-MA,-1.0,None,None,Mild,None,Mild
Hudson & Rex,2021.0,7.1,1497.0,"Crime, Drama, Mystery",45.0,Series,Not Rated,53.0,None,No Rate,Mild,No Rate,No Rate
The Losers,2010.0,6.3,97873.0,"Action, Adventure, Crime",97.0,Film,PG-13,-1.0,Mild,Moderate,Moderate,Mild,Moderate
Texas Chainsaw 3D,2013.0,4.8,47795.0,"Horror, Thriller",92.0,Film,R,-1.0,Mild,Severe,Severe,Mild,Severe
Tag,2018.0,6.5,124702.0,"Action, Comedy",100.0,Film,R,-1.0,Moderate,Mild,Severe,Moderate,None
After Hours,1985.0,7.7,64857.0,"Comedy, Crime, Drama",97.0,Film,R,-1.0,Moderate,Mild,Mild,Moderate,Mild
Fear,1996.0,6.2,45246.0,"Drama, Thriller",97.0,Film,R,-1.0,Moderate,Severe,Moderate,Moderate,Severe
Porky's,1981.0,6.2,40787.0,Comedy,94.0,Film,R,-1.0,Moderate,Mild,Moderate,Mild,None
The Irregulars,2021.0,6.0,13379.0,"Crime, Drama, Fantasy",-1.0,Series,TV-14,8.0,Mild,Moderate,Mild,Mild,Moderate
The Rain,2021.0,6.3,33821.0,"Drama, Sci-Fi, Thriller",45.0,Series,TV-MA,20.0,Mild,Moderate,Moderate,Mild,Moderate
Clique,2021.0,7.0,2726.0,"Drama, Thriller",43.0,Series,TV-MA,12.0,Moderate,No Rate,Severe,Moderate,No Rate
The Purge,2021.0,6.5,14894.0,"Action, Drama, Horror",42.0,Series,TV-MA,20.0,Mild,Severe,Moderate,Mild,Severe
Blackhat,2015.0,5.4,56909.0,"Action, Crime, Thriller",133.0,Film,R,-1.0,Mild,Moderate,Mild,Mild,Moderate
Benidorm,2015.0,7.4,4639.0,Comedy,30.0,Series,Not Rated,74.0,Moderate,None,Moderate,Mild,Mild
October Sky,1999.0,7.8,87180.0,"Biography, Drama, Family",108.0,Film,PG,-1.0,None,Mild,Mild,None,Mild
Murder Mystery,2019.0,6.0,113714.0,"Action, Comedy, Crime",97.0,Film,PG-13,-1.0,Mild,Mild,Mild,Mild,Mild
Genius,2019.0,8.3,17684.0,"Biography, Drama, History",43.0,Series,TV-14,29.0,Moderate,Moderate,Mild,Mild,Mild
Mamma Mia! Here We Go Again,2018.0,6.6,87351.0,"Comedy, Musical, Romance",114.0,Film,PG-13,-1.0,Mild,None,None,Mild,None
Kôdo giasu - Hangyaku no rurûshu: Code Geass - Lelouch of the Rebellion,2018.0,8.7,58256.0,"Animation, Action, Drama",24.0,Series,TV-14,54.0,Moderate,Moderate,Mild,Mild,Severe
The Exorcist III,1990.0,6.5,29623.0,"Drama, Horror, Mystery",110.0,Film,R,-1.0,Mild,Moderate,Mild,Mild,Severe
Halloweentown II: Kalabar's Revenge,2001.0,6.5,8229.0,"Adventure, Family, Fantasy",81.0,Film,TV-PG,-1.0,None,None,None,None,Mild
Murder on the Orient Express,1974.0,7.3,58838.0,"Crime, Drama, Mystery",128.0,Film,PG,-1.0,None,Mild,None,Mild,Mild
Romancing the Stone,1984.0,6.9,88373.0,"Action, Adventure, Comedy",106.0,Film,PG,-1.0,Mild,Moderate,Mild,Mild,Mild
Unbreakable,2000.0,7.3,401871.0,"Drama, Mystery, Sci-Fi",106.0,Film,PG-13,-1.0,Mild,Moderate,Mild,Mild,Moderate
Boyz n the Hood,1991.0,7.8,133409.0,"Crime, Drama",112.0,Film,R,-1.0,Moderate,Moderate,Severe,Moderate,Severe
Vis a vis,1991.0,8.2,19515.0,"Action, Adventure, Drama",53.0,Series,TV-MA,51.0,Severe,Moderate,Moderate,Severe,Moderate
Easy A,2010.0,7.0,373327.0,"Comedy, Drama, Romance",92.0,Film,PG-13,-1.0,Moderate,Mild,Moderate,Mild,None
Little Miss Sunshine,2006.0,7.8,455783.0,"Comedy, Drama",101.0,Film,R,-1.0,Mild,None,Moderate,Moderate,Mild
Austin Powers in Goldmember,2002.0,6.2,202335.0,"Action, Adventure, Comedy",94.0,Film,PG-13,-1.0,Moderate,Moderate,Moderate,Mild,Mild
American Graffiti,1973.0,7.4,85695.0,"Comedy, Drama",110.0,Film,PG,-1.0,Mild,Mild,Moderate,Mild,Mild
21 Jump Street,1973.0,7.3,11709.0,"Crime, Drama, Mystery",60.0,Series,TV-14,102.0,None,Moderate,Mild,Moderate,Moderate
The Alpines,2021.0,5.7,2249.0,"Drama, Horror, Mystery",93.0,Film,None,-1.0,No Rate,No Rate,No Rate,No Rate,No Rate
The Young and the Restless,2021.0,5.1,5978.0,"Drama, Romance",60.0,Series,TV-14,12277.0,Moderate,Severe,Severe,Mild,Mild
If Beale Street Could Talk,2018.0,7.1,46133.0,"Drama, Romance",119.0,Film,R,-1.0,Moderate,Mild,Moderate,Mild,Mild
Firefly Lane,2018.0,7.4,17997.0,"Drama, Romance",-1.0,Series,TV-MA,11.0,Moderate,None,Moderate,Moderate,Mild
Falling Down,1993.0,7.6,180611.0,"Action, Crime, Drama",113.0,Film,R,-1.0,Mild,Moderate,Severe,Mild,Severe
Hotel Transylvania 2,2015.0,6.7,116092.0,"Animation, Adventure, Comedy",89.0,Film,PG,-1.0,None,Mild,None,None,Mild
Public Enemies,2009.0,7.0,290768.0,"Biography, Crime, Drama",140.0,Film,R,-1.0,Mild,Moderate,Mild,Mild,Moderate
Blades of Glory,2007.0,6.3,163246.0,"Comedy, Sport",93.0,Film,PG-13,-1.0,Moderate,Mild,Moderate,Mild,None
Workin' Moms,2007.0,7.7,13691.0,Comedy,30.0,Series,TV-MA,70.0,Moderate,None,Moderate,Moderate,None
Pitch Perfect 2,2015.0,6.4,149127.0,"Comedy, Music",115.0,Film,PG-13,-1.0,Mild,None,Mild,Mild,None
Inherent Vice,2014.0,6.7,99335.0,"Comedy, Crime, Drama",148.0,Film,R,-1.0,Moderate,Mild,Severe,Severe,Moderate
The Replacements,2000.0,6.6,61174.0,"Comedy, Sport",118.0,Film,PG-13,-1.0,Mild,Mild,Moderate,Mild,Mild
Defiance,2008.0,7.2,143033.0,"Action, Drama, History",137.0,Film,R,-1.0,Mild,Moderate,Moderate,Mild,Severe
Erin Brockovich,2000.0,7.4,186799.0,"Biography, Drama",131.0,Film,R,-1.0,Mild,Mild,Moderate,Mild,Mild
Shark Tale,2004.0,6.0,174445.0,"Animation, Adventure, Comedy",90.0,Film,PG,-1.0,Mild,Mild,Mild,Mild,Mild
Under the Dome,2004.0,6.6,103580.0,"Drama, Mystery, Sci-Fi",43.0,Series,TV-14,39.0,Moderate,Moderate,Mild,Moderate,Severe
The Final Destination,2009.0,5.2,101193.0,"Action, Horror, Thriller",82.0,Film,R,-1.0,Moderate,Severe,Severe,Moderate,Severe
RoboCop,1987.0,7.6,244145.0,"Action, Crime, Sci-Fi",102.0,Film,R,-1.0,Mild,Severe,Severe,Moderate,Severe
The Change-Up,2011.0,6.3,174747.0,"Comedy, Fantasy",112.0,Film,R,-1.0,Severe,Mild,Severe,Moderate,None
The Rainmaker,1997.0,7.2,69736.0,"Crime, Drama, Thriller",135.0,Film,PG-13,-1.0,Mild,Mild,Mild,Mild,Mild
The Karate Kid,2010.0,6.2,171499.0,"Action, Drama, Family",140.0,Film,PG,-1.0,None,Moderate,Mild,None,Mild
Contact,1997.0,7.5,264273.0,"Drama, Mystery, Sci-Fi",150.0,Film,PG,-1.0,Mild,Mild,Mild,Mild,Mild
Monsters at Work,1997.0,7.1,5063.0,"Animation, Adventure, Comedy",22.0,Series,TV-G,10.0,None,Mild,None,None,None
Blossom,1997.0,6.1,7592.0,"Comedy, Drama, Family",30.0,Series,TV-PG,114.0,Mild,None,None,No Rate,No Rate
Venom,2005.0,4.6,9923.0,Horror,87.0,Film,R,-1.0,Mild,Severe,Severe,Mild,Severe
City on a Hill,2005.0,7.6,10208.0,"Crime, Drama, Thriller",60.0,Series,TV-MA,26.0,Moderate,Moderate,Severe,Moderate,Moderate
Apache Junction,2021.0,3.8,178.0,"Action, Adventure, Crime",94.0,Film,R,-1.0,No Rate,No Rate,No Rate,No Rate,No Rate
The Cowboys,1972.0,7.4,13849.0,"Adventure, Drama, Western",134.0,Film,GP,-1.0,Mild,Moderate,Moderate,Mild,Moderate
This Is 40,2012.0,6.2,133744.0,"Comedy, Romance",134.0,Film,R,-1.0,Moderate,Mild,Severe,Mild,None
Xena: Warrior Princess,2012.0,6.7,43432.0,"Action, Adventure, Drama",45.0,Series,TV-PG,134.0,Mild,Moderate,None,Mild,Mild
Mission: Impossible,2012.0,7.9,8866.0,"Action, Adventure, Crime",50.0,Series,TV-PG,171.0,None,Mild,No Rate,Mild,No Rate
The Masked Singer,2012.0,5.9,3685.0,"Game-Show, Music, Reality-TV",60.0,Series,TV-PG,77.0,Mild,None,Moderate,Mild,Mild
Jason Bourne,2016.0,6.6,216427.0,"Action, Thriller",123.0,Film,PG-13,-1.0,None,Moderate,Moderate,None,Moderate
Hotaru no haka,1988.0,8.5,253961.0,"Animation, Drama, War",89.0,Film,Not Rated,-1.0,None,Moderate,Mild,Mild,Severe
Who Framed Roger Rabbit,1988.0,7.7,191275.0,"Animation, Adventure, Comedy",104.0,Film,PG,-1.0,Mild,Mild,Mild,Moderate,Moderate
Demolition,2015.0,7.0,94811.0,"Comedy, Drama",101.0,Film,R,-1.0,Mild,Mild,Moderate,Mild,Mild
The Warriors,1979.0,7.6,98134.0,"Action, Crime, Thriller",92.0,Film,R,-1.0,Mild,Moderate,Moderate,Mild,Moderate
Robin Hood,2010.0,6.6,260414.0,"Action, Adventure, Drama",140.0,Film,PG-13,-1.0,Mild,Moderate,Mild,Mild,Moderate
Conan the Barbarian,2011.0,5.2,97378.0,"Action, Adventure, Fantasy",113.0,Film,R,-1.0,Moderate,Severe,Mild,Mild,Moderate
Dublin Murders,2019.0,7.2,9644.0,"Crime, Drama, Mystery",60.0,Series,TV-MA,8.0,Mild,Moderate,Mild,Moderate,Mild
Along Came a Spider,2001.0,6.4,81482.0,"Drama, Thriller",104.0,Film,R,-1.0,Mild,Severe,Moderate,Mild,Moderate
Forbidden Planet,1956.0,7.6,47290.0,"Action, Adventure, Sci-Fi",98.0,Film,G,-1.0,None,Mild,None,Mild,Mild
LuLaRich,1956.0,7.8,2381.0,Documentary,-1.0,Series,TV-14,4.0,No Rate,No Rate,No Rate,No Rate,No Rate
Aquaman and the Lost Kingdom,2022.0,-1.0,-1.0,"Action, Adventure, Fantasy",-1.0,Film,None,-1.0,No Rate,No Rate,No Rate,No Rate,No Rate
Thelma & Louise,1991.0,7.5,144992.0,"Adventure, Crime, Drama",130.0,Film,R,-1.0,Moderate,Moderate,Moderate,Mild,Moderate
The Boondock Saints,1999.0,7.7,233172.0,"Action, Crime, Thriller",108.0,Film,R,-1.0,Moderate,Severe,Severe,Moderate,Moderate
Sausage Party,2016.0,6.1,184434.0,"Animation, Adventure, Comedy",89.0,Film,R,-1.0,Severe,Moderate,Severe,Moderate,Moderate
Private Eyes,2016.0,7.4,4147.0,"Comedy, Crime, Drama",43.0,Series,TV-PG,60.0,Mild,Mild,Mild,No Rate,No Rate
Transformers: Age of Extinction,2014.0,5.6,305225.0,"Action, Adventure, Sci-Fi",165.0,Film,PG-13,-1.0,Mild,Moderate,Moderate,Moderate,Moderate
The Spanish Princess,2014.0,6.9,6539.0,"Drama, History, Romance",55.0,Series,TV-MA,16.0,Moderate,Moderate,No Rate,No Rate,Moderate
Without a Trace,2014.0,6.9,19129.0,"Crime, Drama, Mystery",60.0,Series,TV-14,160.0,No Rate,No Rate,No Rate,No Rate,No Rate
Barbarians,2014.0,7.2,20945.0,"Action, Adventure, Drama",280.0,Series,TV-MA,12.0,Mild,Severe,Mild,Mild,Moderate
9 Songs,2004.0,4.8,22129.0,"Drama, Music, Romance",71.0,Film,Not Rated,-1.0,Severe,None,Mild,Moderate,None
Clash of the Titans,2010.0,5.8,276368.0,"Action, Adventure, Fantasy",106.0,Film,PG-13,-1.0,Mild,Moderate,Mild,None,Moderate
Dracula Untold,2014.0,6.3,186984.0,"Action, Drama, Fantasy",92.0,Film,PG-13,-1.0,Mild,Moderate,None,None,Moderate
Sen Çal Kapimi,2014.0,7.5,7043.0,"Comedy, Romance",120.0,Series,TV-PG,52.0,Mild,No Rate,No Rate,No Rate,No Rate
Sweet Magnolias,2014.0,7.4,10909.0,"Drama, Romance",-1.0,Series,TV-14,19.0,Mild,None,Mild,No Rate,No Rate
MacGyver,2014.0,7.7,37198.0,"Action, Adventure, Crime",48.0,Series,TV-PG,139.0,Mild,Mild,Mild,Mild,Moderate
The Mask of Zorro,1998.0,6.8,175923.0,"Action, Adventure, Comedy",136.0,Film,PG-13,-1.0,Mild,Moderate,Mild,Mild,Moderate
Lawrence of Arabia,1962.0,8.3,280229.0,"Adventure, Biography, Drama",228.0,Film,Approved,-1.0,None,Moderate,Mild,Mild,Moderate
Downton Abbey: A New Era,2022.0,-1.0,-1.0,"Drama, Romance",-1.0,Film,None,-1.0,No Rate,No Rate,No Rate,No Rate,No Rate
Miami Vice,2006.0,6.0,113818.0,"Action, Crime, Drama",132.0,Film,R,-1.0,Moderate,Severe,Moderate,Moderate,Moderate
The Elephant Man,1980.0,8.1,231156.0,"Biography, Drama",124.0,Film,PG,-1.0,None,Mild,Mild,Mild,Severe
Law Abiding Citizen,2009.0,7.4,283020.0,"Action, Crime, Drama",109.0,Film,R,-1.0,Mild,Severe,Severe,Mild,Severe
Pinocchio,2022.0,-1.0,-1.0,"Animation, Drama, Family",-1.0,Film,None,-1.0,No Rate,No Rate,No Rate,No Rate,No Rate
Slither,2006.0,6.5,78945.0,"Comedy, Horror, Sci-Fi",95.0,Film,R,-1.0,Mild,Severe,Severe,Mild,Severe
Dirty Work,1998.0,6.4,26350.0,Comedy,82.0,Film,PG-13,-1.0,Moderate,Mild,Mild,Mild,None
Brothers & Sisters,1998.0,7.3,22625.0,Drama,60.0,Series,TV-PG,110.0,Mild,None,Mild,No Rate,Mild
Return to Halloweentown,2004.0,5.5,6234.0,"Action, Comedy, Family",88.0,Film,TV-PG,-1.0,None,No Rate,Mild,No Rate,None
Forgetting Sarah Marshall,2008.0,7.1,274065.0,"Comedy, Drama, Romance",111.0,Film,R,-1.0,Severe,Mild,Moderate,Mild,None
Sleepless in Seattle,1993.0,6.8,167456.0,"Comedy, Drama, Romance",105.0,Film,PG,-1.0,Mild,None,Mild,Mild,None
Palmer,2021.0,7.3,29480.0,Drama,110.0,Film,R,-1.0,Moderate,Mild,Moderate,Moderate,Mild
Gi-eok-ui bam,2017.0,7.5,26651.0,"Mystery, Thriller",108.0,Film,TV-MA,-1.0,None,Moderate,Mild,Mild,Moderate
To Kill a Mockingbird,1962.0,8.3,304935.0,"Crime, Drama",129.0,Film,Approved,-1.0,None,Mild,Mild,Mild,Moderate
Anatomie,2000.0,6.0,12481.0,"Horror, Thriller",103.0,Film,R,-1.0,Moderate,Severe,Moderate,Mild,Severe
Numb3rs,2000.0,6.9,40999.0,"Crime, Drama, Mystery",43.0,Series,TV-PG,119.0,Mild,Moderate,Mild,No Rate,Moderate
The Little Rascals,1994.0,6.3,46692.0,"Comedy, Family, Romance",82.0,Film,PG,-1.0,None,Mild,None,None,Mild
Beautiful Creatures,2013.0,6.2,85965.0,"Drama, Fantasy, Romance",124.0,Film,PG-13,-1.0,Mild,Mild,Mild,None,Mild
Beethoven,1992.0,5.7,69374.0,"Comedy, Drama, Family",87.0,Film,PG,-1.0,None,Mild,Mild,Mild,Mild
Disenchantment,1992.0,7.2,52692.0,"Animation, Action, Adventure",30.0,Series,TV-14,40.0,Mild,Moderate,Mild,Moderate,Mild
Onward,2020.0,7.4,126955.0,"Animation, Adventure, Comedy",102.0,Film,PG,-1.0,None,Mild,None,None,Mild
The Expendables 3,2014.0,6.1,175832.0,"Action, Adventure, Thriller",126.0,Film,PG-13,-1.0,None,Moderate,Moderate,Mild,Moderate
Norsemen,2014.0,7.8,16301.0,Comedy,30.0,Series,TV-MA,18.0,Moderate,Severe,Moderate,Mild,Mild
Mad Max 2,1981.0,7.6,173077.0,"Action, Adventure, Sci-Fi",96.0,Film,R,-1.0,Moderate,Moderate,Mild,None,Moderate
The Man from Toronto,2022.0,-1.0,-1.0,"Action, Comedy, Drama",-1.0,Film,None,-1.0,No Rate,No Rate,No Rate,No Rate,No Rate
Dirk Gently's Holistic Detective Agency,2022.0,8.2,46742.0,"Action, Adventure, Comedy",60.0,Series,TV-14,18.0,Mild,Moderate,Mild,Mild,Mild
Rebecca,2020.0,6.0,37363.0,"Drama, Mystery, Romance",123.0,Film,PG-13,-1.0,Mild,None,None,Mild,Mild
Beauty and the Beast,1991.0,8.0,429091.0,"Animation, Family, Fantasy",84.0,Film,G,-1.0,None,Mild,None,Mild,Mild
Adventures of a Mathematician,2020.0,5.5,167.0,"Biography, Drama",102.0,Film,None,-1.0,No Rate,No Rate,No Rate,No Rate,No Rate
Bridge of Spies,2015.0,7.6,299591.0,"Drama, History, Thriller",142.0,Film,PG-13,-1.0,None,Moderate,Moderate,Mild,Mild
Marriage on the Rocks,1965.0,5.8,1145.0,Comedy,109.0,Film,Approved,-1.0,No Rate,No Rate,No Rate,No Rate,No Rate
Sex and the City,2008.0,5.6,118801.0,"Comedy, Drama, Romance",145.0,Film,R,-1.0,Severe,None,Moderate,Mild,None
Prospect,2018.0,6.3,25460.0,"Adventure, Drama, Sci-Fi",100.0,Film,R,-1.0,None,Moderate,Mild,Mild,Moderate
Beck,2018.0,7.4,4649.0,"Crime, Mystery, Thriller",90.0,Series,Not Rated,42.0,No Rate,No Rate,No Rate,No Rate,No Rate
Cursed,2020.0,5.9,27078.0,"Adventure, Drama, Fantasy",60.0,Series,TV-MA,10.0,Mild,Severe,Mild,Mild,Moderate
Atomic Blonde,2017.0,6.7,185030.0,"Action, Thriller",115.0,Film,R,-1.0,Moderate,Severe,Moderate,Moderate,Moderate
The Goldfinch,2019.0,6.4,20109.0,Drama,149.0,Film,R,-1.0,None,Mild,Moderate,Severe,Mild
Crawl,2019.0,6.1,78056.0,"Action, Horror, Thriller",87.0,Film,R,-1.0,None,Severe,Moderate,None,Severe
Leaving Las Vegas,1995.0,7.5,119359.0,"Drama, Romance",111.0,Film,R,-1.0,Moderate,Moderate,Severe,Severe,Severe
Perfume: The Story of a Murderer,2006.0,7.5,241534.0,"Crime, Drama, Fantasy",147.0,Film,R,-1.0,Severe,Severe,None,Mild,Moderate
The Gifted,2006.0,7.3,33065.0,"Action, Drama, Fantasy",43.0,Series,TV-14,29.0,None,Mild,Mild,Mild,Mild
La Fortuna,2021.0,7.1,172.0,"Adventure, Thriller",-1.0,Series,None,6.0,No Rate,No Rate,No Rate,No Rate,No Rate
Coyote Ugly,2000.0,5.7,110965.0,"Comedy, Drama, Music",100.0,Film,PG-13,-1.0,Mild,Mild,Mild,Mild,Mild
Den of Thieves,2018.0,7.0,101546.0,"Action, Crime, Drama",140.0,Film,R,-1.0,Mild,Moderate,Severe,Moderate,Moderate
V,2018.0,6.8,54605.0,"Drama, Sci-Fi, Thriller",42.0,Series,TV-14,23.0,Mild,Severe,Mild,Mild,Moderate
The Good Liar,2019.0,6.7,34278.0,"Crime, Drama, Mystery",109.0,Film,R,-1.0,Mild,Moderate,Moderate,Mild,Moderate
Nip/Tuck,2019.0,7.6,54327.0,Drama,44.0,Series,TV-MA,100.0,Severe,Severe,Severe,Moderate,Severe
Habitación en Roma,2010.0,6.1,23222.0,"Drama, Romance",107.0,Film,Not Rated,-1.0,Severe,Mild,Mild,Mild,None
Legion,2010.0,5.3,102632.0,"Action, Fantasy, Horror",100.0,Film,R,-1.0,None,Severe,Severe,Mild,Severe
The Mutation,2021.0,4.1,468.0,"Horror, Sci-Fi, Thriller",87.0,Film,None,-1.0,No Rate,No Rate,No Rate,No Rate,No Rate
Dark Side of the Ring,2021.0,8.8,2410.0,"Documentary, Drama, History",60.0,Series,TV-14,30.0,No Rate,No Rate,No Rate,No Rate,No Rate
Doctor Foster,2021.0,7.7,17263.0,Drama,60.0,Series,TV-MA,10.0,Moderate,Mild,Moderate,Mild,Mild
Black Summer,2021.0,6.5,26715.0,"Action, Drama, Horror",40.0,Series,TV-MA,16.0,Mild,Moderate,Moderate,Mild,Severe
Unbreakable Kimmy Schmidt,2021.0,7.6,67004.0,Comedy,30.0,Series,TV-14,51.0,Mild,None,Mild,Mild,None
Haunt,2019.0,6.3,24822.0,"Horror, Thriller",92.0,Film,R,-1.0,None,Severe,Moderate,Mild,Severe
Die Hard 2,1990.0,7.1,348068.0,"Action, Thriller",124.0,Film,R,-1.0,Mild,Severe,Severe,Mild,Moderate
War for the Planet of the Apes,2017.0,7.4,240090.0,"Action, Adventure, Drama",140.0,Film,PG-13,-1.0,None,Moderate,Mild,Mild,Moderate
Gintama,2017.0,8.6,8691.0,"Animation, Action, Comedy",25.0,Series,TV-14,375.0,Moderate,Severe,Moderate,Moderate,Moderate
George Lopez,2017.0,6.7,11028.0,"Comedy, Drama",30.0,Series,TV-PG,120.0,None,None,Mild,Moderate,None
Annabelle Comes Home,2019.0,5.9,67797.0,"Horror, Mystery, Thriller",106.0,Film,R,-1.0,None,Moderate,Mild,None,Severe
Sixteen Candles,1984.0,7.0,110378.0,"Comedy, Romance",93.0,Film,PG,-1.0,Moderate,None,Moderate,Moderate,None
I Still Know What You Did Last Summer,1998.0,4.7,71460.0,"Horror, Mystery",100.0,Film,R,-1.0,Mild,Severe,Severe,Moderate,Severe
Henry Danger,1998.0,5.8,4196.0,"Action, Comedy, Family",30.0,Series,TV-G,121.0,None,Mild,None,None,Mild
Spy,2015.0,7.0,237657.0,"Action, Comedy",120.0,Film,R,-1.0,Moderate,Severe,Severe,Mild,Mild
Enter the Void,2009.0,7.3,75471.0,"Drama, Fantasy",161.0,Film,Not Rated,-1.0,Severe,Moderate,Severe,Severe,Severe
Cursed,2005.0,5.0,31779.0,"Comedy, Horror",97.0,Film,PG-13,-1.0,Mild,Moderate,Moderate,Moderate,Moderate
Black Snake Moan,2006.0,6.9,62539.0,"Drama, Music",116.0,Film,R,-1.0,Moderate,Moderate,Severe,Moderate,Moderate
Steve Jobs,2015.0,7.2,162609.0,"Biography, Drama",122.0,Film,R,-1.0,None,None,Moderate,Mild,Mild
For Those Who Think Young,1964.0,5.3,478.0,Comedy,96.0,Film,Approved,-1.0,No Rate,No Rate,No Rate,No Rate,No Rate
The Waterboy,1998.0,6.1,155357.0,"Comedy, Sport",90.0,Film,PG-13,-1.0,Mild,Mild,Moderate,Mild,None
Reno 911!,1998.0,7.9,18300.0,"Comedy, Crime",22.0,Series,TV-14,113.0,Moderate,Mild,Moderate,Mild,Mild
Män som hatar kvinnor,2009.0,7.8,212757.0,"Crime, Drama, Mystery",152.0,Film,R,-1.0,Severe,Severe,Severe,Mild,Severe
Movie 43,2013.0,4.3,102613.0,Comedy,94.0,Film,R,-1.0,Severe,Moderate,Severe,Moderate,Mild
Focus,2015.0,6.6,231723.0,"Comedy, Crime, Drama",105.0,Film,R,-1.0,Moderate,Moderate,Severe,Mild,Mild
That Time I Got Reincarnated as a Slime,2015.0,8.1,7127.0,"Animation, Action, Adventure",25.0,Series,TV-PG,56.0,Moderate,Moderate,Mild,Mild,Mild
Lolita,1962.0,7.6,97276.0,"Crime, Drama, Romance",153.0,Film,Not Rated,-1.0,Mild,Mild,None,Mild,Mild
In the Mouth of Madness,1994.0,7.2,65455.0,"Drama, Fantasy, Horror",95.0,Film,R,-1.0,Mild,Moderate,Mild,Mild,Severe
The Island,2005.0,6.8,308320.0,"Action, Sci-Fi, Thriller",136.0,Film,PG-13,-1.0,Mild,Moderate,Moderate,Mild,Mild
The Picture of Dorian Gray,1945.0,7.5,12667.0,"Drama, Fantasy, Horror",110.0,Film,Not Rated,-1.0,Mild,Mild,None,Moderate,Mild
Poketto monsutâ,1945.0,7.5,40467.0,"Animation, Action, Adventure",24.0,Series,TV-Y7,1186.0,None,Mild,None,None,Moderate
Fantasy Island,2020.0,4.9,43668.0,"Action, Adventure, Fantasy",109.0,Film,PG-13,-1.0,Mild,Moderate,Mild,Mild,Mild
Peter Rabbit 2: The Runaway,2021.0,6.2,7310.0,"Animation, Adventure, Comedy",93.0,Film,E,-1.0,None,Mild,None,None,Mild
Gold Rush: Alaska,2021.0,7.3,4568.0,Reality-TV,45.0,Series,TV-14,258.0,None,None,Mild,None,None
Exit,2021.0,8.2,8337.0,Drama,30.0,Series,TV-MA,16.0,Severe,Severe,Severe,Severe,Moderate
V/H/S/2,2013.0,6.0,38000.0,"Horror, Thriller",96.0,Film,R,-1.0,Severe,Severe,Severe,Mild,Severe
Censor,2021.0,6.0,7162.0,"Horror, Mystery",84.0,Film,None,-1.0,No Rate,No Rate,No Rate,No Rate,No Rate
Enemy of the State,1998.0,7.3,235028.0,"Action, Thriller",132.0,Film,R,-1.0,Mild,Moderate,Severe,Mild,Moderate
Dirty Harry,1971.0,7.7,149671.0,"Action, Crime, Thriller",102.0,Film,R,-1.0,Moderate,Moderate,Moderate,Mild,Moderate
Monster,2003.0,7.3,144058.0,"Biography, Crime, Drama",109.0,Film,R,-1.0,Moderate,Severe,Severe,Severe,Severe
Foyle's War,2003.0,8.4,13753.0,"Crime, Drama, Mystery",90.0,Series,TV-14,28.0,None,Moderate,Mild,Mild,None
Top Gear,2003.0,8.6,112689.0,"Adventure, Comedy, Reality-TV",60.0,Series,TV-PG,311.0,Mild,Mild,Mild,Mild,None
Rambo: Last Blood,2019.0,6.1,90239.0,"Action, Thriller",89.0,Film,R,-1.0,Mild,Severe,Severe,Moderate,Severe
Dronningen,2019.0,7.1,9820.0,Drama,127.0,Film,NC-17,-1.0,Severe,Mild,Mild,Mild,Moderate
Miss Sloane,2016.0,7.5,69902.0,Drama,132.0,Film,R,-1.0,Mild,Mild,Mild,Mild,None
Luke Cage,2016.0,7.3,121986.0,"Action, Crime, Drama",55.0,Series,TV-MA,26.0,Moderate,Severe,Moderate,Moderate,Moderate
Kung Fu Panda,2008.0,7.6,439672.0,"Animation, Action, Adventure",92.0,Film,PG,-1.0,None,Mild,None,None,Mild
Halt and Catch Fire,2008.0,8.4,30499.0,Drama,60.0,Series,TV-14,40.0,Mild,Mild,Mild,Mild,Mild
Enchanted,2007.0,7.0,188165.0,"Animation, Adventure, Comedy",107.0,Film,PG,-1.0,Mild,Mild,None,None,Mild
Seance,2021.0,5.3,1822.0,"Horror, Mystery",92.0,Film,R,-1.0,Mild,Severe,Mild,Mild,Mild
James and the Giant Peach,1996.0,6.7,63548.0,"Animation, Adventure, Family",79.0,Film,PG,-1.0,None,Mild,Mild,Mild,Moderate
Walk the Line,2005.0,7.8,242054.0,"Biography, Drama, Music",136.0,Film,PG-13,-1.0,Mild,Mild,Mild,Moderate,Mild
The Hunger,1983.0,6.7,24511.0,"Drama, Horror",97.0,Film,R,-1.0,Moderate,Moderate,Mild,Mild,Mild
Lion,2016.0,8.0,225250.0,"Biography, Drama",118.0,Film,PG-13,-1.0,Mild,Mild,None,Mild,Moderate
The Theory of Everything,2014.0,7.7,424977.0,"Biography, Drama, Romance",123.0,Film,PG-13,-1.0,Mild,Mild,Mild,Mild,Mild
Alien³,1992.0,6.5,288133.0,"Action, Horror, Sci-Fi",114.0,Film,R,-1.0,Mild,Severe,Severe,Mild,Severe
The Firm,1993.0,6.8,127431.0,"Drama, Mystery, Thriller",154.0,Film,R,-1.0,Mild,Moderate,Moderate,Mild,Moderate
Good Joe Bell,2020.0,5.5,3005.0,"Biography, Drama",94.0,Film,R,-1.0,Mild,Mild,Moderate,Mild,Mild
Evolution,2001.0,6.1,125278.0,"Comedy, Sci-Fi",101.0,Film,PG-13,-1.0,Mild,Moderate,Mild,Mild,Mild
Kynodontas,2009.0,7.2,89623.0,"Drama, Thriller",97.0,Film,Not Rated,-1.0,Severe,Severe,Moderate,Mild,Severe
Hustle Down,2021.0,4.2,88.0,"Action, Comedy, Drama",97.0,Film,None,-1.0,No Rate,No Rate,No Rate,No Rate,No Rate
Marco effekten,2021.0,5.1,789.0,"Crime, Thriller",125.0,Film,Not Rated,-1.0,No Rate,No Rate,No Rate,No Rate,No Rate
Dark City,1998.0,7.6,194042.0,"Fantasy, Mystery, Sci-Fi",100.0,Film,R,-1.0,Mild,Moderate,None,Mild,Moderate
The Founder,2016.0,7.2,138333.0,"Biography, Drama",115.0,Film,PG-13,-1.0,None,None,Mild,Mild,None
French Exit,2020.0,5.9,4828.0,"Comedy, Drama",113.0,Film,R,-1.0,None,Mild,Moderate,Mild,Mild
In the Heat of the Night,2020.0,7.6,4592.0,"Crime, Drama, Mystery",60.0,Series,TV-14,146.0,Mild,Mild,Mild,No Rate,No Rate
Resident Evil,2020.0,-1.0,-1.0,"Action, Horror, Sci-Fi",-1.0,Series,None,8.0,No Rate,No Rate,No Rate,No Rate,No Rate
Get Rich or Die Tryin',2005.0,5.4,45675.0,"Biography, Crime, Drama",117.0,Film,R,-1.0,Severe,Severe,Severe,Moderate,Severe
Terrifier,2016.0,5.7,16223.0,"Horror, Thriller",82.0,Film,Unrated,-1.0,Severe,Severe,Moderate,Mild,Severe
Mulan,1998.0,7.6,269543.0,"Animation, Adventure, Comedy",88.0,Film,G,-1.0,Mild,Mild,None,None,Mild
Yakusoku no Neverland,1998.0,8.4,30294.0,"Animation, Adventure, Drama",23.0,Series,TV-14,23.0,None,Mild,Mild,None,Moderate
The Adventures of Sharkboy and Lavagirl 3-D,2005.0,3.7,35606.0,"Action, Adventure, Comedy",93.0,Film,PG,-1.0,Mild,Mild,None,None,Moderate
Panic,2021.0,6.5,6463.0,"Adventure, Crime, Drama",-1.0,Series,TV-14,10.0,Mild,Mild,Moderate,Moderate,No Rate
The Humans,2021.0,7.4,116.0,Drama,108.0,Film,R,-1.0,No Rate,No Rate,No Rate,No Rate,Severe
Angels & Demons,2009.0,6.7,283109.0,"Action, Mystery, Thriller",138.0,Film,PG-13,-1.0,None,Severe,Mild,Mild,Severe
Sinsegye,2013.0,7.6,22052.0,"Action, Crime, Drama",135.0,Film,Not Rated,-1.0,Mild,Severe,Severe,Moderate,Severe
Bloodsport,1988.0,6.8,80929.0,"Action, Biography, Drama",92.0,Film,R,-1.0,Mild,Moderate,Moderate,Mild,Mild
Sort Of,1988.0,5.5,217.0,Comedy,30.0,Series,None,8.0,No Rate,No Rate,No Rate,No Rate,No Rate
Incredibles 2,2018.0,7.6,270157.0,"Animation, Action, Adventure",118.0,Film,PG,-1.0,None,Mild,Mild,Mild,Mild
Transcendence,2014.0,6.2,222701.0,"Action, Drama, Sci-Fi",119.0,Film,PG-13,-1.0,None,Moderate,Mild,Mild,Moderate
TURN,2014.0,8.1,20730.0,"Drama, History, War",60.0,Series,TV-14,40.0,Moderate,Moderate,Mild,Mild,Mild
Only Lovers Left Alive,2013.0,7.3,96334.0,"Comedy, Drama, Fantasy",123.0,Film,R,-1.0,Mild,Moderate,Moderate,Mild,Mild
The Dirt,2019.0,7.0,44144.0,"Biography, Comedy, Drama",107.0,Film,TV-MA,-1.0,Severe,Moderate,Severe,Severe,Mild
Beowulf,2007.0,6.2,165102.0,"Animation, Action, Adventure",115.0,Film,PG-13,-1.0,Moderate,Severe,Mild,Moderate,Moderate
Prince of Persia: The Sands of Time,2010.0,6.6,280018.0,"Action, Adventure, Fantasy",116.0,Film,PG-13,-1.0,None,Moderate,None,Mild,Moderate
The A-Team,2010.0,6.7,252498.0,"Action, Adventure, Thriller",117.0,Film,PG-13,-1.0,Mild,Moderate,Moderate,Mild,Mild
The Girl Next Door,2007.0,6.6,25093.0,"Crime, Drama, Thriller",91.0,Film,R,-1.0,Severe,Severe,Severe,Moderate,Severe
Bride of Frankenstein,1935.0,7.8,45976.0,"Drama, Horror, Sci-Fi",75.0,Film,Not Rated,-1.0,None,Mild,None,Mild,Mild
Moon Knight,1935.0,-1.0,-1.0,"Action, Adventure, Drama",-1.0,Series,None,6.0,No Rate,No Rate,No Rate,No Rate,No Rate
The Drop,2014.0,7.1,147972.0,"Crime, Drama, Thriller",106.0,Film,R,-1.0,None,Severe,Severe,Moderate,Moderate
Apostle,2018.0,6.3,48289.0,"Drama, Fantasy, Horror",130.0,Film,TV-MA,-1.0,Mild,Severe,Mild,Mild,Severe
Jarhead,2005.0,7.0,182059.0,"Action, Biography, Drama",125.0,Film,R,-1.0,Severe,Moderate,Severe,Mild,Moderate
Girl From Nowhere,2005.0,7.6,3154.0,"Crime, Drama, Fantasy",45.0,Series,TV-MA,21.0,Moderate,Severe,Mild,Mild,Severe
The Aviator,2004.0,7.5,346648.0,"Biography, Drama",170.0,Film,PG-13,-1.0,Mild,Moderate,Moderate,Mild,Moderate
Beoning,2018.0,7.5,57148.0,"Drama, Mystery",148.0,Film,Not Rated,-1.0,Moderate,Moderate,Mild,Moderate,Moderate
Freaks,2018.0,6.7,31111.0,"Drama, Mystery, Sci-Fi",105.0,Film,R,-1.0,None,Moderate,Moderate,None,Moderate
Wayne,2019.0,8.4,12912.0,"Action, Comedy",30.0,Series,TV-MA,10.0,Mild,Severe,Severe,Moderate,Mild
Charlie's Angels,2019.0,6.5,11830.0,"Action, Adventure, Crime",60.0,Series,TV-PG,110.0,Mild,Mild,Mild,Mild,Mild
The Sum of All Fears,2002.0,6.4,111088.0,"Action, Drama, Thriller",124.0,Film,PG-13,-1.0,Mild,Moderate,Moderate,Mild,Moderate
Hell on Wheels,2002.0,8.3,49495.0,"Drama, Western",42.0,Series,TV-14,57.0,Mild,Severe,Moderate,Severe,Moderate
Z Nation,2002.0,6.7,34891.0,"Action, Comedy, Drama",44.0,Series,TV-14,68.0,Mild,Severe,Mild,Moderate,Severe
Pennyworth,2002.0,7.9,11067.0,"Action, Crime, Drama",60.0,Series,TV-MA,30.0,Moderate,Severe,Severe,Mild,Moderate
She-Hulk,2002.0,-1.0,-1.0,"Action, Adventure, Comedy",-1.0,Series,None,10.0,No Rate,No Rate,No Rate,No Rate,No Rate
Teenage Mutant Ninja Turtles,2014.0,5.8,205372.0,"Action, Adventure, Comedy",101.0,Film,PG-13,-1.0,None,Mild,Mild,None,Mild
No Strings Attached,2011.0,6.2,221546.0,"Comedy, Romance",108.0,Film,R,-1.0,Moderate,Mild,Moderate,Mild,None
Wednesday,2011.0,-1.0,-1.0,"Comedy, Family, Fantasy",-1.0,Series,None,8.0,No Rate,No Rate,No Rate,No Rate,No Rate
Freaks,1932.0,7.9,44299.0,"Drama, Horror",64.0,Film,Not Rated,-1.0,Mild,Mild,None,Mild,Moderate
The Lego Movie,2014.0,7.7,335819.0,"Animation, Adventure, Comedy",100.0,Film,PG,-1.0,None,Mild,None,None,Mild
Pieces of a Woman,2020.0,7.1,44045.0,Drama,126.0,Film,R,-1.0,Moderate,Mild,Moderate,Mild,Moderate
What Happened to Monday,2017.0,6.9,114939.0,"Action, Crime, Fantasy",123.0,Film,TV-MA,-1.0,Moderate,Severe,Moderate,Mild,Moderate
My Best Friend's Wedding,1997.0,6.3,136049.0,"Comedy, Drama, Romance",105.0,Film,PG-13,-1.0,Mild,None,Mild,Mild,None
Together,2021.0,6.5,2363.0,"Comedy, Drama",92.0,Film,R,-1.0,None,None,Moderate,Mild,Mild
Spy Kids 3: Game Over,2003.0,4.3,57778.0,"Action, Adventure, Comedy",84.0,Film,PG,-1.0,None,Mild,None,None,Mild
The War with Grandpa,2020.0,5.6,17826.0,"Comedy, Drama, Family",94.0,Film,PG,-1.0,None,Mild,Mild,None,Mild
The Outlaw Josey Wales,1976.0,7.8,70081.0,Western,135.0,Film,PG,-1.0,Moderate,Moderate,Mild,Mild,Moderate
Blue Murder,1976.0,7.2,1332.0,"Crime, Drama, Mystery",138.0,Series,Not Rated,19.0,No Rate,No Rate,No Rate,No Rate,No Rate
House on Haunted Hill,1959.0,6.8,25409.0,"Crime, Horror, Mystery",75.0,Film,Not Rated,-1.0,None,Mild,None,Mild,Moderate
The Last House on the Left,1972.0,6.0,35860.0,"Crime, Horror, Thriller",84.0,Film,R,-1.0,Severe,Severe,Moderate,Moderate,Severe
#Saraitda,2020.0,6.3,32672.0,"Action, Drama, Horror",98.0,Film,TV-MA,-1.0,None,Moderate,Mild,Mild,Moderate
The Little Mermaid,1989.0,7.6,247810.0,"Animation, Family, Fantasy",83.0,Film,G,-1.0,Mild,Mild,None,None,Mild
Chal Mera Putt 2,2020.0,9.0,2991.0,Drama,124.0,Film,None,-1.0,No Rate,No Rate,No Rate,No Rate,No Rate
Time Is Up,2021.0,4.3,324.0,Drama,80.0,Film,None,-1.0,No Rate,No Rate,No Rate,No Rate,No Rate
Baptiste,2021.0,7.3,6625.0,"Crime, Drama, Thriller",60.0,Series,Not Rated,12.0,Moderate,Severe,Severe,Mild,Moderate
Northern Exposure,2021.0,8.3,15850.0,"Comedy, Drama",60.0,Series,None,110.0,No Rate,No Rate,No Rate,No Rate,No Rate
Wild,2014.0,7.1,125118.0,"Adventure, Biography, Drama",115.0,Film,R,-1.0,Moderate,Moderate,Moderate,Moderate,Moderate
Sijipeuseu: The Myth,2014.0,7.1,2773.0,"Action, Drama, Fantasy",70.0,Series,Not Rated,16.0,None,Mild,Mild,Mild,Mild
Brightburn,2019.0,6.1,89664.0,"Drama, Horror, Mystery",90.0,Film,R,-1.0,Mild,Severe,Moderate,Mild,Severe
Lone Survivor,2013.0,7.5,276237.0,"Action, Biography, Drama",121.0,Film,R,-1.0,None,Severe,Severe,Mild,Severe
How to Sell Drugs Online (Fast),2013.0,7.9,27813.0,"Comedy, Crime, Drama",30.0,Series,TV-MA,18.0,Mild,Mild,Moderate,Severe,Mild
The Brady Bunch,2013.0,6.7,13358.0,"Comedy, Family",30.0,Series,TV-PG,117.0,None,None,None,None,None
Recovery,2021.0,5.3,174.0,Comedy,80.0,Film,None,-1.0,No Rate,No Rate,No Rate,No Rate,No Rate
The English Patient,1996.0,7.4,184473.0,"Drama, Romance, War",162.0,Film,R,-1.0,Moderate,Moderate,Mild,Mild,Moderate
The Resort,2021.0,3.0,1815.0,Horror,75.0,Film,None,-1.0,No Rate,No Rate,No Rate,No Rate,No Rate
Life of Pi,2012.0,7.9,601452.0,"Adventure, Drama, Fantasy",127.0,Film,PG,-1.0,None,Moderate,None,None,Moderate
Pride and Prejudice and Zombies,2016.0,5.8,54196.0,"Action, Comedy, Fantasy",108.0,Film,PG-13,-1.0,Mild,Moderate,None,Mild,Moderate
300: Rise of an Empire,2014.0,6.2,289295.0,"Action, Drama",102.0,Film,R,-1.0,Severe,Severe,Moderate,Mild,Severe
The Frighteners,1996.0,7.1,85227.0,"Comedy, Fantasy, Horror",110.0,Film,R,-1.0,Mild,Moderate,Mild,Mild,Moderate
A Bug's Life,1998.0,7.2,278276.0,"Animation, Adventure, Comedy",95.0,Film,G,-1.0,None,Mild,None,Mild,Mild
Real Steel,2011.0,7.0,311475.0,"Action, Drama, Sci-Fi",127.0,Film,PG-13,-1.0,Mild,Mild,Mild,None,Mild
Barney Miller,2011.0,8.2,5336.0,"Comedy, Drama",30.0,Series,TV-PG,171.0,None,None,Mild,Mild,None
The Edge of Seventeen,2016.0,7.3,114024.0,"Comedy, Drama",104.0,Film,R,-1.0,Moderate,Mild,Moderate,Mild,Mild
"Gordon, Gino & Fred's Road Trip",2016.0,8.5,1078.0,"Adventure, Comedy, Reality-TV",45.0,Series,None,11.0,No Rate,No Rate,No Rate,No Rate,No Rate
Bergerac,2016.0,6.7,1503.0,"Crime, Drama, Mystery",90.0,Series,None,87.0,No Rate,No Rate,No Rate,No Rate,No Rate
Maze Runner: The Death Cure,2018.0,6.3,125509.0,"Action, Adventure, Sci-Fi",143.0,Film,PG-13,-1.0,None,Moderate,Mild,None,Moderate
The Rockford Files,2018.0,8.1,7729.0,"Crime, Drama, Mystery",50.0,Series,TV-PG,119.0,No Rate,No Rate,Mild,No Rate,No Rate
The NeverEnding Story,1984.0,7.4,137375.0,"Adventure, Drama, Family",102.0,Film,PG,-1.0,None,Mild,None,None,Moderate
Top of the Lake,1984.0,7.5,33861.0,"Crime, Drama, Mystery",60.0,Series,TV-MA,13.0,Moderate,Moderate,Moderate,Moderate,No Rate
Papillon,1973.0,8.0,126610.0,"Biography, Crime, Drama",151.0,Film,R,-1.0,Mild,Severe,Mild,Mild,Moderate
Nope,2022.0,-1.0,-1.0,"Fantasy, Horror, Thriller",-1.0,Film,None,-1.0,No Rate,No Rate,No Rate,No Rate,No Rate
Conan the Barbarian,1982.0,6.9,142956.0,"Action, Adventure, Fantasy",129.0,Film,R,-1.0,Moderate,Severe,None,Mild,Moderate
Beetlejuice 2,1982.0,-1.0,-1.0,"Comedy, Fantasy, Horror",-1.0,Film,None,-1.0,No Rate,No Rate,No Rate,No Rate,No Rate
The Norm Show,1982.0,7.9,2024.0,Comedy,30.0,Series,TV-PG,54.0,Mild,Mild,Mild,Mild,None
Le Bureau des Légendes,1982.0,8.7,9816.0,"Drama, Thriller",52.0,Series,TV-MA,50.0,Moderate,Moderate,Moderate,Mild,Moderate
Zoolander,2001.0,6.5,254547.0,Comedy,90.0,Film,PG-13,-1.0,Moderate,Mild,Moderate,Mild,None
Hellbound: Hellraiser II,1988.0,6.5,45618.0,"Horror, Thriller",97.0,Film,R,-1.0,Moderate,Severe,Moderate,Mild,Severe
"O Brother, Where Art Thou?",2000.0,7.7,298862.0,"Adventure, Comedy, Crime",107.0,Film,PG-13,-1.0,Mild,Mild,Mild,Mild,Mild
A Most Violent Year,2014.0,7.0,69475.0,"Action, Crime, Drama",125.0,Film,R,-1.0,None,Moderate,Moderate,Mild,Moderate
Allied,2016.0,7.1,149346.0,"Action, Drama, Romance",124.0,Film,R,-1.0,Moderate,Moderate,Moderate,Moderate,Moderate
Scam 1992: The Harshad Mehta Story,2020.0,9.5,131914.0,"Biography, Crime, Drama",54.0,Series,TV-14,10.0,None,None,Mild,Mild,None
Jupiter Ascending,2015.0,5.3,183886.0,"Action, Adventure, Sci-Fi",127.0,Film,PG-13,-1.0,Mild,Moderate,Mild,Mild,Mild
The Kissing Booth,2018.0,6.0,76700.0,"Comedy, Romance",105.0,Film,TV-14,-1.0,Moderate,Mild,Moderate,Mild,None
Caddyshack,1980.0,7.3,111413.0,"Comedy, Sport",98.0,Film,R,-1.0,Moderate,None,Mild,Moderate,None
Spaceballs,1987.0,7.1,180602.0,"Adventure, Comedy, Sci-Fi",96.0,Film,PG,-1.0,Mild,Mild,Moderate,Mild,Mild
Separation,2021.0,4.6,1552.0,Horror,107.0,Film,R,-1.0,None,Mild,Mild,Mild,Moderate
Bob Hearts Abishola,2021.0,6.7,3360.0,"Comedy, Romance",21.0,Series,TV-PG,44.0,Mild,None,Mild,Mild,None
Diagnosis Murder,2021.0,6.8,7024.0,"Crime, Drama, Mystery",45.0,Series,TV-PG,178.0,Mild,Moderate,Moderate,Mild,Moderate
The Underground Railroad,2021.0,7.4,5357.0,"Drama, History, War",593.0,Series,TV-MA,10.0,Moderate,Severe,Moderate,Mild,Severe
Crime Stories: India Detectives,2021.0,7.4,646.0,"Documentary, Crime, Mystery",47.0,Series,TV-MA,4.0,No Rate,No Rate,No Rate,No Rate,No Rate
Butch Cassidy and the Sundance Kid,1969.0,8.0,209425.0,"Biography, Crime, Drama",110.0,Film,PG,-1.0,Mild,Moderate,Mild,Mild,Mild
Blade: Trinity,2004.0,5.8,171030.0,"Action, Horror, Sci-Fi",113.0,Film,R,-1.0,Mild,Severe,Severe,None,Severe
Gentleman Jack,2004.0,8.2,9996.0,"Biography, Drama, History",60.0,Series,TV-MA,16.0,Moderate,Mild,Mild,Mild,No Rate
The Ugly Truth,2009.0,6.4,211124.0,"Comedy, Romance",96.0,Film,R,-1.0,Moderate,None,Moderate,Mild,None
Cars 3,2017.0,6.7,85944.0,"Animation, Adventure, Comedy",102.0,Film,G,-1.0,None,Mild,None,None,Mild
Rampage,2018.0,6.1,155330.0,"Action, Adventure, Sci-Fi",107.0,Film,PG-13,-1.0,None,Moderate,Moderate,None,Moderate
Shooter,2018.0,7.5,33747.0,"Action, Drama",60.0,Series,TV-14,31.0,Mild,Severe,Mild,Mild,Moderate
The Mysterious Benedict Society,2018.0,7.7,2840.0,"Adventure, Comedy, Drama",-1.0,Series,TV-PG,9.0,None,Mild,None,Mild,Mild
Emergency!,2018.0,7.8,4230.0,"Action, Adventure, Comedy",60.0,Series,TV-G,133.0,No Rate,No Rate,No Rate,No Rate,No Rate
Offspring,2018.0,8.3,4216.0,"Comedy, Drama",60.0,Series,TV-MA,86.0,Mild,None,Moderate,Moderate,Moderate
Lost City of D,2022.0,-1.0,-1.0,"Action, Comedy, Romance",-1.0,Film,None,-1.0,No Rate,No Rate,No Rate,No Rate,No Rate
The Birdcage,1996.0,7.1,84923.0,Comedy,117.0,Film,R,-1.0,Mild,None,Moderate,Mild,None
Your Cheatin' Heart,1964.0,6.5,773.0,"Biography, Drama, Music",99.0,Film,Not Rated,-1.0,No Rate,Mild,No Rate,Mild,No Rate
The Twilight Saga: New Moon,2009.0,4.7,274635.0,"Adventure, Drama, Fantasy",130.0,Film,PG-13,-1.0,Mild,Moderate,Mild,Mild,Moderate
Deep Water,2022.0,-1.0,-1.0,Thriller,-1.0,Film,None,-1.0,No Rate,No Rate,No Rate,No Rate,No Rate
Bullet Train,2022.0,-1.0,-1.0,Action,-1.0,Film,None,-1.0,No Rate,No Rate,No Rate,No Rate,No Rate
My Salinger Year,2020.0,6.4,2936.0,Drama,101.0,Film,R,-1.0,Mild,None,Severe,No Rate,No Rate
Coronation Street,2020.0,5.6,5202.0,"Drama, Romance",30.0,Series,TV-PG,10336.0,Mild,Moderate,Mild,Mild,Mild
Agent Carter,2020.0,7.9,77743.0,"Action, Adventure, Sci-Fi",42.0,Series,TV-PG,18.0,Mild,Moderate,Mild,Mild,Moderate
The November Man,2014.0,6.3,66110.0,"Action, Thriller",108.0,Film,R,-1.0,Moderate,Severe,Severe,Mild,Moderate
Saw II,2005.0,6.6,242643.0,"Horror, Mystery",93.0,Film,R,-1.0,None,Severe,Severe,Mild,Severe
The Princess Diaries,2001.0,6.4,135728.0,"Comedy, Family, Romance",115.0,Film,G,-1.0,None,None,None,None,None
The Golden Compass,2007.0,6.1,183513.0,"Adventure, Family, Fantasy",113.0,Film,PG-13,-1.0,None,Moderate,None,Mild,Moderate
Saved by the Bell,2007.0,5.1,2327.0,Comedy,25.0,Series,TV-14,20.0,Mild,No Rate,Mild,No Rate,No Rate
Back to the Future Part III,1990.0,7.4,422978.0,"Adventure, Comedy, Sci-Fi",118.0,Film,PG,-1.0,None,Mild,Mild,Mild,Mild
Hostiles,2017.0,7.2,78212.0,"Drama, Western",134.0,Film,R,-1.0,None,Severe,Moderate,Mild,Moderate
Versailles,2017.0,7.9,15242.0,"Biography, Drama, History",52.0,Series,TV-MA,30.0,Severe,Severe,Moderate,Mild,Moderate
Outlaw King,2018.0,6.9,65718.0,"Action, Biography, Drama",121.0,Film,R,-1.0,Moderate,Severe,Mild,None,Moderate
First Man,2018.0,7.3,178973.0,"Biography, Drama, History",141.0,Film,PG-13,-1.0,None,Mild,Mild,Mild,Moderate
Fatherhood,2021.0,6.6,31522.0,"Comedy, Drama",109.0,Film,PG-13,-1.0,Mild,None,Mild,Mild,None
Clarice,2021.0,6.5,8031.0,"Crime, Drama, Mystery",60.0,Series,TV-14,13.0,Mild,Moderate,Mild,Mild,Moderate
Deep Blue Sea,1999.0,5.9,129805.0,"Action, Adventure, Sci-Fi",105.0,Film,R,-1.0,Mild,Severe,Moderate,Mild,Moderate
How to Lose a Guy in 10 Days,2003.0,6.4,222606.0,"Comedy, Romance",116.0,Film,PG-13,-1.0,Mild,None,Moderate,Mild,None
47 Ronin,2013.0,6.3,154511.0,"Action, Drama, Fantasy",128.0,Film,PG-13,-1.0,None,Moderate,Mild,None,Mild
Pineapple Express,2008.0,6.9,326499.0,"Action, Comedy, Crime",111.0,Film,R,-1.0,Mild,Severe,Severe,Severe,Mild
The Dick Van Dyke Show,2008.0,8.3,9611.0,"Comedy, Family",30.0,Series,TV-G,158.0,None,None,None,Mild,None
The Jungle Book,2016.0,7.4,267701.0,"Adventure, Comedy, Drama",106.0,Film,PG,-1.0,None,Mild,None,None,Moderate
Black Mass,2015.0,6.9,173819.0,"Biography, Crime, Drama",123.0,Film,R,-1.0,Mild,Severe,Severe,Moderate,Severe
House on Haunted Hill,1999.0,5.6,55477.0,"Crime, Fantasy, Horror",93.0,Film,R,-1.0,Moderate,Severe,Severe,Mild,Severe
Mile 22,2018.0,6.1,74304.0,"Action, Thriller",94.0,Film,R,-1.0,None,Severe,Severe,None,Moderate
Lady in the Water,2006.0,5.5,97594.0,"Drama, Fantasy, Mystery",110.0,Film,PG-13,-1.0,None,Mild,Mild,Mild,Moderate
Crisis,2021.0,6.2,7715.0,"Drama, Thriller",118.0,Film,R,-1.0,None,Severe,Severe,Moderate,Severe
Demolition Man,1993.0,6.7,166625.0,"Action, Sci-Fi, Thriller",115.0,Film,R,-1.0,Mild,Moderate,Moderate,Mild,Mild
Manhunter,1986.0,7.2,70194.0,"Crime, Mystery, Thriller",120.0,Film,R,-1.0,Mild,Severe,Moderate,Mild,Severe
The Haunting,1963.0,7.5,37901.0,Horror,112.0,Film,G,-1.0,None,Mild,Mild,Mild,Moderate
Phone Booth,2002.0,7.0,259175.0,"Crime, Thriller",81.0,Film,R,-1.0,Mild,Moderate,Severe,Mild,Severe
Adventures in Babysitting,1987.0,6.9,41388.0,"Adventure, Comedy, Crime",102.0,Film,PG-13,-1.0,Mild,Mild,Moderate,Mild,Mild
Buried,2010.0,7.0,155401.0,"Drama, Mystery, Thriller",95.0,Film,R,-1.0,None,Moderate,Severe,Mild,Severe
Vanilla Sky,2001.0,6.9,256076.0,"Fantasy, Mystery, Romance",136.0,Film,R,-1.0,Moderate,Moderate,Severe,Mild,Moderate
Creed,2015.0,7.6,259249.0,"Drama, Sport",133.0,Film,PG-13,-1.0,Mild,Moderate,Moderate,None,Moderate
Warrior Nun,2015.0,6.9,25961.0,"Action, Drama, Fantasy",-1.0,Series,TV-MA,11.0,None,Moderate,Moderate,Mild,Moderate
Sword Art Online,2015.0,7.6,40536.0,"Animation, Action, Adventure",24.0,Series,TV-14,98.0,Moderate,Moderate,Mild,Mild,Moderate
Sunshine,2007.0,7.2,241895.0,"Sci-Fi, Thriller",107.0,Film,R,-1.0,None,Moderate,Moderate,None,Severe
The Wolverine,2013.0,6.7,444710.0,"Action, Sci-Fi",126.0,Film,PG-13,-1.0,Mild,Moderate,Moderate,Mild,Moderate
Quantico,2013.0,6.7,58898.0,"Crime, Drama, Mystery",42.0,Series,TV-14,57.0,Mild,Moderate,Mild,Mild,Moderate
Pretty in Pink,1986.0,6.8,78028.0,"Comedy, Drama, Romance",97.0,Film,PG-13,-1.0,Mild,Mild,Moderate,Moderate,Mild
"Matando Cabos 2, La Máscara del Máscara",2021.0,4.3,172.0,Comedy,102.0,Film,None,-1.0,No Rate,No Rate,No Rate,No Rate,No Rate
Jurassic Park III,2001.0,5.9,305663.0,"Action, Adventure, Sci-Fi",92.0,Film,PG-13,-1.0,None,Moderate,Mild,Mild,Moderate
Mr. Mayor,2001.0,6.3,3180.0,Comedy,22.0,Series,TV-PG,10.0,None,None,Mild,Mild,No Rate
Nikita,2001.0,7.6,50021.0,"Action, Crime, Drama",60.0,Series,TV-14,73.0,Mild,Mild,Mild,Mild,Mild
Fuller House,2001.0,6.7,25986.0,"Comedy, Family",30.0,Series,TV-G,76.0,Mild,None,Mild,Mild,None
Gaia,2021.0,5.5,2899.0,"Drama, Fantasy, Horror",96.0,Film,R,-1.0,Severe,Severe,Moderate,None,Severe
Knowing,2009.0,6.2,227424.0,"Action, Drama, Sci-Fi",121.0,Film,PG-13,-1.0,None,Moderate,Mild,Mild,Severe
Sonic the Hedgehog 2,2022.0,-1.0,-1.0,"Action, Adventure, Comedy",-1.0,Film,None,-1.0,No Rate,No Rate,No Rate,No Rate,No Rate
She's Out of My League,2010.0,6.4,133019.0,"Comedy, Romance",104.0,Film,R,-1.0,Mild,Mild,Severe,Mild,None
Project Power,2020.0,6.0,80064.0,"Action, Crime, Sci-Fi",113.0,Film,R,-1.0,None,Moderate,Mild,Moderate,Moderate
Fast & Furious,2009.0,6.6,275634.0,"Action, Thriller",107.0,Film,PG-13,-1.0,Moderate,Moderate,Moderate,Mild,Mild
Awake,2021.0,4.8,18244.0,"Action, Adventure, Drama",96.0,Film,TV-MA,-1.0,Moderate,Moderate,Moderate,Mild,Moderate
Melrose Place,2021.0,5.9,11676.0,"Drama, Romance",60.0,Series,TV-14,220.0,Moderate,Mild,Moderate,Moderate,Mild
The Cell,2000.0,6.4,99760.0,"Crime, Horror, Sci-Fi",107.0,Film,R,-1.0,Severe,Severe,Moderate,Moderate,Severe
Critters,1986.0,6.1,34066.0,"Comedy, Horror, Sci-Fi",86.0,Film,PG-13,-1.0,None,Moderate,Mild,Mild,Mild
The Twilight Zone,1986.0,5.8,14415.0,"Drama, Fantasy, Horror",60.0,Series,TV-MA,20.0,Mild,Moderate,Severe,Mild,Moderate
Home and Away,1986.0,5.1,5781.0,"Drama, Romance",22.0,Series,TV-14,7675.0,Mild,Moderate,Mild,Moderate,Moderate
Unforgettable,1986.0,6.8,18266.0,"Crime, Drama, Mystery",60.0,Series,TV-14,61.0,Mild,No Rate,None,No Rate,No Rate
Punch-Drunk Love,2002.0,7.3,155694.0,"Comedy, Drama, Romance",95.0,Film,R,-1.0,Mild,Mild,Moderate,Mild,Mild
Ôdishon,1999.0,7.2,77108.0,"Drama, Horror, Mystery",115.0,Film,R,-1.0,Moderate,Severe,Mild,Mild,Severe
Waiting...,2005.0,6.7,94237.0,Comedy,94.0,Film,R,-1.0,Moderate,Mild,Severe,Moderate,None
The Italian Job,2003.0,7.0,353949.0,"Action, Crime, Thriller",111.0,Film,PG-13,-1.0,Mild,Mild,Moderate,Mild,Mild
The New Adventures of Old Christine,2003.0,7.1,12473.0,Comedy,22.0,Series,TV-PG,88.0,Moderate,No Rate,Mild,Mild,No Rate
Nitram,2021.0,7.3,283.0,Thriller,112.0,Film,None,-1.0,No Rate,No Rate,No Rate,No Rate,No Rate
Tucker and Dale vs Evil,2010.0,7.5,171943.0,"Comedy, Horror",89.0,Film,R,-1.0,Mild,Severe,Moderate,Mild,Mild
Godzilla,2014.0,6.4,399324.0,"Action, Adventure, Sci-Fi",123.0,Film,PG-13,-1.0,None,Moderate,Mild,Mild,Moderate
The Hurt Locker,2008.0,7.5,435398.0,"Drama, Thriller, War",131.0,Film,R,-1.0,Mild,Severe,Severe,Mild,Severe
Gremlins 2: The New Batch,1990.0,6.4,98522.0,"Comedy, Fantasy, Horror",106.0,Film,PG-13,-1.0,Mild,Moderate,Mild,Mild,Mild
The Call of the Wild,2020.0,6.8,44191.0,"Adventure, Drama, Family",100.0,Film,PG,-1.0,None,Mild,Mild,Mild,Mild
Eastbound & Down,2020.0,8.2,54044.0,"Comedy, Drama, Sport",28.0,Series,TV-MA,29.0,Severe,Mild,Severe,Severe,Mild
Queen Sugar,2020.0,7.6,4974.0,Drama,60.0,Series,TV-14,75.0,Moderate,None,Moderate,None,None
Spirit Untamed,2021.0,5.4,2585.0,"Animation, Adventure, Comedy",88.0,Film,E,-1.0,None,Mild,Mild,None,Mild
Adam-12,2021.0,7.6,3534.0,"Crime, Drama",30.0,Series,TV-PG,174.0,None,Mild,Mild,Mild,Mild
Little Women,1994.0,7.3,55179.0,"Drama, Family, Romance",115.0,Film,PG,-1.0,None,None,None,Mild,Mild
Exodus: Gods and Kings,2014.0,6.0,163953.0,"Action, Adventure, Drama",150.0,Film,(Banned),-1.0,None,Moderate,None,Mild,Moderate
Abraham Lincoln: Vampire Hunter,2012.0,5.9,152615.0,"Action, Fantasy, Horror",105.0,Film,R,-1.0,Mild,Severe,Mild,Mild,Severe
Friday Night Lights,2004.0,7.2,61325.0,"Action, Drama, Sport",118.0,Film,PG-13,-1.0,Mild,Mild,Moderate,Mild,Mild
Sherlock Holmes 3,2004.0,-1.0,-1.0,"Action, Adventure, Mystery",-1.0,Film,None,-1.0,No Rate,No Rate,No Rate,No Rate,No Rate
Holes,2003.0,7.0,82652.0,"Adventure, Comedy, Drama",117.0,Film,PG,-1.0,Mild,Moderate,Mild,Mild,Mild
The Good Witch,2008.0,7.2,3971.0,"Family, Fantasy, Romance",89.0,Film,TV-PG,-1.0,None,None,None,None,None
The Hot Chick,2002.0,5.5,92956.0,"Comedy, Fantasy",104.0,Film,PG-13,-1.0,Mild,None,Mild,Mild,None
The Order,2002.0,6.8,24772.0,"Drama, Fantasy, Horror",60.0,Series,TV-MA,20.0,Mild,Moderate,Moderate,Moderate,Mild
The Maid,2020.0,5.7,635.0,"Drama, Horror, Mystery",102.0,Film,None,-1.0,No Rate,No Rate,No Rate,No Rate,No Rate
Stumptown,2020.0,7.5,10363.0,"Crime, Drama",44.0,Series,TV-14,18.0,Mild,Moderate,No Rate,Moderate,Mild
Lethal Weapon,1987.0,7.6,246595.0,"Action, Crime, Thriller",109.0,Film,R,-1.0,Moderate,Moderate,Moderate,Moderate,Moderate
86,1987.0,8.0,1467.0,"Animation, Action, Drama",24.0,Series,TV-14,17.0,Mild,Moderate,Mild,None,Severe
Revenge,2017.0,6.4,40308.0,"Action, Horror, Thriller",108.0,Film,R,-1.0,Severe,Severe,Moderate,Moderate,Severe
The Beach,2000.0,6.7,230617.0,"Adventure, Drama, Romance",119.0,Film,R,-1.0,Mild,Severe,Moderate,Moderate,Moderate
The Domestics,2018.0,5.7,9434.0,"Action, Horror, Sci-Fi",95.0,Film,R,-1.0,Mild,Severe,Moderate,Mild,Moderate
She's the Man,2006.0,6.3,151872.0,"Comedy, Romance, Sport",105.0,Film,PG-13,-1.0,Mild,Mild,Mild,None,None
Synchronic,2019.0,6.2,24583.0,"Drama, Sci-Fi, Thriller",102.0,Film,R,-1.0,None,Moderate,Moderate,Moderate,Moderate
La haine,1995.0,8.1,160931.0,"Crime, Drama",98.0,Film,Not Rated,-1.0,Mild,Moderate,Severe,Moderate,Moderate
The Hitchhiker's Guide to the Galaxy,2005.0,6.7,191993.0,"Adventure, Comedy, Sci-Fi",109.0,Film,PG,-1.0,None,Mild,Mild,Mild,Mild
In a Lonely Place,1950.0,8.0,29259.0,"Drama, Film-Noir, Mystery",94.0,Film,Not Rated,-1.0,None,Mild,None,Mild,Mild
Impractical Jokers,1950.0,8.5,36492.0,"Comedy, Reality-TV",30.0,Series,TV-14,258.0,Mild,None,Moderate,Mild,None
Post Mortem: No One Dies in Skarnes,1950.0,7.1,2411.0,"Comedy, Drama, Thriller",44.0,Series,TV-MA,6.0,Mild,Moderate,Mild,No Rate,Moderate
Bring It On,2000.0,6.1,92139.0,"Comedy, Romance, Sport",98.0,Film,PG-13,-1.0,Mild,Mild,Moderate,Mild,None
Andhadhun,2018.0,8.2,83444.0,"Crime, Drama, Music",139.0,Film,Not Rated,-1.0,Mild,Moderate,Mild,Mild,Moderate
The Shannara Chronicles,2018.0,7.2,57032.0,"Adventure, Fantasy, Sci-Fi",42.0,Series,TV-14,20.0,Mild,Severe,Mild,Mild,Mild
"Two Guys, a Girl and a Pizza Place",2018.0,7.4,16434.0,"Comedy, Romance",30.0,Series,TV-PG,81.0,No Rate,No Rate,No Rate,No Rate,No Rate
Rango,2011.0,7.2,249443.0,"Animation, Adventure, Comedy",107.0,Film,PG,-1.0,Mild,Mild,Mild,Moderate,Moderate
Koe no katachi,2016.0,8.2,64259.0,"Animation, Drama",130.0,Film,Not Rated,-1.0,None,Mild,Mild,None,Moderate
The Accident,2019.0,6.2,1842.0,Drama,188.0,Series,None,4.0,No Rate,No Rate,No Rate,No Rate,No Rate
Footloose,1984.0,6.6,75330.0,"Drama, Music, Romance",107.0,Film,PG,-1.0,Mild,Moderate,Moderate,Mild,Mild
A Good Day to Die Hard,2013.0,5.3,202617.0,"Action, Thriller",98.0,Film,R,-1.0,None,Moderate,Moderate,Mild,Mild
Hollow Man,2000.0,5.8,127637.0,"Action, Horror, Sci-Fi",112.0,Film,R,-1.0,Moderate,Severe,Severe,None,Severe
Unstoppable,2010.0,6.8,191464.0,"Action, Thriller",98.0,Film,PG-13,-1.0,None,Moderate,Moderate,None,Moderate
Disturbia,2007.0,6.8,229438.0,"Crime, Drama, Mystery",105.0,Film,PG-13,-1.0,Mild,Moderate,Moderate,Mild,Moderate
Harold and Maude,1971.0,7.9,75055.0,"Comedy, Drama, Romance",91.0,Film,PG,-1.0,Mild,Moderate,None,Mild,Mild
Blade II,2002.0,6.7,208016.0,"Action, Horror, Sci-Fi",117.0,Film,R,-1.0,Mild,Severe,Severe,Moderate,Moderate
Farscape,2002.0,8.2,35087.0,"Action, Adventure, Drama",50.0,Series,TV-14,88.0,Mild,Mild,Mild,Mild,Moderate
X2,2003.0,7.4,528514.0,"Action, Sci-Fi, Thriller",134.0,Film,PG-13,-1.0,Mild,Moderate,Moderate,Mild,Moderate
Cougar Town,2003.0,7.0,42120.0,"Comedy, Romance",22.0,Series,TV-14,102.0,Mild,None,Mild,Moderate,None
Parallel,2018.0,5.8,2626.0,"Drama, Sci-Fi, Thriller",104.0,Film,None,-1.0,No Rate,No Rate,No Rate,No Rate,No Rate
Bedazzled,2000.0,6.0,100599.0,"Comedy, Fantasy",93.0,Film,PG-13,-1.0,Mild,Mild,Mild,Mild,Mild
Teeth,2007.0,5.4,42826.0,"Action, Comedy, Fantasy",94.0,Film,R,-1.0,Severe,Severe,Moderate,Mild,Severe
Bend It Like Beckham,2002.0,6.6,107361.0,"Comedy, Drama, Romance",112.0,Film,PG-13,-1.0,Mild,Mild,Mild,Mild,None
Crazy Ex-Girlfriend,2002.0,7.8,18381.0,"Comedy, Musical",42.0,Series,TV-14,62.0,Mild,None,Mild,Mild,None
Stalker,1979.0,8.1,126634.0,"Drama, Sci-Fi",162.0,Film,Not Rated,-1.0,None,Mild,Mild,Mild,Mild
Wreck-It Ralph,2012.0,7.7,397271.0,"Animation, Adventure, Comedy",101.0,Film,PG,-1.0,None,Mild,None,Mild,Mild
Moon,2009.0,7.8,346267.0,"Drama, Mystery, Sci-Fi",97.0,Film,R,-1.0,Mild,Moderate,Moderate,None,Mild
Brave,2012.0,7.1,389218.0,"Animation, Adventure, Comedy",93.0,Film,PG,-1.0,Mild,Mild,None,None,Moderate
In Treatment,2012.0,8.2,16766.0,Drama,30.0,Series,TV-MA,130.0,Mild,None,Severe,Mild,Moderate
One Day,2011.0,7.0,145695.0,"Drama, Romance",107.0,Film,PG-13,-1.0,Moderate,Mild,Mild,Mild,Mild
Creepshow,1982.0,6.9,45143.0,"Comedy, Fantasy, Horror",120.0,Film,R,-1.0,None,Moderate,Moderate,Mild,Moderate
The 'Burbs,1989.0,6.9,72120.0,"Comedy, Mystery, Thriller",102.0,Film,PG,-1.0,Mild,Mild,Mild,Mild,Mild
Straight Outta Compton,2015.0,7.8,189291.0,"Biography, Drama, History",147.0,Film,R,-1.0,Severe,Moderate,Severe,Moderate,Moderate
Friends with Benefits,2011.0,6.5,352364.0,"Comedy, Romance",109.0,Film,R,-1.0,Moderate,None,Moderate,Mild,None
Eighth Grade,2018.0,7.4,70305.0,"Comedy, Drama",93.0,Film,R,-1.0,Mild,None,Mild,None,Mild
Tomorrowland,2015.0,6.4,177597.0,"Action, Adventure, Family",130.0,Film,PG,-1.0,None,Mild,Mild,None,Mild
Big Night,1996.0,7.3,19084.0,"Drama, Romance",109.0,Film,R,-1.0,None,None,Moderate,Mild,None
Deja Vu,2006.0,7.1,301305.0,"Action, Crime, Sci-Fi",126.0,Film,PG-13,-1.0,Mild,Moderate,Mild,Mild,Moderate
Falling Skies,2006.0,7.2,87146.0,"Action, Adventure, Drama",42.0,Series,TV-14,52.0,Mild,Severe,Mild,Mild,Moderate
Mary Poppins Returns,2018.0,6.7,82208.0,"Comedy, Family, Fantasy",130.0,Film,PG,-1.0,None,None,None,None,Mild
The Dark Tower,2017.0,5.6,133675.0,"Action, Adventure, Fantasy",95.0,Film,PG-13,-1.0,None,Moderate,Mild,Mild,Moderate
The Three Musketeers,2011.0,5.7,105974.0,"Action, Adventure, Fantasy",110.0,Film,PG-13,-1.0,Mild,Mild,Mild,None,Mild
A Good Year,2006.0,7.0,92006.0,"Comedy, Drama, Romance",117.0,Film,PG-13,-1.0,Mild,None,Mild,Mild,None
Braindead,1992.0,7.5,94232.0,"Comedy, Fantasy, Horror",104.0,Film,R,-1.0,Moderate,Severe,Mild,Mild,Moderate
La piscine,1969.0,7.1,9329.0,"Crime, Drama, Romance",122.0,Film,GP,-1.0,Mild,Mild,No Rate,Mild,No Rate
Metropolis,1927.0,8.3,167247.0,"Drama, Sci-Fi",153.0,Film,Not Rated,-1.0,Mild,Mild,None,Mild,Moderate
Carrie,2013.0,5.9,136798.0,"Drama, Horror",100.0,Film,R,-1.0,Mild,Severe,Moderate,Mild,Moderate
Nineteen Eighty-Four,1984.0,7.1,69490.0,"Drama, Sci-Fi",113.0,Film,R,-1.0,Severe,Moderate,None,Mild,Severe
Witness for the Prosecution,1957.0,8.4,117018.0,"Crime, Drama, Mystery",116.0,Film,Approved,-1.0,None,Mild,None,Mild,Mild
Vacation,2015.0,6.1,105696.0,"Adventure, Comedy",99.0,Film,R,-1.0,Moderate,Mild,Severe,Mild,None
Hitman: Agent 47,2015.0,5.7,88383.0,"Action, Crime, Thriller",96.0,Film,R,-1.0,None,Severe,Moderate,None,Moderate
The Bold and the Beautiful,2015.0,3.4,7411.0,"Drama, Romance",30.0,Series,TV-14,8365.0,Mild,Mild,Mild,Mild,None
The Librarians,2015.0,7.3,20598.0,"Action, Adventure, Comedy",42.0,Series,TV-14,42.0,None,Mild,Mild,Mild,Mild
The Guilty,2000.0,6.1,3446.0,"Crime, Drama, Thriller",108.0,Film,R,-1.0,Moderate,No Rate,Mild,No Rate,No Rate
The Baby-Sitters Club,2000.0,7.4,3041.0,"Comedy, Drama, Family",-1.0,Series,TV-PG,18.0,Mild,None,None,None,None
Taxi,2000.0,7.7,12533.0,Comedy,30.0,Series,TV-PG,114.0,Mild,None,None,Mild,None
Sideways,2004.0,7.5,185552.0,"Comedy, Drama, Romance",127.0,Film,R,-1.0,Moderate,Mild,Severe,Moderate,None
Billy Madison,1995.0,6.4,137425.0,Comedy,89.0,Film,PG-13,-1.0,Mild,Mild,Moderate,Mild,Mild
Seven Pounds,2008.0,7.6,294373.0,Drama,123.0,Film,PG-13,-1.0,Mild,Mild,Mild,None,Mild
Formula 1: Drive to Survive,2008.0,8.6,28508.0,"Documentary, Sport",40.0,Series,TV-MA,31.0,None,Mild,Severe,None,Mild
Creed II,2018.0,7.1,114869.0,"Drama, Sport",130.0,Film,PG-13,-1.0,Mild,Moderate,Mild,Mild,Moderate
Hansel & Gretel: Witch Hunters,2013.0,6.1,200437.0,"Action, Fantasy, Horror",88.0,Film,R,-1.0,Mild,Severe,Severe,Mild,Moderate
The Mortal Instruments: City of Bones,2013.0,5.9,130442.0,"Action, Adventure, Fantasy",130.0,Film,PG-13,-1.0,None,Moderate,Mild,Mild,Moderate
Ultimo tango a Parigi,1972.0,7.0,52025.0,"Drama, Romance",129.0,Film,PG-13,-1.0,None,Moderate,Mild,Mild,Moderate
Alfred Hitchcock Presents,1972.0,8.5,16088.0,"Comedy, Crime, Drama",25.0,Series,TV-14,268.0,None,None,None,Mild,Moderate
Phineas and Ferb,1972.0,8.0,39771.0,"Animation, Action, Comedy",15.0,Series,TV-G,130.0,None,None,None,None,None
United 93,2006.0,7.6,103448.0,"Action, Drama, History",111.0,Film,R,-1.0,None,Severe,Moderate,None,Severe
Revolution,2006.0,6.7,82198.0,"Action, Adventure, Drama",43.0,Series,TV-14,42.0,Mild,Moderate,Mild,Mild,Moderate
Odd Thomas,2013.0,6.8,50684.0,"Comedy, Fantasy, Horror",100.0,Film,PG-13,-1.0,Mild,Moderate,Mild,Mild,Moderate
Trolls World Tour,2020.0,6.1,20397.0,"Animation, Adventure, Comedy",90.0,Film,PG,-1.0,None,Mild,None,None,Mild
National Treasure,2004.0,6.9,316206.0,"Action, Adventure, Mystery",131.0,Film,PG,-1.0,None,Mild,Mild,Mild,Mild
Låt den rätte komma in,2008.0,7.9,210665.0,"Crime, Drama, Fantasy",114.0,Film,R,-1.0,Mild,Severe,Mild,Mild,Moderate
The Education of Fredrick Fitzell,2020.0,5.4,4127.0,"Drama, Mystery, Thriller",97.0,Film,R,-1.0,Mild,Mild,Moderate,Severe,Severe
Shrill,2020.0,7.4,7080.0,"Comedy, Drama",30.0,Series,TV-MA,22.0,Moderate,No Rate,Moderate,No Rate,No Rate
Last Christmas,2019.0,6.5,60940.0,"Comedy, Drama, Fantasy",103.0,Film,PG-13,-1.0,Mild,Mild,Mild,Mild,None
Hotel Mumbai,2018.0,7.6,58602.0,"Action, Drama, History",123.0,Film,R,-1.0,Mild,Severe,Moderate,Mild,Severe
Alone,2020.0,6.2,15497.0,"Drama, Horror, Mystery",98.0,Film,R,-1.0,None,Moderate,Moderate,Mild,Moderate
The Punisher,2004.0,6.4,154898.0,"Action, Crime, Drama",124.0,Film,R,-1.0,Moderate,Severe,Moderate,Mild,Moderate
The Missing,2004.0,8.2,23996.0,"Crime, Drama, Mystery",60.0,Series,TV-14,16.0,Mild,Moderate,Mild,Moderate,Moderate
Captain Phillips,2013.0,7.8,438995.0,"Adventure, Biography, Crime",134.0,Film,PG-13,-1.0,None,Moderate,Mild,Mild,Severe
Seungriho,2021.0,6.6,21980.0,"Action, Adventure, Drama",136.0,Film,TV-MA,-1.0,None,Mild,Moderate,Mild,Mild
Career Opportunities,1991.0,5.9,13072.0,"Comedy, Romance",83.0,Film,PG-13,-1.0,Mild,No Rate,No Rate,No Rate,No Rate
Thelma,2017.0,7.0,29030.0,"Drama, Fantasy, Horror",116.0,Film,Not Rated,-1.0,Moderate,Mild,Mild,Moderate,Moderate
Keeping Up with the Kardashians,2017.0,2.8,28336.0,"Drama, Family, Reality-TV",44.0,Series,TV-14,294.0,Moderate,Mild,Moderate,Mild,Mild
Now You See Me 2,2016.0,6.5,266626.0,"Action, Adventure, Comedy",129.0,Film,PG-13,-1.0,None,Mild,Moderate,Mild,Mild
You've Got Mail,1998.0,6.7,203501.0,"Comedy, Drama, Romance",119.0,Film,PG,-1.0,None,None,Mild,Mild,None
Holidate,2020.0,6.1,53195.0,"Comedy, Romance",104.0,Film,TV-MA,-1.0,Moderate,Mild,Moderate,Mild,None
The Boy,2016.0,6.0,85863.0,"Horror, Mystery, Thriller",97.0,Film,PG-13,-1.0,Mild,Moderate,Mild,Mild,Moderate
Mowgli,2018.0,6.5,59283.0,"Adventure, Drama, Fantasy",104.0,Film,PG-13,-1.0,None,Moderate,None,Mild,Moderate
Hercules,2014.0,6.0,151181.0,"Action, Adventure, Fantasy",98.0,Film,PG-13,-1.0,Mild,Severe,Mild,Mild,Moderate
High School Musical,2006.0,5.5,84460.0,"Comedy, Drama, Family",98.0,Film,TV-G,-1.0,None,None,None,None,None
House,1985.0,6.2,25116.0,"Comedy, Fantasy, Horror",93.0,Film,R,-1.0,None,Moderate,Mild,Mild,Moderate
Guardians of the Galaxy Vol. 3,2023.0,-1.0,-1.0,"Action, Adventure, Comedy",-1.0,Film,None,-1.0,No Rate,No Rate,No Rate,No Rate,No Rate
Buddy Games,2019.0,4.8,4781.0,Comedy,90.0,Film,R,-1.0,Moderate,Mild,Severe,Moderate,None
American Housewife,2019.0,7.4,8629.0,Comedy,30.0,Series,TV-PG,103.0,None,None,Mild,None,None
Ginger Snaps,2000.0,6.8,44739.0,"Drama, Fantasy, Horror",108.0,Film,Not Rated,-1.0,Mild,Severe,Severe,Moderate,Severe
My Wife and Kids,2000.0,6.9,26429.0,"Comedy, Family",30.0,Series,TV-PG,124.0,Mild,None,Mild,None,No Rate
The Girl in the Spider's Web,2018.0,6.1,44767.0,"Action, Crime, Drama",115.0,Film,R,-1.0,Mild,Severe,Moderate,Mild,Mild
Friday the 13th: A New Beginning,1985.0,4.8,36377.0,"Horror, Mystery, Thriller",92.0,Film,R,-1.0,Severe,Severe,Severe,Mild,Moderate
The King's Speech,2010.0,8.0,657606.0,"Biography, Drama, History",118.0,Film,R,-1.0,None,None,Moderate,Mild,None
Operation Fortune: Ruse de guerre,2022.0,-1.0,-1.0,"Action, Thriller",-1.0,Film,None,-1.0,No Rate,No Rate,No Rate,No Rate,No Rate
Blue Mountain State,2022.0,8.3,50584.0,"Comedy, Sport",22.0,Series,TV-MA,39.0,Moderate,Mild,Moderate,Severe,None
All Good Things,2010.0,6.3,54689.0,"Crime, Drama, Mystery",101.0,Film,R,-1.0,Moderate,Moderate,Moderate,Moderate,Mild
xXx,2002.0,5.9,176676.0,"Action, Adventure, Thriller",124.0,Film,PG-13,-1.0,Moderate,Moderate,Moderate,Moderate,Moderate
Bound,1996.0,7.3,53116.0,"Crime, Thriller",109.0,Film,R,-1.0,Moderate,Severe,Moderate,Mild,Moderate
La montaña sagrada,1973.0,7.9,40174.0,"Adventure, Drama, Fantasy",114.0,Film,R,-1.0,Severe,Severe,Mild,Moderate,Severe
Eden Lake,2008.0,6.8,80918.0,"Horror, Thriller",91.0,Film,R,-1.0,Mild,Severe,Severe,Moderate,Severe
Osmosis Jones,2001.0,6.3,34446.0,"Animation, Action, Adventure",95.0,Film,PG,-1.0,Mild,Mild,Mild,Mild,Mild
Shiva Baby,2020.0,7.1,11644.0,"Comedy, Drama",77.0,Film,Not Rated,-1.0,Mild,None,Moderate,Mild,Mild
Det som göms i snö,2020.0,7.4,2184.0,"Crime, Drama, Mystery",43.0,Series,None,13.0,No Rate,No Rate,No Rate,No Rate,No Rate
Father of the Bride Part 3 (ish),2020.0,7.0,790.0,"Short, Family",26.0,Film,None,-1.0,No Rate,No Rate,No Rate,No Rate,No Rate
Moonshine,2020.0,5.7,257.0,"Comedy, Drama",44.0,Series,None,8.0,No Rate,No Rate,No Rate,No Rate,No Rate
Hill Street Blues,2020.0,8.1,8211.0,"Crime, Drama, Mystery",60.0,Series,TV-14,144.0,No Rate,No Rate,No Rate,No Rate,No Rate
Life in Pieces,2020.0,8.0,13972.0,Comedy,22.0,Series,TV-14,79.0,Mild,None,Mild,No Rate,No Rate
The Shallows,2016.0,6.3,126693.0,"Action, Drama, Horror",86.0,Film,PG-13,-1.0,None,Moderate,Mild,Mild,Moderate
Elizabeth,1998.0,7.4,96045.0,"Biography, Drama, History",124.0,Film,R,-1.0,Moderate,Severe,None,Mild,Moderate
Green Room,2015.0,7.0,114804.0,"Horror, Thriller",95.0,Film,R,-1.0,None,Severe,Severe,Moderate,Severe
The Fighter,2010.0,7.8,352178.0,"Biography, Drama, Sport",116.0,Film,R,-1.0,Mild,Moderate,Severe,Severe,Mild
Pitch Perfect 3,2017.0,5.8,60102.0,"Comedy, Music",93.0,Film,PG-13,-1.0,Mild,Mild,Mild,Mild,None
Pushing Daisies,2017.0,8.3,55311.0,"Comedy, Drama, Fantasy",44.0,Series,TV-PG,22.0,Mild,Moderate,Mild,Mild,Moderate
2 Fast 2 Furious,2003.0,5.9,263585.0,"Action, Crime, Thriller",107.0,Film,PG-13,-1.0,Mild,Moderate,Moderate,Mild,Mild
We Can Be Heroes,2020.0,4.7,12866.0,"Action, Comedy, Drama",100.0,Film,PG,-1.0,None,Mild,None,None,Mild
Anchorman 2: The Legend Continues,2013.0,6.3,174601.0,Comedy,119.0,Film,PG-13,-1.0,Moderate,Mild,Moderate,Mild,None
Gifted,2017.0,7.6,108082.0,Drama,101.0,Film,PG-13,-1.0,Mild,None,Mild,Mild,None
Master of None,2017.0,8.3,71255.0,"Comedy, Drama",30.0,Series,TV-MA,25.0,Moderate,None,Moderate,Mild,None
Tears of the Sun,2003.0,6.6,117948.0,"Action, Drama, Thriller",121.0,Film,R,-1.0,Moderate,Severe,Severe,None,Moderate
Humans,2003.0,8.0,37949.0,"Drama, Sci-Fi",42.0,Series,TV-14,24.0,Mild,Mild,Moderate,Mild,Mild
Hell Fest,2018.0,5.5,15810.0,"Horror, Thriller",89.0,Film,R,-1.0,Mild,Severe,Moderate,Mild,Moderate
Future Man,2018.0,7.7,23385.0,"Action, Adventure, Comedy",30.0,Series,TV-MA,34.0,Severe,Moderate,Severe,Moderate,Mild
Triple Frontier,2019.0,6.4,117730.0,"Action, Adventure, Crime",125.0,Film,R,-1.0,None,Moderate,Severe,Mild,Moderate
Jigsaw,2017.0,5.8,74676.0,"Crime, Horror, Mystery",92.0,Film,R,-1.0,Mild,Severe,Severe,Mild,Severe
Orphan: First Kill,2017.0,-1.0,-1.0,"Crime, Drama, Horror",-1.0,Film,None,-1.0,No Rate,No Rate,No Rate,No Rate,No Rate
Family Ties,2017.0,7.2,17051.0,"Comedy, Drama, Family",30.0,Series,TV-G,172.0,Mild,None,Mild,Mild,Mild
The Legend of Tarzan,2016.0,6.2,170238.0,"Action, Adventure, Drama",110.0,Film,PG-13,-1.0,Mild,Mild,Mild,None,Mild
Friday the 13th Part VI: Jason Lives,1986.0,6.0,42033.0,"Horror, Thriller",86.0,Film,(Banned),-1.0,Mild,Severe,Moderate,Mild,Moderate
Mission: Impossible III,2006.0,6.9,341614.0,"Action, Adventure, Thriller",126.0,Film,PG-13,-1.0,Mild,Moderate,Mild,Mild,Moderate
Catch the Bullet,2021.0,2.7,287.0,Western,88.0,Film,R,-1.0,No Rate,No Rate,No Rate,No Rate,No Rate
The Big Sick,2017.0,7.5,128327.0,"Comedy, Drama, Romance",120.0,Film,R,-1.0,Mild,None,Moderate,Mild,Mild
Robots,2005.0,6.3,139148.0,"Animation, Adventure, Comedy",91.0,Film,PG,-1.0,Mild,Mild,None,None,Mild
The Covenant,2006.0,5.3,48344.0,"Action, Adventure, Fantasy",97.0,Film,PG-13,-1.0,Mild,Mild,Mild,Mild,Mild
Last Week Tonight with John Oliver,2006.0,8.9,83524.0,"Comedy, History, News",30.0,Series,TV-MA,236.0,Mild,Mild,Severe,None,Mild
North by Northwest,1959.0,8.3,313003.0,"Adventure, Mystery, Thriller",136.0,Film,Approved,-1.0,Mild,Mild,None,Mild,Mild
Slap Shot,1977.0,7.3,35785.0,"Comedy, Drama, Sport",123.0,Film,R,-1.0,Moderate,Moderate,Severe,Mild,Mild
Fracture,2007.0,7.2,195218.0,"Crime, Drama, Thriller",113.0,Film,R,-1.0,Mild,Moderate,Moderate,Mild,Mild
Harold & Kumar Go to White Castle,2004.0,7.0,189060.0,"Adventure, Comedy",88.0,Film,R,-1.0,Moderate,Mild,Severe,Severe,None
SurrealEstate,2004.0,7.2,1749.0,"Drama, Fantasy, Mystery",43.0,Series,TV-14,10.0,Mild,Moderate,None,Moderate,Severe
Madagascar,2005.0,6.9,381570.0,"Animation, Adventure, Comedy",86.0,Film,PG,-1.0,None,Mild,Mild,None,Mild
A Boy Called Christmas,2021.0,-1.0,-1.0,"Adventure, Drama, Family",106.0,Film,PG,-1.0,No Rate,No Rate,No Rate,No Rate,No Rate
Silk Road,2021.0,5.9,4159.0,"Crime, Drama, Thriller",112.0,Film,R,-1.0,None,Mild,Moderate,Severe,Mild
Wish Dragon,2021.0,7.2,19628.0,"Animation, Adventure, Comedy",98.0,Film,PG,-1.0,None,Mild,None,Mild,Mild
The Boondocks,2021.0,8.4,28435.0,"Animation, Action, Comedy",22.0,Series,TV-MA,56.0,Moderate,Moderate,Severe,Moderate,Moderate
Angel Has Fallen,2019.0,6.4,89225.0,"Action, Thriller",121.0,Film,R,-1.0,None,Severe,Severe,Mild,Moderate
I Am Not Okay with This,2020.0,7.5,50427.0,"Comedy, Drama, Fantasy",30.0,Series,TV-MA,7.0,Mild,Moderate,Moderate,Moderate,Moderate
Day of the Woman,1978.0,5.7,27313.0,"Horror, Thriller",101.0,Film,R,-1.0,Severe,Severe,Moderate,Mild,Severe
Velvet Buzzsaw,2019.0,5.7,57549.0,"Horror, Mystery, Thriller",113.0,Film,R,-1.0,Moderate,Moderate,Moderate,Mild,Moderate
Carol,2015.0,7.2,122370.0,"Drama, Romance",118.0,Film,R,-1.0,Moderate,None,Mild,Mild,None
Karppi,2015.0,7.3,7713.0,"Crime, Drama, Mystery",45.0,Series,TV-MA,21.0,Mild,Moderate,Moderate,Moderate,Mild
Planet Terror,2007.0,7.0,205242.0,"Action, Comedy, Fantasy",105.0,Film,R,-1.0,Moderate,Severe,Moderate,Mild,Severe
Clash of the Titans,1981.0,6.9,42909.0,"Action, Adventure, Family",118.0,Film,PG,-1.0,Mild,Moderate,None,None,Mild
Widows,2018.0,6.9,92464.0,"Crime, Drama, Thriller",129.0,Film,R,-1.0,Moderate,Moderate,Severe,Mild,Moderate
The Exorcist,2018.0,8.0,27032.0,"Drama, Horror, Mystery",45.0,Series,TV-14,20.0,Mild,Severe,Moderate,Mild,Severe
"As Above, So Below",2014.0,6.2,85867.0,"Horror, Mystery, Thriller",93.0,Film,R,-1.0,Mild,Moderate,Moderate,Mild,Severe
Self/less,2015.0,6.5,95166.0,"Action, Mystery, Sci-Fi",117.0,Film,PG-13,-1.0,Mild,Moderate,Moderate,Mild,Moderate
Anna Karenina,2012.0,6.6,96200.0,"Drama, Romance",129.0,Film,R,-1.0,Moderate,Moderate,Mild,Mild,Mild
The Book of Life,2014.0,7.3,67658.0,"Animation, Adventure, Comedy",95.0,Film,PG,-1.0,None,Mild,None,Mild,Mild
Medium,2014.0,7.0,27020.0,"Crime, Drama, Fantasy",60.0,Series,TV-14,130.0,No Rate,Moderate,No Rate,No Rate,Mild
Elf,2003.0,7.0,239380.0,"Adventure, Comedy, Family",97.0,Film,PG,-1.0,Mild,Mild,Mild,Mild,None
Itaewon Keullasseu,2020.0,8.2,9194.0,"Drama, Romance",70.0,Series,TV-MA,16.0,None,Moderate,Moderate,Moderate,Mild
Channel Zero,2020.0,7.2,9962.0,"Crime, Drama, Fantasy",44.0,Series,TV-14,24.0,Mild,Severe,Moderate,Mild,Severe
The House with a Clock in Its Walls,2018.0,6.1,49030.0,"Comedy, Family, Fantasy",105.0,Film,PG,-1.0,None,Mild,Mild,None,Moderate
Up in the Air,2009.0,7.4,326833.0,"Comedy, Drama, Romance",109.0,Film,R,-1.0,Mild,None,Moderate,Mild,None
Lady of the Manor,2021.0,5.1,583.0,Comedy,96.0,Film,R,-1.0,Moderate,Mild,Severe,Mild,Mild
Being There,1979.0,8.0,70007.0,"Comedy, Drama",130.0,Film,PG,-1.0,Moderate,None,Mild,Mild,None
Alien: Resurrection,1997.0,6.2,238029.0,"Action, Horror, Sci-Fi",109.0,Film,R,-1.0,Mild,Severe,Moderate,Mild,Moderate
Melancholia,2011.0,7.2,174677.0,"Drama, Sci-Fi",135.0,Film,R,-1.0,Moderate,Mild,Mild,Mild,Severe
Buck Rogers in the 25th Century,2011.0,6.9,8497.0,"Action, Adventure, Sci-Fi",60.0,Series,TV-G,32.0,Mild,No Rate,No Rate,No Rate,No Rate
Badehotellet,2011.0,7.7,2163.0,"Comedy, Drama",50.0,Series,TV-MA,50.0,Mild,Mild,Mild,Mild,None
Resident Evil: Retribution,2012.0,5.4,137384.0,"Action, Horror, Sci-Fi",95.0,Film,R,-1.0,Mild,Severe,Mild,Mild,Moderate
Six Minutes to Midnight,2020.0,5.8,3157.0,"Drama, Thriller",99.0,Film,PG-13,-1.0,None,Mild,None,Mild,Mild
Changeling,2008.0,7.7,247155.0,"Biography, Crime, Drama",141.0,Film,R,-1.0,Mild,Moderate,Mild,Mild,Severe
A Beautiful Day in the Neighborhood,2019.0,7.3,70101.0,"Biography, Drama",109.0,Film,PG,-1.0,None,None,Mild,None,None
Atlantis: The Lost Empire,2001.0,6.9,111533.0,"Animation, Action, Adventure",95.0,Film,PG,-1.0,None,Moderate,None,Mild,Moderate
Dracula,1958.0,7.3,23672.0,"Drama, Horror",82.0,Film,Not Rated,-1.0,None,Moderate,None,Mild,Moderate
The Day of the Jackal,1973.0,7.8,39310.0,"Crime, Drama, Thriller",143.0,Film,PG,-1.0,Mild,Mild,No Rate,Mild,No Rate
Sherlock Holmes: A Game of Shadows,2011.0,7.5,435027.0,"Action, Adventure, Mystery",129.0,Film,PG-13,-1.0,Mild,Moderate,Mild,Mild,Moderate
Blended,2014.0,6.5,125857.0,"Comedy, Romance",117.0,Film,PG-13,-1.0,Mild,None,Mild,None,None
The Thing from Another World,1951.0,7.1,28599.0,"Horror, Sci-Fi",87.0,Film,Approved,-1.0,None,Mild,None,Mild,Mild
Gekijouban Nanatsu no Taizai: Hikari ni Norowareshi Mono-tachi,2021.0,6.5,409.0,Animation,79.0,Film,None,-1.0,No Rate,No Rate,No Rate,No Rate,No Rate
42,2013.0,7.5,90626.0,"Biography, Drama, Sport",128.0,Film,PG-13,-1.0,None,None,Moderate,Mild,Mild
France,2021.0,5.5,425.0,"Comedy, Drama",133.0,Film,None,-1.0,No Rate,No Rate,No Rate,No Rate,No Rate
Some Like It Hot,1959.0,8.2,255093.0,"Comedy, Music, Romance",121.0,Film,Passed,-1.0,Mild,Mild,None,Mild,Mild
Hostel: Part II,2007.0,5.5,88047.0,Horror,94.0,Film,R,-1.0,Severe,Severe,Severe,Mild,Severe
The Day the Earth Stood Still,2008.0,5.5,166954.0,"Drama, Sci-Fi, Thriller",104.0,Film,PG-13,-1.0,None,Moderate,None,None,Moderate
Who's the Boss?,2008.0,6.6,12646.0,"Comedy, Family, Romance",30.0,Series,TV-G,196.0,None,None,Mild,Mild,No Rate
One Day at a Time,2008.0,6.5,4215.0,Comedy,30.0,Series,TV-PG,209.0,Mild,Mild,Mild,Moderate,Moderate
Barbarella,1968.0,5.9,33883.0,"Adventure, Comedy, Fantasy",98.0,Film,Approved,-1.0,Moderate,Mild,None,Mild,Mild
Mary Tyler Moore,1968.0,8.1,7755.0,Comedy,30.0,Series,TV-PG,168.0,None,None,None,Mild,None
Yakuza Princess,2021.0,4.4,598.0,Thriller,111.0,Film,R,-1.0,Severe,Severe,Moderate,Mild,Mild
Leprechaun,1993.0,4.8,25618.0,"Comedy, Fantasy, Horror",92.0,Film,R,-1.0,None,Moderate,Mild,Mild,Mild
Wayward Pines,1993.0,7.4,53727.0,"Drama, Mystery, Sci-Fi",60.0,Series,TV-14,20.0,None,Severe,Mild,Mild,Severe
Ally McBeal,1993.0,6.8,32007.0,"Comedy, Drama, Fantasy",45.0,Series,TV-PG,112.0,Moderate,Mild,Mild,Moderate,No Rate
Quincy M.E.,1993.0,7.3,5835.0,"Crime, Drama, Mystery",60.0,Series,TV-PG,148.0,No Rate,No Rate,No Rate,No Rate,No Rate
Forsaken,2015.0,6.3,11134.0,"Action, Drama, Western",90.0,Film,R,-1.0,None,Moderate,Mild,No Rate,No Rate
The People Under the Stairs,1991.0,6.4,33208.0,"Comedy, Horror, Mystery",102.0,Film,R,-1.0,Mild,Moderate,Moderate,Mild,Moderate
[Rec],2007.0,7.4,172050.0,"Horror, Mystery, Thriller",78.0,Film,R,-1.0,Mild,Severe,Severe,None,Severe
Das Boot,1981.0,8.3,241213.0,"Adventure, Drama, Thriller",149.0,Film,None,-1.0,No Rate,No Rate,No Rate,No Rate,No Rate
Come Play,2020.0,5.7,10730.0,"Drama, Horror, Mystery",96.0,Film,PG-13,-1.0,None,Mild,Mild,None,Moderate
Nosferatu,1922.0,7.9,92629.0,"Fantasy, Horror",94.0,Film,Not Rated,-1.0,None,Mild,None,Mild,Moderate
Wo hu cang long,2000.0,7.8,261231.0,"Action, Adventure, Fantasy",120.0,Film,PG-13,-1.0,Mild,Moderate,Mild,None,Mild
The Dark and the Wicked,2020.0,6.1,13258.0,Horror,95.0,Film,Not Rated,-1.0,Mild,Severe,Moderate,Mild,Severe
Descendants 3,2019.0,6.6,6845.0,"Action, Adventure, Drama",106.0,Film,TV-G,-1.0,None,Mild,None,None,Mild
The Emperor's New Groove,2000.0,7.4,190513.0,"Animation, Adventure, Comedy",78.0,Film,G,-1.0,None,Mild,None,None,None
Fantastic Four,2015.0,4.2,158942.0,"Action, Adventure, Sci-Fi",100.0,Film,PG-13,-1.0,None,Moderate,Mild,Mild,Moderate
The Secret Life of Pets,2016.0,6.5,191683.0,"Animation, Adventure, Comedy",87.0,Film,PG,-1.0,None,Mild,None,None,Mild
Steven Universe,2016.0,8.2,29457.0,"Animation, Short, Action",11.0,Series,TV-PG,175.0,Mild,Mild,None,None,Moderate
4400,2016.0,-1.0,-1.0,"Drama, Sci-Fi",-1.0,Series,None,7.0,No Rate,No Rate,No Rate,No Rate,No Rate
Hulk,2003.0,5.6,259530.0,"Action, Sci-Fi",138.0,Film,PG-13,-1.0,Mild,Moderate,Mild,None,Moderate
Fumetsu no Anata e,2003.0,8.8,4410.0,"Animation, Adventure, Drama",25.0,Series,TV-MA,21.0,None,Moderate,None,None,Moderate
Ed Wood,1994.0,7.8,171031.0,"Biography, Comedy, Drama",127.0,Film,R,-1.0,Mild,Mild,Moderate,Moderate,Mild
Made for Love,1994.0,6.9,6726.0,"Comedy, Drama, Sci-Fi",30.0,Series,TV-MA,9.0,Moderate,Mild,Moderate,Mild,None
Hotel Del Luna,2019.0,8.2,5842.0,"Drama, Fantasy, Horror",80.0,Series,None,16.0,No Rate,No Rate,No Rate,No Rate,No Rate
Grindhouse,2007.0,7.5,181545.0,"Action, Horror, Thriller",191.0,Film,R,-1.0,Severe,Severe,Severe,Moderate,Severe
Case 39,2009.0,6.2,82689.0,"Horror, Mystery, Thriller",109.0,Film,R,-1.0,None,Moderate,Mild,Mild,Severe
Chocolat,2000.0,7.2,184344.0,"Drama, Romance",121.0,Film,PG-13,-1.0,Mild,Mild,None,Mild,Mild
Fast Five,2011.0,7.3,367689.0,"Action, Adventure, Crime",130.0,Film,PG-13,-1.0,Mild,Moderate,Moderate,Mild,Moderate
Spider-Man,2011.0,8.4,28885.0,"Animation, Action, Adventure",23.0,Series,TV-Y,65.0,None,Mild,None,None,Mild
A Cure for Wellness,2016.0,6.4,92138.0,"Drama, Fantasy, Horror",146.0,Film,R,-1.0,Severe,Severe,Moderate,Mild,Severe
Mystery Men,1999.0,6.1,65300.0,"Action, Comedy, Fantasy",121.0,Film,PG-13,-1.0,Mild,Mild,Mild,Mild,Mild
World's Greatest Dad,2009.0,6.9,38191.0,"Comedy, Drama",99.0,Film,R,-1.0,Moderate,Moderate,Severe,Moderate,Severe
In the Line of Fire,1993.0,7.2,98590.0,"Action, Crime, Drama",128.0,Film,R,-1.0,Mild,Moderate,Moderate,Mild,Moderate
The Mummy: Tomb of the Dragon Emperor,2008.0,5.2,155713.0,"Action, Fantasy, Horror",112.0,Film,PG-13,-1.0,Mild,Moderate,Mild,Mild,Moderate
Dark Matter,2008.0,7.5,40499.0,"Adventure, Drama, Mystery",42.0,Series,TV-14,39.0,Mild,Moderate,Mild,Mild,Moderate
Out of Death,2021.0,3.1,2674.0,"Crime, Thriller",95.0,Film,R,-1.0,No Rate,No Rate,Severe,No Rate,No Rate
The F Word,2013.0,6.8,74180.0,"Comedy, Romance",98.0,Film,PG-13,-1.0,Mild,Mild,Mild,Mild,Mild
Swamp Thing,2019.0,7.5,22988.0,"Action, Adventure, Drama",60.0,Series,TV-MA,10.0,Mild,Severe,Moderate,Moderate,Severe
The Cosby Show,2019.0,7.3,32823.0,"Comedy, Family, Romance",30.0,Series,TV-G,197.0,Mild,None,None,Mild,None
A Nightmare on Elm Street: The Dream Child,1989.0,5.1,43348.0,"Fantasy, Horror",89.0,Film,R,-1.0,Mild,Severe,Moderate,Mild,Severe
Stage Door,1937.0,7.8,8117.0,"Comedy, Drama",92.0,Film,Approved,-1.0,No Rate,No Rate,No Rate,No Rate,No Rate
The Adventures of Tintin,2011.0,7.3,223624.0,"Animation, Action, Adventure",107.0,Film,PG,-1.0,None,Moderate,Mild,Moderate,Mild
Army Wives,2011.0,7.4,7376.0,"Drama, Romance, War",60.0,Series,TV-PG,117.0,No Rate,Mild,No Rate,No Rate,No Rate
Leatherface,2017.0,5.0,21413.0,"Crime, Horror, Thriller",90.0,Film,R,-1.0,Moderate,Severe,Moderate,Mild,Severe
Marie Antoinette,2006.0,6.5,106318.0,"Biography, Drama, History",123.0,Film,PG-13,-1.0,Mild,Mild,Mild,Moderate,Mild
Kenpû Denki Berserk,2006.0,8.7,32672.0,"Animation, Action, Adventure",23.0,Series,TV-14,25.0,Severe,Severe,Mild,Mild,Severe
3 from Hell,2019.0,5.5,13273.0,"Action, Horror",115.0,Film,R,-1.0,Severe,Severe,Severe,Severe,Severe
Joy,2015.0,6.6,132595.0,"Biography, Drama",124.0,Film,PG-13,-1.0,None,None,Mild,Mild,None
Homecoming,2015.0,7.5,22922.0,"Drama, Mystery, Thriller",30.0,Series,TV-MA,17.0,Mild,Mild,Moderate,Mild,Moderate
Ice Age,2002.0,7.5,458655.0,"Animation, Adventure, Comedy",81.0,Film,PG,-1.0,None,Mild,None,None,Mild
The Descendants,2011.0,7.3,237060.0,"Comedy, Drama",115.0,Film,R,-1.0,Mild,Mild,Severe,Mild,Mild
Raising Arizona,1987.0,7.3,132774.0,"Comedy, Crime",94.0,Film,PG-13,-1.0,Mild,Mild,Moderate,Mild,Mild
Spenser Confidential,2020.0,6.2,80152.0,"Action, Comedy, Crime",111.0,Film,R,-1.0,Mild,Moderate,Severe,Mild,Moderate
"Love, Rosie",2014.0,7.2,130554.0,"Comedy, Romance",102.0,Film,R,-1.0,Mild,None,Moderate,Mild,Mild
Last Action Hero,1993.0,6.4,144648.0,"Action, Adventure, Comedy",130.0,Film,PG-13,-1.0,Mild,Moderate,Moderate,Mild,Mild
The Curse of Oak Island,1993.0,7.0,4799.0,"Documentary, Reality-TV",60.0,Series,TV-PG,141.0,None,Mild,Moderate,Mild,Moderate
Insatiable,1993.0,6.5,25121.0,"Comedy, Drama, Thriller",45.0,Series,TV-MA,22.0,Mild,Moderate,Moderate,Mild,Moderate
Salem,1993.0,7.2,22882.0,"Drama, Fantasy, Horror",60.0,Series,TV-MA,36.0,Mild,Severe,Moderate,Moderate,Severe
Lady Macbeth,2016.0,6.8,21774.0,"Drama, Romance",89.0,Film,R,-1.0,Moderate,Moderate,Mild,Mild,Moderate
AINBO: Spirit of the Amazon,2021.0,4.7,933.0,"Animation, Adventure, Comedy",84.0,Film,E,-1.0,No Rate,No Rate,No Rate,No Rate,No Rate
Laëtitia,2021.0,7.0,306.0,"Biography, Crime, Drama",45.0,Series,None,6.0,No Rate,No Rate,No Rate,No Rate,No Rate
You Were Never Really Here,2017.0,6.8,112318.0,"Crime, Drama",89.0,Film,R,-1.0,Mild,Severe,Moderate,Mild,Moderate
The Emoji Movie,2017.0,3.3,60357.0,"Animation, Adventure, Comedy",86.0,Film,PG,-1.0,Severe,Severe,Severe,Severe,Severe
Monster's Ball,2001.0,7.0,86587.0,"Drama, Romance",111.0,Film,None,-1.0,No Rate,No Rate,No Rate,No Rate,No Rate
Jaws 2,1978.0,5.8,75426.0,"Adventure, Horror, Thriller",116.0,Film,PG,-1.0,Mild,Moderate,Mild,Mild,Moderate
Hotel Desire,2011.0,5.7,2730.0,"Short, Drama, Romance",38.0,Film,TV-MA,-1.0,Severe,None,None,Mild,None
American Assassin,2017.0,6.2,77056.0,"Action, Thriller",111.0,Film,R,-1.0,Mild,Severe,Severe,Mild,Severe
The Autopsy of Jane Doe,2016.0,6.8,107463.0,"Horror, Mystery, Thriller",86.0,Film,R,-1.0,Moderate,Severe,Moderate,None,Severe
Mortal Engines,2018.0,6.1,118303.0,"Action, Adventure, Fantasy",128.0,Film,PG-13,-1.0,None,Moderate,Mild,Mild,Mild
Saw 3D,2010.0,5.6,95141.0,"Crime, Horror, Mystery",90.0,Film,R,-1.0,None,Severe,Severe,Mild,Severe
PEN15,2010.0,8.0,7850.0,Comedy,30.0,Series,TV-MA,25.0,Moderate,None,Severe,Moderate,None
Sunset Blvd.,1950.0,8.4,211770.0,"Drama, Film-Noir",110.0,Film,Passed,-1.0,None,Mild,None,Mild,Mild
The Voices,2014.0,6.4,55877.0,"Comedy, Crime, Fantasy",103.0,Film,R,-1.0,Mild,Severe,Severe,Mild,Moderate
Kung fu,2004.0,7.7,133212.0,"Action, Comedy, Fantasy",99.0,Film,R,-1.0,Mild,Moderate,Mild,Mild,Mild
Revenge of the Nerds,1984.0,6.6,51589.0,Comedy,90.0,Film,R,-1.0,Moderate,Mild,Moderate,Moderate,None
The Midnight Sky,2020.0,5.6,78077.0,"Drama, Fantasy, Sci-Fi",118.0,Film,PG-13,-1.0,None,Mild,Mild,Mild,Mild
Major League,1989.0,7.2,65689.0,"Comedy, Sport",107.0,Film,R,-1.0,Mild,Mild,Moderate,Mild,None
Runaways,1989.0,7.0,24021.0,"Action, Drama, Sci-Fi",60.0,Series,TV-14,33.0,Mild,Mild,Moderate,Mild,Mild
Sister Act,1992.0,6.4,93098.0,"Comedy, Family, Music",100.0,Film,PG,-1.0,Mild,Mild,Mild,Mild,Mild
Koroshiya 1,2001.0,7.0,54235.0,"Action, Comedy, Crime",129.0,Film,None,-1.0,No Rate,No Rate,No Rate,No Rate,No Rate
The Amityville Horror,1979.0,6.2,37554.0,Horror,117.0,Film,R,-1.0,Mild,Moderate,Mild,Mild,Moderate
The Doors,1991.0,7.2,88443.0,"Biography, Drama, Music",140.0,Film,R,-1.0,Severe,Moderate,Moderate,Severe,Moderate
Ghost Rider,2007.0,5.3,230200.0,"Action, Fantasy, Thriller",110.0,Film,PG-13,-1.0,None,Moderate,Mild,Mild,Moderate
Swiss Army Man,2016.0,7.0,111412.0,"Comedy, Drama, Fantasy",97.0,Film,R,-1.0,Mild,Mild,Moderate,None,Mild
Last of the Summer Wine,2016.0,7.0,2866.0,Comedy,30.0,Series,TV-PG,294.0,Mild,None,Mild,Mild,None
A Walk to Remember,2002.0,7.3,205083.0,"Drama, Romance",101.0,Film,PG,-1.0,Mild,Mild,Mild,Mild,Mild
The Guernsey Literary and Potato Peel Pie Society,2018.0,7.4,41189.0,"Drama, Romance, War",124.0,Film,TV-14,-1.0,None,Mild,Mild,Mild,Mild
Streets of Fire,1984.0,6.7,20167.0,"Action, Crime, Drama",93.0,Film,PG,-1.0,Mild,Moderate,Mild,Mild,Mild
The Tree of Life,2011.0,6.8,172419.0,"Drama, Fantasy",139.0,Film,PG-13,-1.0,None,Mild,None,None,Mild
Victor Frankenstein,2015.0,6.0,54894.0,"Drama, Horror, Sci-Fi",110.0,Film,PG-13,-1.0,None,Moderate,Mild,Mild,Moderate
Child's Play 2,1990.0,5.9,48261.0,"Horror, Thriller",84.0,Film,R,-1.0,None,Severe,Moderate,Mild,Moderate
Skyscraper,2018.0,5.8,114851.0,"Action, Adventure, Thriller",102.0,Film,PG-13,-1.0,None,Moderate,Moderate,Mild,Moderate
The Mountain Between Us,2017.0,6.4,71634.0,"Action, Adventure, Drama",112.0,Film,PG-13,-1.0,Mild,Mild,Mild,None,Mild
Colombiana,2011.0,6.4,98263.0,"Action, Drama, Thriller",108.0,Film,PG-13,-1.0,Mild,Moderate,Moderate,Mild,Moderate
The Souvenir,2019.0,6.4,10002.0,"Drama, Mystery, Romance",120.0,Film,R,-1.0,Moderate,Mild,Mild,Moderate,Mild
Gosford Park,2001.0,7.2,84085.0,"Comedy, Drama, Mystery",131.0,Film,R,-1.0,Mild,Mild,Moderate,Mild,Mild
The Man Who Killed Don Quixote,2018.0,6.4,18173.0,"Adventure, Comedy, Drama",132.0,Film,Not Rated,-1.0,Mild,Mild,Moderate,Mild,Moderate
Per un pugno di dollari,1964.0,8.0,207415.0,"Action, Drama, Western",99.0,Film,R,-1.0,None,Moderate,None,Mild,Moderate
Black Lightning,1964.0,6.1,23938.0,"Action, Drama, Sci-Fi",43.0,Series,TV-14,58.0,Mild,Moderate,Mild,Moderate,Mild
Threesome,1964.0,7.1,502.0,Drama,-1.0,Series,None,8.0,No Rate,No Rate,No Rate,No Rate,No Rate
Bliss,2021.0,5.4,15550.0,"Drama, Romance, Sci-Fi",103.0,Film,R,-1.0,Mild,Moderate,Moderate,Severe,Moderate
Rise of the Planet of the Apes,2011.0,7.5,509450.0,"Action, Drama, Sci-Fi",105.0,Film,PG-13,-1.0,None,Moderate,Mild,Mild,Moderate
The Guns of Navarone,1961.0,7.5,48149.0,"Action, Adventure, Drama",158.0,Film,TV-PG,-1.0,None,Moderate,Mild,Mild,Mild
A History of Violence,2005.0,7.4,230538.0,"Action, Drama, Thriller",96.0,Film,R,-1.0,Severe,Severe,Moderate,Moderate,Moderate
Crawlspace,2016.0,5.1,6681.0,"Horror, Thriller",88.0,Film,R,-1.0,Mild,Moderate,Mild,Moderate,Severe
Our Friend,2019.0,7.3,8333.0,"Drama, Romance",124.0,Film,R,-1.0,None,None,Moderate,Mild,Mild
Deepwater Horizon,2016.0,7.1,160723.0,"Action, Drama, History",107.0,Film,PG-13,-1.0,Mild,Moderate,Moderate,Mild,Moderate
AVP: Alien vs. Predator,2004.0,5.6,190952.0,"Action, Adventure, Horror",101.0,Film,PG-13,-1.0,None,Moderate,Moderate,Mild,Moderate
Seed of Chucky,2004.0,4.8,42598.0,"Comedy, Fantasy, Horror",87.0,Film,R,-1.0,Moderate,Severe,Severe,Mild,Moderate
Twitches,2005.0,5.8,7832.0,"Comedy, Drama, Family",86.0,Film,TV-PG,-1.0,None,Mild,None,None,Mild
The Cloverfield Paradox,2018.0,5.5,100296.0,"Action, Horror, Sci-Fi",102.0,Film,PG-13,-1.0,None,Moderate,Mild,None,Moderate
Chicago,2002.0,7.2,222586.0,"Comedy, Crime, Musical",113.0,Film,PG-13,-1.0,Moderate,Mild,Moderate,Moderate,Mild
The Division,2022.0,-1.0,-1.0,"Action, Adventure, Drama",-1.0,Film,None,-1.0,No Rate,No Rate,No Rate,No Rate,No Rate
Burnt,2015.0,6.6,111659.0,"Comedy, Drama",101.0,Film,R,-1.0,Mild,Mild,Severe,Mild,Mild
Bunk'd,2015.0,5.4,2919.0,"Comedy, Drama, Family",30.0,Series,TV-G,110.0,None,Mild,None,None,Mild
Love You To Death,2019.0,6.1,671.0,Drama,90.0,Film,TV-14,-1.0,Mild,Mild,None,None,None
Casualty,2019.0,6.1,2855.0,Drama,50.0,Series,TV-PG,1234.0,Mild,Severe,Mild,Moderate,Moderate
Tonari no Totoro,1988.0,8.2,312336.0,"Animation, Family, Fantasy",86.0,Film,G,-1.0,None,None,None,None,None
Namhansanseong,2017.0,6.8,1940.0,"Action, Drama, History",140.0,Film,Not Rated,-1.0,None,Moderate,No Rate,No Rate,No Rate
The Bank Job,2008.0,7.2,177698.0,"Crime, Drama, Thriller",111.0,Film,R,-1.0,Severe,Moderate,Severe,Moderate,Moderate
Under Siege,1992.0,6.5,82410.0,"Action, Thriller",103.0,Film,R,-1.0,Mild,Severe,Moderate,Mild,Moderate
PAW Patrol,1992.0,6.1,2692.0,"Animation, Adventure, Comedy",23.0,Series,TV-Y,199.0,None,Mild,None,None,Mild
A Million Ways to Die in the West,2014.0,6.1,183506.0,"Comedy, Western",116.0,Film,R,-1.0,Moderate,Moderate,Severe,Moderate,Mild
Dogma,1999.0,7.3,212690.0,"Adventure, Comedy, Drama",130.0,Film,R,-1.0,Moderate,Severe,Severe,Moderate,Moderate
Toy Story 3,2010.0,8.2,788356.0,"Animation, Adventure, Comedy",103.0,Film,G,-1.0,None,Mild,None,None,Moderate
Walking Tall,2004.0,6.3,73727.0,"Action, Crime",86.0,Film,PG-13,-1.0,Mild,Moderate,Moderate,Mild,Moderate
Colossal,2016.0,6.2,62203.0,"Action, Adventure, Comedy",109.0,Film,R,-1.0,None,Moderate,Moderate,Moderate,Mild
Freddy's Dead: The Final Nightmare,1991.0,4.9,44085.0,"Fantasy, Horror",89.0,Film,R,-1.0,Mild,Moderate,Moderate,Moderate,Moderate
Pánico en el Transiberiano,1972.0,6.6,10137.0,"Adventure, Horror, Sci-Fi",91.0,Film,R,-1.0,None,Moderate,None,Mild,Moderate
The Twilight Saga: Breaking Dawn - Part 1,2011.0,4.9,231796.0,"Adventure, Drama, Fantasy",117.0,Film,PG-13,-1.0,Moderate,Moderate,None,Mild,Severe
The Basketball Diaries,1995.0,7.3,106405.0,"Biography, Crime, Drama",102.0,Film,R,-1.0,Moderate,Severe,Severe,Severe,Severe
Val,2021.0,6.3,406.0,"Comedy, Horror, Thriller",81.0,Film,None,-1.0,No Rate,No Rate,No Rate,No Rate,No Rate
The Nightingale,2018.0,7.3,25291.0,"Adventure, Drama, Thriller",136.0,Film,R,-1.0,Severe,Severe,Severe,Mild,Severe
Awakenings,1990.0,7.8,133265.0,"Biography, Drama",121.0,Film,PG-13,-1.0,None,None,Mild,Mild,Mild
Rush Hour 2,2001.0,6.6,208957.0,"Action, Comedy, Crime",90.0,Film,PG-13,-1.0,Mild,Moderate,Moderate,Mild,Moderate
The Adam Project,2022.0,-1.0,-1.0,"Action, Adventure, Sci-Fi",-1.0,Film,None,-1.0,No Rate,No Rate,No Rate,No Rate,No Rate
The Good Son,1993.0,6.4,39550.0,"Drama, Thriller",87.0,Film,R,-1.0,None,Moderate,Mild,Mild,Moderate
The Amazing World of Gumball,1993.0,8.2,26128.0,"Animation, Short, Adventure",11.0,Series,TV-Y7-FV,240.0,Mild,Mild,Mild,Mild,Mild
Filth,2013.0,7.1,105336.0,"Comedy, Crime, Drama",97.0,Film,R,-1.0,Severe,Moderate,Severe,Severe,Moderate
Overboard,1987.0,6.9,56044.0,"Comedy, Romance",112.0,Film,PG,-1.0,Mild,None,Mild,Mild,None
Cartel,2021.0,8.9,4470.0,"Action, Drama",-1.0,Series,None,14.0,No Rate,No Rate,No Rate,No Rate,No Rate
Les frères Sisters,2018.0,6.9,60263.0,"Crime, Drama, Western",122.0,Film,R,-1.0,Mild,Severe,Moderate,Moderate,Moderate
The Disaster Artist,2017.0,7.4,145779.0,"Biography, Comedy, Drama",104.0,Film,R,-1.0,Moderate,None,Severe,Mild,None
The Society,2019.0,7.1,24586.0,"Drama, Mystery, Sci-Fi",58.0,Series,TV-MA,10.0,Moderate,Moderate,Severe,Moderate,Mild
Mission: Impossible II,2000.0,6.1,326271.0,"Action, Adventure, Thriller",123.0,Film,PG-13,-1.0,Mild,Moderate,Mild,Mild,Moderate
The Way Back,2020.0,6.7,39978.0,"Drama, Sport",108.0,Film,R,-1.0,None,Mild,Severe,Severe,Mild
Boy Erased,2018.0,6.9,36147.0,"Biography, Drama",115.0,Film,R,-1.0,Moderate,Mild,Mild,Mild,Moderate
Field of Dreams,1989.0,7.5,114628.0,"Drama, Family, Fantasy",107.0,Film,PG,-1.0,None,None,Mild,Mild,None
Utopia,1989.0,8.4,43697.0,"Drama, Mystery, Sci-Fi",50.0,Series,TV-MA,12.0,Moderate,Severe,Severe,Mild,Severe
Ralph Breaks the Internet,2018.0,7.0,144995.0,"Animation, Adventure, Comedy",112.0,Film,PG,-1.0,None,Mild,None,None,Mild
Masquerade,2021.0,3.8,407.0,"Horror, Thriller",80.0,Film,None,-1.0,No Rate,No Rate,No Rate,No Rate,No Rate
The Princess and the Frog,2009.0,7.1,132841.0,"Animation, Adventure, Comedy",97.0,Film,G,-1.0,None,Mild,None,Mild,Moderate
The Interview,2014.0,6.5,317400.0,"Action, Adventure, Comedy",112.0,Film,R,-1.0,Moderate,Severe,Severe,Moderate,Moderate
The Hangover Part II,2011.0,6.5,478818.0,Comedy,102.0,Film,R,-1.0,Severe,Moderate,Severe,Severe,Moderate
The Opposite Sex,1956.0,6.1,1591.0,"Comedy, Musical, Romance",117.0,Film,Not Rated,-1.0,No Rate,No Rate,No Rate,No Rate,No Rate
The Borgias,1956.0,7.9,49647.0,"Crime, Drama, History",50.0,Series,TV-MA,29.0,Severe,Severe,Moderate,Mild,No Rate
Nuovo Cinema Paradiso,1988.0,8.5,246276.0,"Drama, Romance",155.0,Film,PG,-1.0,Moderate,Mild,Mild,Mild,Mild
Rogue Hostage,2021.0,3.1,1462.0,"Action, Thriller",93.0,Film,Not Rated,-1.0,Mild,Severe,Moderate,Mild,Moderate
Lost in Space,2021.0,7.2,7117.0,"Adventure, Comedy, Family",60.0,Series,TV-G,84.0,No Rate,Mild,No Rate,No Rate,Mild
Workaholics,2021.0,8.1,48387.0,Comedy,22.0,Series,TV-14,86.0,Moderate,Mild,Severe,Severe,Mild
Wonder Woman,2021.0,7.1,7854.0,"Action, Adventure, Fantasy",60.0,Series,TV-G,60.0,Mild,Mild,Mild,Mild,Mild
Boyhood,2014.0,7.9,345055.0,Drama,165.0,Film,R,-1.0,Mild,Mild,Moderate,Moderate,Mild
31,2016.0,5.1,19664.0,"Horror, Thriller",102.0,Film,None,-1.0,No Rate,No Rate,No Rate,No Rate,No Rate
Peppermint,2018.0,6.5,61430.0,"Action, Crime, Drama",101.0,Film,R,-1.0,None,Severe,Moderate,Moderate,Severe
Alexander,2004.0,5.6,166305.0,"Action, Biography, Drama",175.0,Film,R,-1.0,Moderate,Severe,Mild,Mild,Moderate
Killing Them Softly,2012.0,6.2,138664.0,"Crime, Drama, Thriller",97.0,Film,R,-1.0,Mild,Severe,Severe,Severe,Severe
The Invitation,2015.0,6.6,102032.0,"Drama, Mystery, Thriller",100.0,Film,Not Rated,-1.0,Mild,Moderate,Moderate,Mild,Moderate
Steel Magnolias,1989.0,7.3,51343.0,"Comedy, Drama, Romance",117.0,Film,PG,-1.0,Mild,None,Moderate,Mild,Mild
Flipped,2010.0,7.7,86680.0,"Comedy, Drama, Romance",90.0,Film,PG,-1.0,None,Mild,Mild,None,Mild
Counterpart,2010.0,8.1,24522.0,"Drama, Sci-Fi, Thriller",60.0,Series,TV-MA,20.0,Moderate,Moderate,Moderate,Mild,Mild
Never Let Me Go,2010.0,7.1,141000.0,"Drama, Romance, Sci-Fi",103.0,Film,R,-1.0,Moderate,Mild,None,Mild,Moderate
Leyla ile Mecnun,2010.0,9.1,91862.0,"Adventure, Comedy, Drama",80.0,Series,TV-PG,112.0,Mild,Mild,Mild,None,Mild
Wizards of Waverly Place,2010.0,6.9,31729.0,"Adventure, Comedy, Drama",22.0,Series,TV-G,106.0,None,None,None,None,Mild
Inside Llewyn Davis,2013.0,7.5,146722.0,"Comedy, Drama, Music",104.0,Film,R,-1.0,None,Mild,Severe,Mild,None
Miseuteo Shunshain,2018.0,8.8,5743.0,"Action, Drama, History",80.0,Series,TV-MA,24.0,None,Moderate,Mild,Mild,Moderate
Savages,2012.0,6.5,127478.0,"Action, Crime, Drama",131.0,Film,R,-1.0,Moderate,Severe,Severe,Severe,Moderate
House of Wax,1953.0,7.1,17302.0,Horror,88.0,Film,GP,-1.0,Mild,Moderate,None,Mild,Moderate
Predator 2,1990.0,6.3,154179.0,"Action, Horror, Sci-Fi",108.0,Film,R,-1.0,Moderate,Severe,Severe,Severe,Severe
Violet,2021.0,6.5,104.0,Drama,92.0,Film,R,-1.0,No Rate,No Rate,No Rate,No Rate,No Rate
Loudermilk,2021.0,7.8,3731.0,"Comedy, Drama",30.0,Series,TV-14,30.0,Moderate,None,Severe,Moderate,None
Grease 2,1982.0,4.4,34394.0,"Comedy, Drama, Musical",115.0,Film,PG,-1.0,Mild,None,Mild,Mild,Mild
The Slumber Party Massacre,1982.0,5.7,13183.0,Horror,77.0,Film,R,-1.0,Moderate,Severe,Mild,Moderate,Moderate
Bachelor in Paradise,1982.0,5.3,1640.0,"Reality-TV, Romance",42.0,Series,TV-14,74.0,No Rate,No Rate,No Rate,No Rate,No Rate
Fairy Tail: Fearî teiru,1982.0,8.0,22572.0,"Animation, Action, Adventure",24.0,Series,TV-14,339.0,Moderate,Mild,Mild,Mild,Mild
The Old Ways,2020.0,5.4,4377.0,"Drama, Fantasy, Horror",90.0,Film,R,-1.0,None,Severe,Moderate,Moderate,Moderate
My Girl,1991.0,6.9,76653.0,"Comedy, Drama, Family",102.0,Film,PG,-1.0,Mild,Mild,Mild,Mild,Moderate
Invasion of the Body Snatchers,1978.0,7.4,56671.0,"Horror, Sci-Fi",115.0,Film,PG,-1.0,Mild,Moderate,Mild,None,Moderate
History of Horror,1978.0,8.1,1861.0,"Documentary, Horror",42.0,Series,TV-MA,19.0,No Rate,Severe,Mild,No Rate,Mild
Aurora Teagarden Mysteries,1978.0,7.7,662.0,"Crime, Mystery",90.0,Series,TV-PG,17.0,No Rate,No Rate,No Rate,No Rate,No Rate
Candy,1978.0,8.7,12326.0,Thriller,39.0,Series,None,8.0,No Rate,No Rate,No Rate,No Rate,No Rate
One Hundred and One Dalmatians,1961.0,7.3,160308.0,"Animation, Adventure, Comedy",79.0,Film,G,-1.0,None,Mild,None,Mild,Mild
The Abyss,1989.0,7.5,170834.0,"Adventure, Drama, Mystery",140.0,Film,PG-13,-1.0,Mild,Mild,Moderate,None,Moderate
The Chronicles of Riddick,2004.0,6.7,220724.0,"Action, Adventure, Sci-Fi",119.0,Film,R,-1.0,Mild,Moderate,Mild,Mild,Moderate
Geomeun Taeyang,2004.0,7.7,199.0,"Action, Crime, Drama",-1.0,Series,None,12.0,No Rate,No Rate,No Rate,No Rate,No Rate
Virgin Territory,2007.0,4.8,7810.0,"Adventure, Comedy, History",97.0,Film,R,-1.0,Moderate,Mild,Mild,No Rate,No Rate
Kljun,2007.0,7.3,273.0,"Crime, Drama, Mystery",55.0,Series,None,10.0,No Rate,No Rate,No Rate,No Rate,No Rate
Night of the Demons,1988.0,6.2,15114.0,"Comedy, Fantasy, Horror",90.0,Film,R,-1.0,Moderate,Severe,Severe,Moderate,Severe
Brazil,1985.0,7.9,195136.0,"Drama, Sci-Fi",132.0,Film,R,-1.0,Mild,Moderate,Mild,Mild,Moderate
Dune World,2021.0,1.2,261.0,"Action, Fantasy, Sci-Fi",70.0,Film,None,-1.0,No Rate,No Rate,No Rate,No Rate,No Rate
21,2008.0,6.8,238789.0,"Crime, Drama, History",123.0,Film,PG-13,-1.0,Mild,Moderate,Moderate,Mild,Mild
Serbuan maut,2011.0,7.6,197378.0,"Action, Thriller",101.0,Film,R,-1.0,None,Severe,Severe,Mild,Severe
Grace,2011.0,7.2,1847.0,"Crime, Drama, Mystery",90.0,Series,None,5.0,No Rate,No Rate,No Rate,No Rate,No Rate
Frailty,2001.0,7.2,80895.0,"Crime, Drama, Thriller",100.0,Film,R,-1.0,None,Moderate,Mild,Mild,Severe
Secret Window,2004.0,6.5,188362.0,"Drama, Mystery, Thriller",96.0,Film,PG-13,-1.0,None,Moderate,Moderate,Mild,Moderate
RuPaul's Drag Race UK,2004.0,8.4,3004.0,"Game-Show, Reality-TV",60.0,Series,TV-14,30.0,Mild,No Rate,Severe,No Rate,None
Chernobyl,2021.0,5.0,7088.0,"Drama, History, Romance",136.0,Film,None,-1.0,No Rate,No Rate,No Rate,No Rate,No Rate
Southbound,2015.0,5.9,18155.0,Horror,89.0,Film,R,-1.0,Mild,Severe,Severe,Mild,Severe
DuckTales,2015.0,8.2,8343.0,"Animation, Action, Adventure",21.0,Series,TV-Y,69.0,None,Mild,None,None,Mild
Street Fighter,1994.0,4.0,69538.0,"Action, Adventure, Comedy",102.0,Film,PG-13,-1.0,None,Mild,Mild,None,Mild
The Politician,1994.0,7.5,20516.0,"Comedy, Drama",42.0,Series,TV-14,15.0,Moderate,Mild,Mild,Mild,Mild
Cliffhanger,1993.0,6.4,124885.0,"Action, Adventure, Thriller",113.0,Film,R,-1.0,None,Severe,Severe,Mild,Moderate
Predators,2010.0,6.4,218869.0,"Action, Adventure, Sci-Fi",107.0,Film,R,-1.0,None,Severe,Severe,Mild,Severe
Professor T,2010.0,6.9,1876.0,"Crime, Drama, Mystery",-1.0,Series,None,6.0,No Rate,No Rate,No Rate,No Rate,No Rate
My Fair Lady,1964.0,7.8,90999.0,"Drama, Family, Musical",170.0,Film,G,-1.0,None,None,Mild,Mild,None
Geostorm,2017.0,5.3,101419.0,"Action, Sci-Fi, Thriller",109.0,Film,PG-13,-1.0,Mild,Mild,Mild,None,Moderate
The Flintstones,1994.0,4.9,78810.0,"Comedy, Family, Fantasy",91.0,Film,PG,-1.0,Mild,Mild,Mild,Mild,Mild
The Cannonball Run,1981.0,6.3,34875.0,"Action, Comedy, Sport",95.0,Film,PG,-1.0,Mild,Mild,Mild,Mild,None
Shrek the Third,2007.0,6.1,292031.0,"Animation, Adventure, Comedy",93.0,Film,PG,-1.0,Mild,Mild,Mild,Mild,Mild
Nou fo,2021.0,7.0,849.0,"Action, Adventure, Crime",126.0,Film,None,-1.0,No Rate,No Rate,No Rate,No Rate,No Rate
Knight Rider,2021.0,6.9,31905.0,"Action, Crime, Drama",46.0,Series,TV-PG,86.0,None,Mild,None,Mild,Mild
Torchwood,2021.0,7.7,39684.0,"Action, Drama, Mystery",50.0,Series,TV-MA,41.0,Moderate,Moderate,Moderate,Mild,Moderate
The Life & Times of Tim,2021.0,8.2,6150.0,"Animation, Comedy",900.0,Series,None,30.0,No Rate,No Rate,No Rate,No Rate,No Rate
Wayne's World,1992.0,7.0,150118.0,"Comedy, Music",94.0,Film,PG-13,-1.0,Mild,None,Mild,Mild,None
The Curse of La Llorona,2019.0,5.3,45415.0,"Horror, Mystery, Thriller",93.0,Film,R,-1.0,None,Moderate,Mild,Mild,Severe
The Fall,2006.0,7.9,109824.0,"Adventure, Drama, Fantasy",117.0,Film,R,-1.0,None,Moderate,Mild,Mild,Moderate
Sexy Beast,2000.0,7.3,58651.0,"Crime, Drama, Thriller",89.0,Film,R,-1.0,Moderate,Severe,Severe,Moderate,Moderate
Silent Night,2021.0,7.2,121.0,"Comedy, Drama, Horror",92.0,Film,None,-1.0,No Rate,No Rate,No Rate,No Rate,No Rate
LOL,2012.0,4.4,55130.0,"Comedy, Drama, Romance",97.0,Film,PG-13,-1.0,Moderate,Mild,Mild,Moderate,None
Bridget Jones's Diary,2001.0,6.7,234631.0,"Comedy, Drama, Romance",97.0,Film,R,-1.0,Moderate,Mild,Moderate,Moderate,None
The Tax Collector,2020.0,4.8,11784.0,"Action, Crime, Drama",95.0,Film,Not Rated,-1.0,Moderate,Severe,Severe,Mild,Severe
The Invasion,2007.0,5.9,76596.0,"Sci-Fi, Thriller",99.0,Film,PG-13,-1.0,Mild,Moderate,None,Mild,Moderate
Fantasy Island,2007.0,6.5,7458.0,"Adventure, Comedy, Drama",60.0,Series,TV-G,154.0,Severe,No Rate,No Rate,No Rate,No Rate
Love,2007.0,7.6,39782.0,"Comedy, Drama, Romance",50.0,Series,TV-MA,34.0,Moderate,None,Severe,Moderate,None
50 First Dates,2004.0,6.8,339671.0,"Comedy, Drama, Romance",99.0,Film,PG-13,-1.0,Mild,Mild,Moderate,Mild,Mild
Bridge to Terabithia,2007.0,7.2,149441.0,"Drama, Family, Fantasy",96.0,Film,PG,-1.0,None,Mild,Mild,None,Moderate
Varsity Blues,1999.0,6.5,44132.0,"Comedy, Drama, Romance",106.0,Film,R,-1.0,Moderate,Mild,Severe,Moderate,None
The Perfect Storm,2000.0,6.4,161870.0,"Action, Adventure, Drama",130.0,Film,PG-13,-1.0,Mild,Moderate,Moderate,Mild,Moderate
Akira,1988.0,8.0,174733.0,"Animation, Action, Drama",124.0,Film,R,-1.0,Moderate,Severe,Moderate,Mild,Severe
All Creatures Great & Small,1988.0,8.4,3096.0,"Comedy, Drama",50.0,Series,TV-PG,90.0,None,None,Mild,Mild,None
Thunder Force,2021.0,4.4,37594.0,"Action, Adventure, Comedy",106.0,Film,PG-13,-1.0,Mild,Mild,Mild,Mild,Mild
Four Good Days,2020.0,6.6,3220.0,Drama,100.0,Film,R,-1.0,No Rate,No Rate,No Rate,No Rate,No Rate
Fatal Attraction,1987.0,6.9,81318.0,"Drama, Thriller",119.0,Film,R,-1.0,Severe,Moderate,Moderate,Mild,Moderate
Seutateueob,1987.0,8.1,6860.0,"Comedy, Drama, Romance",80.0,Series,TV-14,16.0,None,Mild,None,Mild,None
Confissões de uma Garota Excluída,2021.0,5.1,509.0,"Comedy, Drama",91.0,Film,TV-PG,-1.0,None,None,None,Mild,None
Wall Street,1987.0,7.4,149491.0,"Crime, Drama",126.0,Film,R,-1.0,Moderate,Mild,Moderate,Moderate,Mild
Singin' in the Rain,1952.0,8.3,229289.0,"Comedy, Musical, Romance",103.0,Film,G,-1.0,None,None,None,None,None
3:10 to Yuma,2007.0,7.7,298596.0,"Action, Crime, Drama",122.0,Film,R,-1.0,Mild,Severe,Moderate,Mild,Moderate
Tully,2018.0,7.0,55982.0,"Comedy, Drama, Mystery",95.0,Film,R,-1.0,Moderate,None,Moderate,Mild,None
Just Shoot Me!,2018.0,6.8,19178.0,Comedy,30.0,Series,TV-PG,149.0,Mild,No Rate,No Rate,Mild,No Rate
Them!,1954.0,7.2,21082.0,"Horror, Sci-Fi",94.0,Film,Not Rated,-1.0,None,Mild,None,Mild,Moderate
Turner & Hooch,1989.0,6.2,68246.0,"Comedy, Crime, Drama",97.0,Film,PG,-1.0,Mild,Moderate,Mild,Mild,Moderate
Happiest Season,2020.0,6.6,31266.0,"Comedy, Crime, Drama",102.0,Film,PG-13,-1.0,Mild,None,Mild,Mild,None
Re-Animator,1985.0,7.2,60512.0,"Comedy, Horror, Sci-Fi",104.0,Film,Unrated,-1.0,Severe,Severe,Mild,Mild,Severe
The Virgin Suicides,1999.0,7.2,149357.0,"Drama, Romance",97.0,Film,R,-1.0,Mild,Moderate,Mild,Mild,Moderate
Bad Teacher,2011.0,5.6,198424.0,"Comedy, Romance",92.0,Film,R,-1.0,Moderate,Mild,Severe,Moderate,None
Malcolm X,1992.0,7.7,90544.0,"Biography, Drama, History",202.0,Film,PG-13,-1.0,Mild,Moderate,Moderate,Mild,Moderate
Body of Proof,1992.0,7.1,16704.0,"Comedy, Crime, Drama",60.0,Series,TV-14,42.0,Mild,Severe,No Rate,No Rate,Mild
The Poison Rose,2019.0,4.7,7923.0,"Crime, Drama, Mystery",98.0,Film,R,-1.0,None,Moderate,Mild,Moderate,Mild
Broken Arrow,1996.0,6.1,94863.0,"Action, Adventure, Thriller",108.0,Film,R,-1.0,None,Severe,Moderate,Mild,Moderate
Addams Family Reunion,1998.0,4.0,4318.0,"Comedy, Family, Fantasy",91.0,Film,PG,-1.0,No Rate,No Rate,No Rate,No Rate,No Rate
Le pacte des loups,2001.0,7.0,64761.0,"Action, Adventure, Drama",142.0,Film,R,-1.0,Severe,Severe,None,Mild,Moderate
Den som dræber - Fanget af mørket,2001.0,7.5,3108.0,"Crime, Thriller",45.0,Series,TV-14,16.0,Moderate,Severe,Mild,Mild,Severe
Per qualche dollaro in più,1965.0,8.2,244222.0,Western,132.0,Film,R,-1.0,Moderate,Moderate,None,Mild,Moderate
The Campaign,2012.0,6.1,127820.0,Comedy,85.0,Film,R,-1.0,Moderate,Mild,Moderate,Mild,None
Rambo: First Blood Part II,1985.0,6.5,161712.0,"Action, Adventure, Thriller",96.0,Film,R,-1.0,Mild,Moderate,Mild,Mild,Moderate
Tango & Cash,1989.0,6.4,101446.0,"Action, Comedy, Crime",104.0,Film,R,-1.0,Moderate,Moderate,Severe,Moderate,Mild
Insomnia,2002.0,7.2,285016.0,"Drama, Mystery, Thriller",118.0,Film,R,-1.0,Mild,Moderate,Moderate,Mild,Moderate
The Spy Who Dumped Me,2018.0,6.1,73885.0,"Action, Adventure, Comedy",117.0,Film,R,-1.0,Moderate,Moderate,Severe,Mild,Mild
High Fidelity,2000.0,7.5,174110.0,"Comedy, Drama, Music",113.0,Film,R,-1.0,Mild,Mild,Severe,Moderate,Mild
Ocean's Twelve,2004.0,6.5,373562.0,"Crime, Thriller",125.0,Film,PG-13,-1.0,None,Mild,Moderate,Mild,None
Idle Hands,1999.0,6.2,41820.0,"Comedy, Fantasy, Horror",92.0,Film,R,-1.0,Moderate,Severe,Moderate,Moderate,Moderate
Not Fade Away,2012.0,6.0,4548.0,Drama,117.0,Film,R,-1.0,Mild,Mild,Severe,Severe,Mild
Saturday Night Fever,1977.0,6.8,76060.0,"Drama, Music",118.0,Film,R,-1.0,Severe,Moderate,Severe,Moderate,Moderate
Dora and the Lost City of Gold,2019.0,6.1,28035.0,"Action, Adventure, Comedy",102.0,Film,PG,-1.0,None,Mild,Mild,Mild,Mild
Samaritan,2022.0,-1.0,-1.0,"Action, Drama, Fantasy",-1.0,Film,None,-1.0,No Rate,No Rate,No Rate,No Rate,No Rate
Nerve,2016.0,6.5,122648.0,"Action, Adventure, Crime",96.0,Film,PG-13,-1.0,Mild,Mild,Mild,Mild,Moderate
9,2009.0,7.1,136543.0,"Animation, Action, Adventure",79.0,Film,PG-13,-1.0,None,Moderate,None,Mild,Moderate
Steins;Gate,2009.0,8.8,52130.0,"Animation, Comedy, Drama",24.0,Series,TV-14,26.0,Mild,Moderate,Mild,None,Moderate
My Little Pony: Friendship Is Magic,2009.0,7.6,19998.0,"Animation, Adventure, Comedy",22.0,Series,TV-Y,235.0,None,Mild,None,None,Mild
"Hush...Hush, Sweet Charlotte",1964.0,7.6,13906.0,"Crime, Drama, Mystery",133.0,Film,Not Rated,-1.0,None,Moderate,Mild,Mild,Moderate
127 Hours,2010.0,7.5,361435.0,"Biography, Drama",94.0,Film,R,-1.0,Mild,Severe,Moderate,Mild,Severe
Sanditon,2010.0,7.8,9673.0,"Drama, Romance",60.0,Series,TV-14,12.0,Mild,None,No Rate,Mild,Mild
F Is for Family,2010.0,8.0,32110.0,"Animation, Comedy, Drama",30.0,Series,TV-MA,44.0,Severe,Severe,Severe,Moderate,Moderate
This Means War,2012.0,6.3,181477.0,"Action, Comedy, Romance",103.0,Film,PG-13,-1.0,Moderate,Moderate,Moderate,Mild,Mild
Night of the Animated Dead,2021.0,4.0,323.0,"Animation, Horror",71.0,Film,R,-1.0,No Rate,No Rate,No Rate,No Rate,No Rate
What Women Want,2000.0,6.4,200767.0,"Comedy, Fantasy, Romance",127.0,Film,PG-13,-1.0,Moderate,None,Mild,Mild,None
I Spit on Your Grave 2,2013.0,5.7,28658.0,"Horror, Thriller",106.0,Film,R,-1.0,Severe,Severe,Severe,Moderate,Severe
Oz the Great and Powerful,2013.0,6.3,203186.0,"Adventure, Family, Fantasy",130.0,Film,PG,-1.0,None,Mild,None,None,Moderate
"Se, jie",2007.0,7.5,39802.0,"Drama, History, Romance",157.0,Film,NC-17,-1.0,Severe,Severe,Moderate,Moderate,Severe
Better Things,2007.0,7.8,13258.0,"Comedy, Drama",22.0,Series,TV-MA,43.0,Moderate,Mild,Severe,Moderate,None
Hellboy,2004.0,6.8,316028.0,"Action, Fantasy",122.0,Film,PG-13,-1.0,None,Moderate,Mild,Mild,Moderate
El secreto de sus ojos,2009.0,8.2,201634.0,"Drama, Mystery, Romance",129.0,Film,R,-1.0,Severe,Severe,Severe,Moderate,Severe
Mimi,2021.0,8.0,32044.0,"Comedy, Drama",132.0,Film,TV-14,-1.0,None,None,None,Mild,None
Mia,2017.0,6.9,246.0,"Short, Drama",11.0,Film,None,-1.0,No Rate,No Rate,No Rate,No Rate,No Rate
Logan's Run,1976.0,6.8,54221.0,"Action, Adventure, Sci-Fi",119.0,Film,PG,-1.0,Moderate,Mild,None,Mild,Mild
The Ninth Gate,1999.0,6.7,174403.0,"Mystery, Thriller",133.0,Film,R,-1.0,Moderate,Moderate,Mild,Moderate,Moderate
Risky Business,1983.0,6.8,85255.0,"Comedy, Crime, Drama",99.0,Film,R,-1.0,Moderate,None,Moderate,Moderate,None
Rio,2011.0,6.9,216010.0,"Animation, Adventure, Comedy",96.0,Film,PG,-1.0,None,Mild,None,None,Mild
"Honey, I Shrunk the Kids",1989.0,6.4,148720.0,"Adventure, Comedy, Family",93.0,Film,PG,-1.0,Mild,Mild,Mild,Mild,Mild
Professionals,1989.0,5.4,1093.0,"Action, Adventure",48.0,Series,None,10.0,No Rate,No Rate,No Rate,No Rate,No Rate
High School Musical: The Musical - The Series,1989.0,7.3,5352.0,"Comedy, Drama, Musical",31.0,Series,TV-PG,23.0,None,None,Mild,None,None
Ode to Joy,2019.0,6.4,5041.0,"Comedy, Romance",97.0,Film,R,-1.0,Mild,None,Mild,None,None
The Foreigner,2017.0,7.0,108503.0,"Action, Thriller",113.0,Film,R,-1.0,Mild,Moderate,Severe,Mild,Moderate
Exposed,2016.0,4.3,14762.0,"Crime, Drama, Mystery",102.0,Film,R,-1.0,Mild,Moderate,Moderate,Mild,Moderate
"Walker, Texas Ranger",2016.0,5.6,16088.0,"Action, Adventure, Crime",43.0,Series,TV-14,196.0,Mild,Moderate,Mild,Mild,Mild
Pet Sematary,2019.0,5.7,88247.0,"Horror, Mystery, Thriller",101.0,Film,R,-1.0,Mild,Severe,Moderate,Mild,Severe
Jack Irish,2019.0,7.8,2241.0,"Crime, Drama",52.0,Series,Not Rated,16.0,Mild,Severe,Mild,Moderate,Moderate
The Age of Innocence,1993.0,7.2,56857.0,"Drama, Romance",139.0,Film,PG,-1.0,Mild,None,None,Mild,None
Wallander,1993.0,7.9,13857.0,"Crime, Drama, Mystery",90.0,Series,TV-PG,12.0,None,Moderate,Moderate,Mild,Moderate
Doctor,2021.0,8.6,3932.0,"Action, Comedy, Crime",148.0,Film,None,-1.0,No Rate,No Rate,No Rate,No Rate,No Rate
National Lampoon's Christmas Vacation,1989.0,7.6,166163.0,Comedy,97.0,Film,PG-13,-1.0,Mild,Mild,Moderate,Mild,None
Mighty Morphin Power Rangers,1989.0,6.5,21318.0,"Action, Adventure, Family",30.0,Series,TV-Y7,156.0,None,Mild,Mild,None,Mild
The Unborn,2009.0,4.8,50596.0,"Horror, Mystery, Thriller",88.0,Film,PG-13,-1.0,Mild,Moderate,Moderate,Mild,Moderate
Big Daddy,1999.0,6.4,207656.0,"Comedy, Drama",93.0,Film,PG-13,-1.0,Mild,Mild,Moderate,Mild,None
Dangal,2016.0,8.4,172210.0,"Action, Biography, Drama",161.0,Film,Not Rated,-1.0,None,Mild,Mild,None,None
Taineun Jiokida,2019.0,7.9,2928.0,"Crime, Horror, Mystery",60.0,Series,None,10.0,No Rate,No Rate,No Rate,No Rate,No Rate
Diary of a Wimpy Kid,2010.0,6.2,46081.0,"Comedy, Drama, Family",120.0,Film,PG,-1.0,Mild,Mild,Mild,None,None
The Bad News Bears,1976.0,7.3,21837.0,"Comedy, Drama, Family",102.0,Film,PG,-1.0,None,Mild,Moderate,Moderate,None
Knightfall,1976.0,6.8,18446.0,"Action, Adventure, Drama",60.0,Series,TV-14,18.0,Mild,Moderate,Mild,Mild,Mild
Close Encounters of the Third Kind,1977.0,7.6,192552.0,"Drama, Sci-Fi",138.0,Film,PG,-1.0,None,Mild,Mild,None,Mild
The Unbearable Weight of Massive Talent,2022.0,-1.0,-1.0,Comedy,-1.0,Film,None,-1.0,No Rate,No Rate,No Rate,No Rate,No Rate
Kick-Ass 2,2013.0,6.5,262659.0,"Action, Comedy, Crime",103.0,Film,R,-1.0,Moderate,Severe,Severe,Mild,Moderate
The Bay,2013.0,7.1,5779.0,"Crime, Drama, Mystery",45.0,Series,TV-14,18.0,No Rate,No Rate,Severe,No Rate,No Rate
Sling Blade,1996.0,8.0,91456.0,Drama,135.0,Film,R,-1.0,Mild,Mild,Severe,Moderate,Moderate
Power Rangers,2017.0,5.9,105041.0,"Action, Adventure, Sci-Fi",124.0,Film,PG-13,-1.0,Mild,Moderate,Mild,Mild,Mild
Superman Returns,2006.0,6.0,276524.0,"Action, Sci-Fi",154.0,Film,PG-13,-1.0,None,Mild,Mild,Mild,Mild
Zack and Miri Make a Porno,2008.0,6.5,175225.0,"Comedy, Romance",101.0,Film,R,-1.0,Severe,None,Severe,Mild,None
The World's End,2013.0,7.0,269993.0,"Comedy, Sci-Fi",109.0,Film,R,-1.0,Mild,Moderate,Severe,Moderate,Mild
Young & Hungry,2013.0,7.4,14679.0,"Comedy, Drama, Romance",22.0,Series,TV-14,71.0,Moderate,Mild,Mild,Mild,No Rate
The Rifleman,2013.0,8.3,3788.0,"Family, Western",30.0,Series,TV-PG,168.0,No Rate,No Rate,No Rate,No Rate,No Rate
The Other Lamb,2019.0,5.2,3991.0,"Drama, Horror",96.0,Film,Unrated,-1.0,Moderate,Moderate,Mild,None,Moderate
How the Grinch Stole Christmas,2000.0,6.2,222878.0,"Comedy, Family, Fantasy",104.0,Film,PG,-1.0,Mild,Mild,Mild,None,Mild
The Omega Man,1971.0,6.5,30427.0,"Action, Drama, Sci-Fi",98.0,Film,PG,-1.0,Mild,Moderate,Mild,Mild,Mild
Kajillionaire,2020.0,6.4,14847.0,"Comedy, Crime, Drama",104.0,Film,R,-1.0,Mild,None,Mild,None,None
The Grudge,2004.0,5.9,141974.0,"Horror, Mystery, Thriller",91.0,Film,PG-13,-1.0,Mild,Moderate,Mild,None,Severe
Easy,2004.0,6.9,13029.0,Comedy,30.0,Series,TV-MA,25.0,Severe,None,Moderate,Moderate,None
Journey 2: The Mysterious Island,2012.0,5.8,98266.0,"Action, Adventure, Comedy",94.0,Film,PG,-1.0,None,None,None,None,Mild
Lucía y el sexo,2001.0,7.1,36155.0,"Drama, Romance",128.0,Film,TV-MA,-1.0,Severe,Mild,Mild,Mild,Mild
Basic Instinct 2,2006.0,4.4,38711.0,"Drama, Mystery, Thriller",114.0,Film,R,-1.0,Severe,Moderate,Severe,Moderate,Moderate
Cult of Chucky,2017.0,5.2,22607.0,"Comedy, Fantasy, Horror",91.0,Film,R,-1.0,Mild,Severe,Moderate,Mild,Moderate
Enough Said,2013.0,7.0,60844.0,"Comedy, Drama, Romance",93.0,Film,PG-13,-1.0,Mild,No Rate,Moderate,Mild,Mild
Search Party,2013.0,7.7,8041.0,"Comedy, Crime, Drama",24.0,Series,TV-MA,44.0,Moderate,Moderate,Severe,Mild,Moderate
Good Grief,2013.0,7.2,79.0,Comedy,-1.0,Series,None,7.0,No Rate,No Rate,No Rate,No Rate,No Rate
The Secret Life of the American Teenager,2013.0,5.0,19664.0,"Comedy, Drama, Family",43.0,Series,TV-14,121.0,Moderate,None,Mild,Mild,Mild
Mothering Sunday,2021.0,6.3,190.0,"Drama, Romance",110.0,Film,R,-1.0,No Rate,No Rate,No Rate,No Rate,No Rate
Match Point,2005.0,7.6,212307.0,"Drama, Romance, Thriller",124.0,Film,R,-1.0,Mild,Moderate,Mild,Mild,Mild
Scoob!,2020.0,5.7,23707.0,"Animation, Adventure, Comedy",93.0,Film,PG,-1.0,None,Mild,Mild,None,Mild
Packed to the Rafters,2020.0,7.4,1975.0,"Comedy, Drama, Family",60.0,Series,None,122.0,No Rate,No Rate,No Rate,No Rate,No Rate
Lightyear,2022.0,-1.0,-1.0,"Animation, Adventure, Comedy",-1.0,Film,None,-1.0,No Rate,No Rate,No Rate,No Rate,No Rate
M*A*S*H,1970.0,7.5,70298.0,"Comedy, Drama, War",116.0,Film,R,-1.0,Moderate,Moderate,Mild,Mild,Mild
Midnight Express,1978.0,7.6,76801.0,"Biography, Crime, Drama",121.0,Film,R,-1.0,Moderate,Severe,Moderate,Severe,Severe
The Nun's Story,1959.0,7.6,10056.0,Drama,149.0,Film,Not Rated,-1.0,Mild,Mild,None,Mild,Mild
The Whole Nine Yards,2000.0,6.7,116739.0,"Comedy, Crime",98.0,Film,R,-1.0,Moderate,Moderate,Mild,Mild,Mild
Resident Evil: Apocalypse,2004.0,6.2,192321.0,"Action, Horror, Sci-Fi",94.0,Film,R,-1.0,Mild,Severe,Moderate,Mild,Moderate
Transformers: Revenge of the Fallen,2009.0,6.0,394881.0,"Action, Adventure, Sci-Fi",149.0,Film,PG-13,-1.0,Moderate,Moderate,Moderate,Mild,Moderate
Hell House LLC,2015.0,6.4,12471.0,"Horror, Mystery",93.0,Film,Not Rated,-1.0,Mild,Moderate,Severe,Mild,Severe
Dynasty,2015.0,6.3,6956.0,"Drama, Romance",60.0,Series,TV-PG,220.0,No Rate,No Rate,No Rate,No Rate,No Rate
The Durrells,2015.0,8.2,9743.0,"Biography, Comedy, Drama",46.0,Series,TV-PG,26.0,Mild,Mild,Mild,Mild,Mild
Mid90s,2018.0,7.4,56699.0,"Comedy, Drama",85.0,Film,R,-1.0,Moderate,Moderate,Severe,Severe,Moderate
Die Schlangengrube und das Pendel,1967.0,5.9,1673.0,"Horror, Mystery",84.0,Film,M,-1.0,None,Moderate,None,None,Mild
Dennis the Menace,1993.0,5.6,59310.0,"Comedy, Family",94.0,Film,PG,-1.0,None,Mild,None,Mild,Mild
Terminator 3: Rise of the Machines,2003.0,6.3,387084.0,"Action, Sci-Fi",109.0,Film,R,-1.0,Mild,Moderate,Moderate,Mild,Moderate
Relatos salvajes,2014.0,8.1,187507.0,"Comedy, Drama, Thriller",122.0,Film,R,-1.0,Mild,Moderate,Moderate,Mild,Severe
Hannah Montana,2014.0,5.2,38618.0,"Comedy, Family, Music",23.0,Series,TV-G,100.0,None,None,None,None,None
1408,2007.0,6.8,262802.0,"Fantasy, Horror, Mystery",104.0,Film,PG-13,-1.0,Mild,Moderate,Moderate,Moderate,Severe
The Fly,1958.0,7.1,22017.0,"Drama, Horror, Sci-Fi",94.0,Film,Not Rated,-1.0,None,Mild,None,Mild,Moderate
The Scorpion King,2002.0,5.5,134556.0,"Action, Adventure, Fantasy",92.0,Film,PG-13,-1.0,Moderate,Moderate,Mild,Mild,Moderate
Ouija,2014.0,4.5,50805.0,"Horror, Mystery, Thriller",89.0,Film,PG-13,-1.0,None,Moderate,Mild,None,Moderate
Cleopatra,1963.0,7.0,31298.0,"Biography, Drama, History",192.0,Film,G,-1.0,Moderate,Mild,None,Mild,Mild
Re:Zero kara hajimeru isekai seikatsu,1963.0,8.1,14766.0,"Animation, Adventure, Drama",24.0,Series,TV-14,78.0,Mild,Severe,Moderate,None,Severe
Sacred Games,1963.0,8.6,82789.0,"Action, Crime, Drama",50.0,Series,TV-MA,16.0,Severe,Severe,Severe,Severe,Moderate
Domina,1963.0,7.0,2688.0,"Drama, History",-1.0,Series,TV-MA,8.0,No Rate,No Rate,No Rate,No Rate,No Rate
Kitbag,1963.0,-1.0,-1.0,Biography,-1.0,Film,None,-1.0,No Rate,No Rate,No Rate,No Rate,No Rate
The World to Come,2020.0,6.2,5870.0,"Drama, Romance",105.0,Film,R,-1.0,Moderate,None,None,Mild,Mild
Anastasia,1997.0,7.2,117353.0,"Animation, Adventure, Drama",94.0,Film,G,-1.0,None,Mild,None,Mild,Moderate
Hausu,1977.0,7.4,24500.0,"Comedy, Horror",88.0,Film,Not Rated,-1.0,Moderate,Moderate,None,None,Moderate
Sorry to Bother You,2018.0,6.9,70841.0,"Comedy, Drama, Fantasy",112.0,Film,R,-1.0,Moderate,Moderate,Severe,Moderate,Moderate
Triangle,2009.0,6.9,109150.0,"Fantasy, Mystery, Sci-Fi",99.0,Film,R,-1.0,None,Severe,Moderate,None,Severe
Lonely Hearts,2006.0,6.4,20895.0,"Biography, Crime, Drama",108.0,Film,R,-1.0,Moderate,Severe,Severe,Moderate,Moderate
The Changeling,1980.0,7.2,32599.0,"Horror, Mystery",107.0,Film,R,-1.0,None,Moderate,Mild,Mild,Moderate
The Constant Gardener,2005.0,7.4,136834.0,"Drama, Mystery, Romance",129.0,Film,R,-1.0,Moderate,Moderate,Moderate,Mild,Moderate
The People vs. Larry Flynt,1996.0,7.3,91531.0,"Biography, Drama",130.0,Film,R,-1.0,Severe,Mild,Severe,Moderate,None
Aterrados,2017.0,6.5,13708.0,Horror,87.0,Film,Not Rated,-1.0,None,Moderate,Mild,Mild,Severe
Security,2017.0,5.7,17268.0,"Action, Crime, Thriller",88.0,Film,R,-1.0,None,Severe,Severe,None,Moderate
Undercover,2017.0,7.8,13337.0,"Crime, Drama, Thriller",50.0,Series,TV-MA,21.0,Mild,Mild,Moderate,Moderate,Mild
Truth or Dare,2018.0,5.2,51855.0,"Horror, Thriller",100.0,Film,PG-13,-1.0,Moderate,Moderate,Moderate,Moderate,Moderate
She-Ra and the Princesses of Power,2018.0,7.9,12934.0,"Animation, Action, Adventure",30.0,Series,TV-Y7-FV,52.0,None,Mild,None,None,Mild
Endless Love,1981.0,4.9,8038.0,"Drama, Romance",116.0,Film,R,-1.0,Moderate,Moderate,Mild,Mild,Moderate
Roswell,1981.0,7.5,28279.0,"Drama, Mystery, Sci-Fi",42.0,Series,TV-14,61.0,Mild,Mild,Mild,Mild,Moderate
All or Nothing: Toronto Maple Leafs,2021.0,7.7,213.0,Documentary,-1.0,Series,None,5.0,No Rate,No Rate,No Rate,No Rate,No Rate
That's My Boy,2012.0,5.5,95306.0,Comedy,116.0,Film,R,-1.0,Severe,Mild,Severe,Moderate,None
Blow,2001.0,7.6,248805.0,"Biography, Crime, Drama",124.0,Film,R,-1.0,Mild,Moderate,Severe,Severe,Moderate
Beauty and the Beast,2001.0,7.1,35836.0,"Drama, Horror, Romance",60.0,Series,TV-14,70.0,Mild,Moderate,Mild,Mild,Moderate
Howard the Duck,1986.0,4.7,45387.0,"Action, Adventure, Comedy",110.0,Film,PG,-1.0,Moderate,Mild,Mild,Mild,Mild
Let Me In,2010.0,7.1,116641.0,"Drama, Fantasy, Horror",116.0,Film,R,-1.0,Mild,Severe,Moderate,Mild,Moderate
Borat Subsequent Moviefilm: Delivery of Prodigious Bribe to American Regime for Make Benefit Once Glorious Nation of Kazakhstan,2020.0,6.6,130751.0,Comedy,95.0,Film,R,-1.0,Severe,Mild,Moderate,None,None
Dollface,2020.0,7.4,5809.0,Comedy,29.0,Series,TV-MA,11.0,Mild,None,Moderate,Mild,None
The Road,2009.0,7.2,230706.0,Drama,111.0,Film,R,-1.0,Mild,Moderate,Moderate,Mild,Severe
Hillbilly Elegy,2020.0,6.7,38655.0,Drama,116.0,Film,R,-1.0,None,Mild,Moderate,Moderate,Moderate
Ladies in Black,2018.0,6.8,6556.0,"Comedy, Drama, Romance",109.0,Film,PG,-1.0,Mild,None,None,Mild,None
Solos,2018.0,5.9,3625.0,"Drama, Fantasy, Sci-Fi",185.0,Series,TV-14,7.0,Mild,No Rate,Severe,Mild,No Rate
Don't Look Now,1973.0,7.2,52854.0,"Drama, Horror, Mystery",110.0,Film,R,-1.0,Severe,Moderate,Mild,Mild,Moderate
Bright,2017.0,6.3,178339.0,"Action, Fantasy, Thriller",117.0,Film,TV-MA,-1.0,Moderate,Severe,Severe,Moderate,Moderate
Transformers: Dark of the Moon,2011.0,6.2,394797.0,"Action, Adventure, Sci-Fi",154.0,Film,PG-13,-1.0,Mild,Moderate,Moderate,Mild,Moderate
Minions,2015.0,6.4,222196.0,"Animation, Adventure, Comedy",91.0,Film,PG,-1.0,Mild,Mild,None,None,Mild
Det sjunde inseglet,1957.0,8.2,176018.0,"Drama, Fantasy, History",96.0,Film,Not Rated,-1.0,None,Mild,Mild,Mild,Moderate
Hemlock Grove,1957.0,7.1,38373.0,"Drama, Fantasy, Horror",46.0,Series,TV-MA,33.0,Severe,Severe,Moderate,Moderate,Severe
Father of the Bride,1991.0,6.5,72501.0,"Comedy, Family, Romance",105.0,Film,PG,-1.0,Mild,None,None,Mild,None
How to Be Single,2016.0,6.1,84267.0,"Comedy, Drama, Romance",110.0,Film,R,-1.0,Mild,None,Moderate,Moderate,None
Jason Goes to Hell: The Final Friday,1993.0,4.2,30684.0,"Fantasy, Horror, Thriller",87.0,Film,None,-1.0,No Rate,No Rate,No Rate,No Rate,No Rate
Goosebumps 2: Haunted Halloween,2018.0,5.6,19491.0,"Animation, Adventure, Comedy",90.0,Film,PG,-1.0,None,Mild,Mild,None,Mild
Dogville,2003.0,8.0,143826.0,"Crime, Drama",178.0,Film,R,-1.0,Moderate,Moderate,Mild,Mild,Severe
Indecent Proposal,1993.0,6.0,67692.0,"Drama, Romance",117.0,Film,R,-1.0,Moderate,None,Mild,None,None
Gretel & Hansel,2020.0,5.4,28088.0,"Fantasy, Horror, Mystery",87.0,Film,PG-13,-1.0,None,Moderate,None,Mild,Moderate
Tehran,2020.0,7.4,10966.0,"Drama, Thriller",45.0,Series,TV-MA,9.0,Mild,Mild,Mild,Mild,Mild
Pâfekuto burû,1997.0,8.0,66281.0,"Animation, Crime, Mystery",81.0,Film,None,-1.0,No Rate,No Rate,No Rate,No Rate,No Rate
Romeo and Juliet,1968.0,7.6,30671.0,"Drama, Romance",138.0,Film,PG,-1.0,Mild,Mild,None,Mild,Mild
Family Business,1968.0,7.4,3092.0,Comedy,-1.0,Series,TV-MA,18.0,Moderate,No Rate,No Rate,Severe,No Rate
Zoo,1968.0,6.7,23590.0,"Drama, Mystery, Sci-Fi",42.0,Series,TV-14,39.0,None,Moderate,Mild,Mild,Moderate
Cry-Baby,1990.0,6.5,57760.0,"Comedy, Musical",85.0,Film,PG-13,-1.0,Mild,Mild,Mild,Mild,None
The Fabelmans,2022.0,-1.0,-1.0,Drama,-1.0,Film,None,-1.0,No Rate,No Rate,No Rate,No Rate,No Rate
McDonald & Dodds,2022.0,7.4,2793.0,"Comedy, Crime, Mystery",90.0,Series,Not Rated,8.0,Mild,Mild,Mild,Mild,Mild
Sex Tape,2014.0,5.1,110193.0,"Comedy, Romance",94.0,Film,R,-1.0,Severe,Mild,Severe,Moderate,None
The Power,2021.0,5.5,2996.0,Horror,92.0,Film,None,-1.0,No Rate,No Rate,No Rate,No Rate,No Rate
The Nutty Professor,1996.0,5.6,114014.0,"Comedy, Romance, Sci-Fi",95.0,Film,PG-13,-1.0,Mild,None,Moderate,Mild,None
Mashina lyubvi,2016.0,4.1,416.0,"Drama, Romance",79.0,Film,None,-1.0,No Rate,No Rate,No Rate,No Rate,No Rate
The Prince,2016.0,5.4,2247.0,"Animation, Comedy",14.0,Series,TV-MA,12.0,Moderate,Moderate,Severe,Moderate,Mild
An American Werewolf in Paris,1997.0,5.1,24293.0,"Comedy, Fantasy, Horror",105.0,Film,R,-1.0,Moderate,Severe,Severe,Mild,Severe
Red Dawn,1984.0,6.4,53794.0,"Action, Drama",114.0,Film,PG-13,-1.0,None,Severe,Mild,Mild,Moderate
Creature from the Black Lagoon,1954.0,7.0,28594.0,"Horror, Sci-Fi",79.0,Film,G,-1.0,None,Mild,None,Mild,Mild
Dubai Presents: A Five-Star Mission,2021.0,5.8,79.0,"Short, Action",2.0,Film,None,-1.0,No Rate,No Rate,No Rate,No Rate,No Rate
Lost Girl,2021.0,7.7,29919.0,"Action, Drama, Fantasy",44.0,Series,TV-MA,77.0,Moderate,Mild,Mild,Mild,Mild
Journey to the Center of the Earth,2008.0,5.8,117919.0,"Action, Adventure, Family",93.0,Film,PG,-1.0,None,Mild,None,None,Moderate
Colonia,2015.0,7.1,50275.0,"Biography, Drama, History",110.0,Film,R,-1.0,Mild,Moderate,Mild,None,Moderate
Three Amigos!,1986.0,6.5,71727.0,"Comedy, Western",104.0,Film,PG,-1.0,Mild,Mild,Mild,Mild,Mild
The Ten Commandments,1956.0,7.9,67347.0,"Adventure, Drama",220.0,Film,G,-1.0,Mild,Mild,None,Mild,Mild
Brain Freeze,2021.0,4.6,159.0,"Comedy, Horror",91.0,Film,None,-1.0,No Rate,No Rate,No Rate,No Rate,No Rate
Videodrome,1983.0,7.2,88064.0,"Horror, Sci-Fi, Thriller",87.0,Film,R,-1.0,Severe,Severe,Moderate,Mild,Severe
Chung Hing sam lam,1994.0,8.1,72157.0,"Comedy, Crime, Drama",102.0,Film,PG-13,-1.0,Mild,Mild,None,Moderate,Mild
God's Own Country,2017.0,7.7,28174.0,"Drama, Romance",104.0,Film,Not Rated,-1.0,Severe,Mild,Mild,Moderate,Mild
The Last Boy Scout,1991.0,7.0,97684.0,"Action, Comedy, Crime",105.0,Film,R,-1.0,Moderate,Severe,Severe,Moderate,Moderate
Original Sin,2001.0,6.1,55435.0,"Drama, Mystery, Romance",116.0,Film,R,-1.0,Severe,Moderate,Mild,Mild,Mild
John Wick: Chapter 3 - Parabellum: HBO First Look,2019.0,7.6,9495.0,"Documentary, Short, Action",13.0,Film,TV-14,-1.0,No Rate,No Rate,No Rate,No Rate,No Rate
Machete,2010.0,6.6,194182.0,"Action, Crime, Thriller",105.0,Film,R,-1.0,Moderate,Severe,Severe,Mild,Moderate
The Amityville Moon,2021.0,3.1,123.0,"Horror, Thriller",92.0,Film,R,-1.0,No Rate,No Rate,No Rate,No Rate,No Rate
Arcane: League of Legends,2021.0,-1.0,-1.0,"Animation, Action, Adventure",-1.0,Series,None,9.0,No Rate,No Rate,No Rate,No Rate,No Rate
Soylent Green,1973.0,7.1,61303.0,"Crime, Mystery, Sci-Fi",97.0,Film,PG,-1.0,Mild,Moderate,Mild,Mild,Mild
Everwood,1973.0,7.5,13551.0,Drama,60.0,Series,TV-PG,89.0,Mild,Mild,Mild,Mild,No Rate
The Dark Crystal: Age of Resistance,2019.0,8.4,22994.0,"Adventure, Drama, Family",60.0,Series,TV-PG,10.0,None,Moderate,None,None,Moderate
Captive State,2019.0,6.0,52635.0,"Action, Horror, Sci-Fi",109.0,Film,PG-13,-1.0,Mild,Moderate,Mild,Mild,Mild
Rake,2019.0,8.5,7268.0,"Comedy, Drama",60.0,Series,Not Rated,40.0,Moderate,Mild,Severe,Moderate,Mild
Abominable,2019.0,7.0,34344.0,"Animation, Adventure, Comedy",97.0,Film,PG,-1.0,None,Mild,None,None,Mild
The Voice,2019.0,6.5,12085.0,"Game-Show, Music, Reality-TV",60.0,Series,TV-PG,503.0,None,None,Mild,None,None
The Upside,2017.0,7.0,52317.0,"Comedy, Drama",126.0,Film,PG-13,-1.0,Mild,None,Mild,Mild,Mild
The Great Escape,1963.0,8.2,234357.0,"Adventure, Drama, History",172.0,Film,Approved,-1.0,None,Mild,Mild,Mild,Moderate
Daybreakers,2009.0,6.4,125541.0,"Action, Horror, Sci-Fi",98.0,Film,R,-1.0,Mild,Severe,Moderate,Mild,Moderate
Annie,2014.0,5.3,36356.0,"Comedy, Drama, Family",118.0,Film,PG,-1.0,None,Mild,Mild,Mild,Mild
Inside Job,2014.0,-1.0,-1.0,"Animation, Comedy",30.0,Series,None,20.0,No Rate,No Rate,No Rate,No Rate,No Rate
Need for Speed,2014.0,6.4,166910.0,"Action, Crime, Thriller",132.0,Film,PG-13,-1.0,Mild,Moderate,Mild,Mild,Mild
Bruce Almighty,2003.0,6.8,384961.0,"Comedy, Fantasy",101.0,Film,(Banned),-1.0,Mild,Mild,Moderate,Mild,None
American Honey,2016.0,7.0,40847.0,"Adventure, Drama, Romance",163.0,Film,R,-1.0,Moderate,Mild,Severe,Severe,Mild
Robin Hood: Men in Tights,1993.0,6.7,120960.0,"Adventure, Comedy, Musical",104.0,Film,PG-13,-1.0,Moderate,Mild,Moderate,Mild,Mild
Roma,2018.0,7.7,148948.0,Drama,135.0,Film,R,-1.0,Moderate,Moderate,Mild,Mild,Moderate
Ghostland,2018.0,6.4,26931.0,"Drama, Horror, Mystery",91.0,Film,Not Rated,-1.0,Moderate,Severe,Moderate,Mild,Severe
Brooklyn,2015.0,7.5,136792.0,"Drama, Romance",117.0,Film,PG-13,-1.0,Mild,None,Mild,Mild,Mild
St. Elmo's Fire,1985.0,6.4,39830.0,"Drama, Romance",110.0,Film,R,-1.0,Mild,Mild,Moderate,Moderate,Mild
Nacho Libre,2006.0,5.8,84792.0,"Comedy, Family, Sport",92.0,Film,PG,-1.0,None,Mild,None,Mild,Mild
The Dictator,2012.0,6.4,290362.0,Comedy,83.0,Film,R,-1.0,Severe,Mild,Moderate,Mild,None
Happy!,2012.0,8.2,35862.0,"Action, Comedy, Crime",60.0,Series,TV-MA,18.0,Moderate,Severe,Severe,Severe,Severe
The Inbetweeners,2012.0,8.4,83570.0,Comedy,25.0,Series,TV-14,18.0,Moderate,Mild,Severe,Moderate,None
Before Midnight,2013.0,7.9,149185.0,"Drama, Romance",109.0,Film,R,-1.0,Moderate,None,Moderate,Mild,None
Harlots,2013.0,7.7,7915.0,Drama,45.0,Series,TV-MA,24.0,Severe,No Rate,No Rate,No Rate,No Rate
The Mighty Ducks,1992.0,6.6,63503.0,"Comedy, Drama, Family",104.0,Film,PG,-1.0,None,Mild,Moderate,Mild,None
Crank,2006.0,6.9,242113.0,"Action, Crime, Thriller",88.0,Film,R,-1.0,Severe,Severe,Severe,Severe,Severe
L'iniziazione,1986.0,5.8,1441.0,Comedy,95.0,Film,None,-1.0,No Rate,No Rate,No Rate,No Rate,No Rate
Joy Ride,2001.0,6.6,66954.0,"Action, Mystery, Thriller",97.0,Film,R,-1.0,Mild,Moderate,Severe,Mild,Severe
Jessie,2001.0,6.0,14245.0,"Comedy, Drama, Family",30.0,Series,TV-G,98.0,Mild,None,None,None,Mild
The Bone Collector,1999.0,6.7,161944.0,"Crime, Drama, Mystery",118.0,Film,R,-1.0,None,Severe,Moderate,Mild,Moderate
Poltergeist II: The Other Side,1986.0,5.7,26214.0,Horror,91.0,Film,PG-13,-1.0,Mild,Moderate,Mild,Mild,Severe
The Hills Have Eyes,1977.0,6.3,32811.0,"Horror, Thriller",90.0,Film,R,-1.0,Mild,Severe,Moderate,Mild,Severe
The Circle,2017.0,5.4,88890.0,"Drama, Sci-Fi, Thriller",110.0,Film,PG-13,-1.0,Mild,Mild,Mild,Mild,Mild
Spell,2020.0,5.5,5308.0,"Horror, Thriller",91.0,Film,R,-1.0,Mild,Severe,Mild,None,Moderate
The Crush,1993.0,5.8,19102.0,"Drama, Thriller",89.0,Film,R,-1.0,Mild,Moderate,Moderate,Mild,Moderate
Criminal,2016.0,6.3,63252.0,"Action, Sci-Fi, Thriller",113.0,Film,R,-1.0,None,Severe,Severe,Mild,Moderate
Tell Me a Story,2016.0,7.2,8317.0,Thriller,52.0,Series,TV-MA,20.0,Moderate,Moderate,Moderate,Moderate,Moderate
Dark Shadows,2016.0,8.0,4449.0,"Drama, Fantasy, Horror",30.0,Series,TV-PG,1230.0,Moderate,Mild,None,Mild,Moderate
Despicable Me 2,2013.0,7.3,381850.0,"Animation, Adventure, Comedy",98.0,Film,PG,-1.0,Mild,Mild,None,Mild,Mild
My Bloody Valentine,2009.0,5.4,55409.0,"Horror, Mystery, Thriller",101.0,Film,R,-1.0,Severe,Severe,Severe,Moderate,Severe
South Beach Love,2021.0,6.0,321.0,"Drama, Romance",83.0,Film,TV-G,-1.0,None,None,None,None,None
Absentia,2011.0,5.8,17873.0,"Drama, Horror, Mystery",87.0,Film,R,-1.0,None,Moderate,Moderate,Mild,Moderate
The Beguiled,2017.0,6.3,55377.0,"Drama, Thriller, War",93.0,Film,R,-1.0,Mild,Moderate,Mild,Mild,Mild
Professor Marston and the Wonder Women,2017.0,7.1,25169.0,"Biography, Drama, History",108.0,Film,R,-1.0,Moderate,None,Mild,Mild,None
The Missing,2003.0,6.5,34710.0,"Adventure, Thriller, Western",137.0,Film,R,-1.0,Mild,Moderate,None,None,Moderate
Village of the Damned,1995.0,5.7,30594.0,"Horror, Sci-Fi, Thriller",98.0,Film,R,-1.0,None,Moderate,Mild,Mild,Moderate
Romance,1999.0,5.3,10488.0,"Drama, Romance",84.0,Film,Unrated,-1.0,Severe,None,Mild,Mild,Mild
Raising Hope,1999.0,8.0,36252.0,"Comedy, Family",22.0,Series,TV-PG,88.0,Mild,Mild,Mild,Mild,Mild
Something's Gotta Give,2003.0,6.7,116736.0,"Comedy, Drama, Romance",128.0,Film,PG-13,-1.0,Moderate,None,Mild,Mild,None
M - Eine Stadt sucht einen Mörder,1931.0,8.3,151051.0,"Crime, Mystery, Thriller",117.0,Film,Passed,-1.0,None,Mild,Mild,Mild,Moderate
Burn After Reading,2008.0,7.0,321308.0,"Comedy, Crime, Drama",96.0,Film,R,-1.0,Mild,Moderate,Severe,Mild,Moderate
Gentlemen Prefer Blondes,1953.0,7.2,34979.0,"Comedy, Musical, Romance",91.0,Film,Approved,-1.0,Mild,None,None,Mild,None
Eastern Promises,2007.0,7.6,235060.0,"Action, Crime, Drama",100.0,Film,R,-1.0,Severe,Severe,Severe,Moderate,Moderate
This Is Spinal Tap,1984.0,7.9,134997.0,"Comedy, Music",82.0,Film,R,-1.0,Mild,None,Moderate,Mild,None
Before Sunset,2004.0,8.1,248777.0,"Drama, Romance",80.0,Film,R,-1.0,Mild,None,Moderate,Mild,None
The Kissing Booth 3,2021.0,4.7,12397.0,"Comedy, Romance",112.0,Film,TV-14,-1.0,Mild,None,Moderate,Mild,None
Undercover,2021.0,8.2,1617.0,"Action, Crime, Drama",50.0,Series,TV-MA,8.0,Mild,Severe,Severe,Severe,Severe
Vampires,1998.0,6.1,56120.0,"Action, Horror, Thriller",108.0,Film,R,-1.0,Moderate,Severe,Severe,Moderate,Severe
Six,1998.0,7.3,11937.0,"Action, Drama, History",60.0,Series,TV-MA,19.0,Moderate,Severe,No Rate,No Rate,No Rate
The Practice,1998.0,7.7,8454.0,"Crime, Drama, Mystery",60.0,Series,TV-14,167.0,No Rate,No Rate,No Rate,No Rate,No Rate
Lara Croft Tomb Raider: The Cradle of Life,2003.0,5.6,135111.0,"Action, Adventure, Fantasy",117.0,Film,PG-13,-1.0,Mild,Moderate,Mild,Mild,Moderate
Clear and Present Danger,1994.0,6.9,95189.0,"Action, Crime, Drama",141.0,Film,PG-13,-1.0,Mild,Moderate,Mild,Mild,Moderate
Roman Empire,1994.0,7.0,6861.0,"Documentary, Biography, Drama",48.0,Series,TV-MA,15.0,Severe,Moderate,Mild,Mild,Mild
Covert Affairs,1994.0,7.3,27951.0,"Action, Crime, Drama",60.0,Series,TV-PG,75.0,Mild,Mild,Moderate,Mild,Mild
Monster,1994.0,8.6,24327.0,"Animation, Crime, Drama",24.0,Series,TV-14,75.0,Moderate,Moderate,Mild,Moderate,Severe
Teenage Mutant Ninja Turtles: Out of the Shadows,2016.0,6.0,88362.0,"Action, Adventure, Comedy",112.0,Film,PG-13,-1.0,None,Moderate,Mild,Mild,Mild
Sardar Udham,2021.0,9.2,8649.0,"Biography, Crime, Drama",164.0,Film,None,-1.0,No Rate,No Rate,No Rate,No Rate,No Rate
Scary Movie 5,2013.0,3.5,68660.0,Comedy,88.0,Film,PG-13,-1.0,Moderate,Moderate,Moderate,Mild,Mild
Tales from the Loop,2013.0,7.5,16612.0,"Drama, Sci-Fi",50.0,Series,TV-MA,8.0,Moderate,None,Moderate,Mild,No Rate
Bom yeoreum gaeul gyeoul geurigo bom,2003.0,8.0,80451.0,"Drama, Romance",103.0,Film,R,-1.0,Moderate,Mild,Mild,None,Mild
Waitress,2007.0,7.0,44999.0,"Comedy, Drama, Romance",108.0,Film,PG-13,-1.0,Mild,Mild,Mild,No Rate,Moderate
Explained,2007.0,8.0,8187.0,Documentary,18.0,Series,TV-MA,44.0,Moderate,No Rate,No Rate,No Rate,No Rate
Shakespeare & Hathaway: Private Investigators,2007.0,7.6,2951.0,"Comedy, Drama, Mystery",45.0,Series,Not Rated,40.0,None,Mild,None,Mild,Mild
The Rocky Horror Picture Show: Let's Do the Time Warp Again,2016.0,4.2,7223.0,"Comedy, Horror, Musical",88.0,Film,TV-14,-1.0,Moderate,Mild,Moderate,Moderate,Moderate
DOA: Dead or Alive,2006.0,4.8,44244.0,"Action, Adventure, Mystery",87.0,Film,PG-13,-1.0,Mild,Moderate,Mild,Mild,Mild
Good on Paper,2021.0,5.6,9730.0,"Comedy, Romance",92.0,Film,Unrated,-1.0,Mild,Mild,Severe,Moderate,No Rate
Coach Carter,2005.0,7.3,136769.0,"Biography, Drama, Sport",136.0,Film,PG-13,-1.0,Mild,Moderate,Moderate,Moderate,Mild
Calls,2005.0,7.7,3957.0,"Drama, Horror, Mystery",12.0,Series,TV-MA,9.0,Mild,Moderate,Severe,Mild,Moderate
8 Simple Rules... for Dating My Teenage Daughter,2005.0,7.0,24726.0,"Comedy, Drama",30.0,Series,TV-PG,76.0,Mild,Mild,Mild,Mild,None
Empire of the Sun,1987.0,7.7,120531.0,"Action, Drama, History",153.0,Film,PG,-1.0,Mild,Moderate,Mild,Mild,Moderate
Outbreak,1995.0,6.6,125115.0,"Action, Drama, Thriller",127.0,Film,R,-1.0,None,Moderate,Moderate,None,Moderate
Dream House,2011.0,6.0,65324.0,"Drama, Mystery, Thriller",84.0,Film,PG-13,-1.0,Mild,Moderate,Moderate,Mild,Moderate
Dog Day Afternoon,1975.0,8.0,246494.0,"Biography, Crime, Drama",125.0,Film,R,-1.0,None,Moderate,Severe,Mild,Mild
Knocked Up,2007.0,6.9,359433.0,"Comedy, Romance",129.0,Film,R,-1.0,Severe,None,Severe,Severe,Mild
Zone Blanche,2007.0,7.5,9359.0,"Crime, Drama, Horror",52.0,Series,TV-MA,16.0,Mild,Moderate,No Rate,Mild,No Rate
What Dreams May Come,1998.0,7.0,105929.0,"Drama, Fantasy, Romance",113.0,Film,PG-13,-1.0,Mild,Mild,Moderate,None,Moderate
Kôkaku Kidôtai,1995.0,8.0,136141.0,"Animation, Action, Crime",83.0,Film,TV-MA,-1.0,Moderate,Moderate,Moderate,Mild,Moderate
Party of Five,1995.0,6.8,9916.0,"Drama, Family",60.0,Series,TV-PG,143.0,Mild,None,Mild,Moderate,None
Sex and the City 2,2010.0,4.5,76717.0,"Comedy, Drama, Romance",146.0,Film,R,-1.0,Moderate,None,Moderate,Mild,None
Code 8,2019.0,6.1,37309.0,"Action, Crime, Drama",98.0,Film,Not Rated,-1.0,Mild,Moderate,Severe,Moderate,Moderate
Begin Again,2013.0,7.4,149572.0,"Comedy, Drama, Music",104.0,Film,R,-1.0,None,None,Moderate,Mild,None
Black Christmas,1974.0,7.2,36911.0,"Horror, Mystery, Thriller",98.0,Film,R,-1.0,Mild,Moderate,Severe,Mild,Severe
Circle,2015.0,6.0,50827.0,"Drama, Horror, Mystery",87.0,Film,Not Rated,-1.0,None,Mild,Moderate,None,Mild
Scooby-Doo and Guess Who?,2015.0,7.3,1094.0,"Animation, Comedy, Family",22.0,Series,TV-PG,54.0,None,None,None,None,Mild
My Big Fat Greek Wedding,2002.0,6.6,125219.0,"Comedy, Drama, Romance",95.0,Film,PG,-1.0,Mild,None,Mild,Mild,None
The Dukes of Hazzard,2002.0,7.1,12450.0,"Action, Comedy",60.0,Series,TV-PG,146.0,Mild,No Rate,None,Mild,Mild
All the Bright Places,2020.0,6.5,25843.0,"Drama, Romance",107.0,Film,TV-MA,-1.0,Mild,Mild,Moderate,None,Moderate
Tolkien,2019.0,6.8,36951.0,"Biography, Drama, Romance",112.0,Film,PG-13,-1.0,None,Moderate,None,Mild,Mild
Equilibrium,2002.0,7.4,318971.0,"Action, Drama, Sci-Fi",107.0,Film,R,-1.0,None,Moderate,Mild,Mild,Moderate
Devious Maids,2002.0,7.8,22945.0,"Comedy, Drama, Mystery",60.0,Series,TV-PG,49.0,Moderate,No Rate,No Rate,No Rate,No Rate
Nine 1/2 Weeks,1986.0,6.0,39512.0,"Drama, Romance",117.0,Film,R,-1.0,Moderate,Mild,Mild,Mild,Mild
The Mortuary Collection,2019.0,6.4,10365.0,"Fantasy, Horror",108.0,Film,Not Rated,-1.0,Moderate,Severe,Mild,Mild,Moderate
Stronger,2017.0,6.9,43105.0,"Biography, Drama",119.0,Film,R,-1.0,Moderate,Moderate,Severe,Moderate,Moderate
Ghost World,2001.0,7.3,117873.0,"Comedy, Drama",111.0,Film,R,-1.0,Mild,None,Moderate,Mild,None
Frida,2002.0,7.4,85672.0,"Biography, Drama, Romance",123.0,Film,R,-1.0,Severe,Mild,Mild,Moderate,Mild
The Boss Baby,2017.0,6.3,117693.0,"Animation, Adventure, Comedy",97.0,Film,PG,-1.0,Mild,Mild,Mild,Mild,Mild
Piranha 3D,2010.0,5.4,88336.0,"Comedy, Fantasy, Horror",88.0,Film,R,-1.0,Severe,Severe,Severe,Severe,Severe
The Mist,2017.0,5.4,23670.0,"Drama, Horror, Mystery",42.0,Series,TV-14,10.0,Moderate,Severe,Moderate,Mild,Moderate
Unsane,2018.0,6.4,43944.0,"Drama, Horror, Mystery",98.0,Film,R,-1.0,Mild,Moderate,Severe,Moderate,Moderate
Donnie Brasco,1997.0,7.7,292084.0,"Biography, Crime, Drama",127.0,Film,R,-1.0,Mild,Severe,Severe,Moderate,Moderate
The Outer Limits,1997.0,7.7,12025.0,"Drama, Fantasy, Horror",44.0,Series,TV-PG,152.0,Severe,Severe,Severe,Severe,Moderate
City Slickers,1991.0,6.8,53176.0,"Comedy, Western",113.0,Film,PG-13,-1.0,Mild,Mild,Moderate,Mild,Mild
xXx: Return of Xander Cage,2017.0,5.2,89100.0,"Action, Adventure, Thriller",107.0,Film,PG-13,-1.0,Mild,Moderate,Moderate,Mild,Mild
Babel,2006.0,7.4,295983.0,Drama,143.0,Film,R,-1.0,Severe,Moderate,Moderate,Moderate,Moderate
A Monster Calls,2016.0,7.5,84879.0,"Adventure, Drama, Family",108.0,Film,PG-13,-1.0,None,Mild,None,None,Moderate
Dorian Gray,2009.0,6.2,62774.0,"Drama, Fantasy, Mystery",112.0,Film,R,-1.0,Severe,Severe,Mild,Moderate,Moderate
Siren,2009.0,7.0,13040.0,"Drama, Fantasy",60.0,Series,TV-PG,36.0,Mild,Mild,None,Mild,Mild
Gyeongiroun Somun,2009.0,8.1,4103.0,"Action, Fantasy, Horror",65.0,Series,TV-14,16.0,None,Severe,None,None,Severe
Scooby-Doo 2: Monsters Unleashed,2004.0,5.1,53616.0,"Adventure, Comedy, Family",93.0,Film,PG,-1.0,Mild,Mild,Mild,Mild,Mild
MILF,2018.0,4.7,5438.0,Comedy,101.0,Film,TV-MA,-1.0,Moderate,None,Mild,Mild,None
Along Came Polly,2004.0,6.0,131828.0,"Comedy, Romance",90.0,Film,PG-13,-1.0,Mild,None,Mild,Mild,None
Pacific Rim: Uprising,2018.0,5.6,111681.0,"Action, Adventure, Sci-Fi",111.0,Film,PG-13,-1.0,None,Moderate,Mild,Mild,Moderate
Robot Chicken,2018.0,7.7,41398.0,"Animation, Short, Adventure",11.0,Series,TV-MA,219.0,Severe,Severe,Severe,Moderate,Moderate
Cars 2,2011.0,6.1,172513.0,"Animation, Adventure, Comedy",106.0,Film,G,-1.0,None,Moderate,None,Mild,Moderate
The Lost City of Z,2016.0,6.6,85124.0,"Biography, Drama",141.0,Film,PG-13,-1.0,Mild,Moderate,Mild,Mild,Moderate
Child 44,2015.0,6.5,68778.0,"Crime, Drama, History",137.0,Film,R,-1.0,Mild,Severe,Moderate,Mild,Moderate
Paul,2011.0,7.0,243738.0,"Adventure, Comedy, Sci-Fi",104.0,Film,R,-1.0,Mild,Mild,Severe,Moderate,Mild
The Beta Test,2021.0,6.9,128.0,"Horror, Thriller",93.0,Film,Unrated,-1.0,Mild,None,Moderate,Mild,None
RuPaul's Drag Race,2021.0,8.4,17543.0,"Game-Show, Reality-TV",63.0,Series,TV-14,179.0,Mild,None,Moderate,Mild,None
Hancock,2008.0,6.4,460654.0,"Action, Drama, Fantasy",92.0,Film,PG-13,-1.0,Mild,Moderate,Moderate,Moderate,Moderate
Hanna,2011.0,6.8,194732.0,"Action, Adventure, Drama",111.0,Film,PG-13,-1.0,Mild,Moderate,Moderate,None,Moderate
Nightbreed,1990.0,6.5,21635.0,"Action, Fantasy, Horror",102.0,Film,R,-1.0,Moderate,Severe,Moderate,Mild,Moderate
The Afterparty,1990.0,-1.0,-1.0,Comedy,-1.0,Series,None,8.0,No Rate,No Rate,No Rate,No Rate,No Rate
State of Play,2009.0,7.1,147986.0,"Crime, Drama, Mystery",127.0,Film,PG-13,-1.0,None,Moderate,Moderate,Mild,Mild
Sexy Beasts,2009.0,4.6,954.0,"Reality-TV, Romance",-1.0,Series,TV-14,12.0,No Rate,No Rate,No Rate,No Rate,No Rate
Spawn,1997.0,5.2,66200.0,"Action, Drama, Horror",96.0,Film,PG-13,-1.0,Mild,Moderate,Mild,Mild,Moderate
Rebecca,1940.0,8.1,131430.0,"Drama, Mystery, Romance",130.0,Film,Approved,-1.0,None,Mild,None,Mild,Mild
The Strangers: Prey at Night,2018.0,5.2,29360.0,Horror,85.0,Film,R,-1.0,None,Severe,Moderate,Mild,Severe
Gyakkyô burai Kaiji,2018.0,8.3,2651.0,"Animation, Action, Thriller",23.0,Series,TV-14,52.0,Mild,Severe,Moderate,Moderate,Severe
First Reformed,2017.0,7.1,52356.0,"Drama, Mystery, Thriller",113.0,Film,R,-1.0,None,Moderate,Mild,Moderate,Moderate
Growing Pains,2017.0,6.6,14337.0,"Comedy, Family",30.0,Series,TV-G,167.0,Severe,No Rate,No Rate,No Rate,No Rate
Jay and Silent Bob Reboot,2019.0,5.7,23109.0,"Action, Adventure, Comedy",105.0,Film,R,-1.0,Mild,Mild,Severe,Severe,None
The Darjeeling Limited,2007.0,7.2,189129.0,"Adventure, Comedy, Drama",91.0,Film,R,-1.0,Mild,Mild,Moderate,Mild,Mild
The Giver,2014.0,6.5,115430.0,"Drama, Romance, Sci-Fi",97.0,Film,PG-13,-1.0,None,Moderate,None,None,Mild
The Lords of Salem,2012.0,5.2,29093.0,"Horror, Thriller",101.0,Film,R,-1.0,Severe,Severe,Severe,Severe,Severe
The Snowman,2017.0,5.1,61188.0,"Crime, Drama, Thriller",119.0,Film,R,-1.0,Moderate,Severe,Moderate,Mild,Severe
Marry Me,2022.0,-1.0,-1.0,"Comedy, Music, Romance",112.0,Film,PG-13,-1.0,No Rate,No Rate,No Rate,No Rate,No Rate
Riddick,2013.0,6.4,159576.0,"Action, Sci-Fi, Thriller",119.0,Film,R,-1.0,Moderate,Severe,Severe,Mild,Severe
The Assassination of Jesse James by the Coward Robert Ford,2007.0,7.5,174970.0,"Biography, Crime, Drama",160.0,Film,R,-1.0,Mild,Severe,Mild,Mild,Moderate
Honey Boy,2019.0,7.3,33212.0,Drama,94.0,Film,R,-1.0,Mild,Moderate,Severe,Moderate,Moderate
Nailed It!,2019.0,7.4,4400.0,"Game-Show, Reality-TV",33.0,Series,TV-PG,39.0,Mild,None,Mild,Mild,None
Violation,2020.0,5.3,3077.0,"Drama, Horror",107.0,Film,Unrated,-1.0,Severe,Severe,Moderate,Mild,Severe
Saw III,2006.0,6.2,186221.0,"Crime, Horror, Mystery",108.0,Film,R,-1.0,Moderate,Severe,Severe,Mild,Severe
Mob Psycho 100,2006.0,8.6,21633.0,"Animation, Action, Comedy",24.0,Series,TV-14,25.0,Mild,Moderate,Mild,None,Moderate
"Paris, Texas",1984.0,8.1,99578.0,Drama,145.0,Film,R,-1.0,Mild,None,Mild,Mild,None
One Night in Miami...,2020.0,7.1,29128.0,Drama,114.0,Film,R,-1.0,None,Mild,Moderate,Mild,None
Penny Dreadful: City of Angels,2020.0,6.0,8953.0,"Crime, Drama, Fantasy",-1.0,Series,TV-MA,10.0,Moderate,Severe,Moderate,Moderate,Moderate
"Definitely, Maybe",2008.0,7.1,160856.0,"Comedy, Drama, Romance",112.0,Film,PG-13,-1.0,Mild,None,Mild,Mild,None
Say Anything...,1989.0,7.3,86234.0,"Comedy, Drama, Romance",100.0,Film,PG-13,-1.0,Mild,None,Mild,Mild,None
Soleil rouge,1971.0,6.9,8873.0,"Action, Western",112.0,Film,PG,-1.0,Mild,Moderate,Mild,Mild,Moderate
Werk ohne Autor,2018.0,7.8,19092.0,"Biography, Drama, Romance",189.0,Film,R,-1.0,Severe,Mild,Mild,Mild,Moderate
Criminal: UK,2018.0,7.6,16556.0,"Crime, Drama, Mystery",43.0,Series,TV-MA,7.0,Mild,None,Moderate,Mild,None
Kin,2018.0,5.8,16160.0,"Action, Drama, Sci-Fi",102.0,Film,PG-13,-1.0,Mild,Moderate,Moderate,Moderate,Moderate
Funny Games,2007.0,6.6,94058.0,"Crime, Drama, Thriller",111.0,Film,R,-1.0,Mild,Moderate,Moderate,Mild,Severe
Wild Mountain Thyme,2020.0,5.7,5931.0,"Comedy, Drama, Romance",102.0,Film,PG-13,-1.0,None,None,Mild,Mild,None
Rebel Without a Cause,1955.0,7.7,87109.0,Drama,111.0,Film,PG-13,-1.0,None,Moderate,None,Mild,Moderate
Blade,1955.0,-1.0,-1.0,"Action, Adventure, Fantasy",-1.0,Film,None,-1.0,No Rate,No Rate,No Rate,No Rate,No Rate
False Positive,2021.0,4.7,4037.0,"Horror, Mystery, Thriller",92.0,Film,R,-1.0,Moderate,Moderate,Moderate,Mild,Severe
Seven Psychopaths,2012.0,7.2,249055.0,"Comedy, Crime",110.0,Film,R,-1.0,Moderate,Severe,Severe,Moderate,Moderate
Julie and the Phantoms,2012.0,8.5,8198.0,"Short, Adventure, Comedy",-1.0,Series,TV-G,9.0,None,None,None,None,None
Switched at Birth,2012.0,7.7,24324.0,"Drama, Family, Romance",60.0,Series,TV-14,105.0,Mild,Mild,Mild,Moderate,Mild
Too Hot to Handle,2012.0,4.6,10616.0,"Game-Show, Reality-TV, Romance",40.0,Series,TV-MA,20.0,Moderate,None,Mild,Mild,None
Mary Queen of Scots,2018.0,6.3,46936.0,"Biography, Drama, History",124.0,Film,R,-1.0,Moderate,Moderate,Mild,Mild,Moderate
Escape from Pretoria,2020.0,6.8,30790.0,Thriller,106.0,Film,PG-13,-1.0,None,Mild,Mild,None,Moderate
Blithe Spirit,2020.0,5.4,4952.0,"Comedy, Fantasy, Romance",99.0,Film,PG-13,-1.0,Mild,Mild,Mild,Mild,Mild
The Sting,1973.0,8.3,251206.0,"Comedy, Crime, Drama",129.0,Film,PG,-1.0,Mild,Mild,Moderate,Mild,Mild
Psycho Goreman,2020.0,6.3,9898.0,"Comedy, Horror, Sci-Fi",95.0,Film,Not Rated,-1.0,None,Severe,Moderate,None,Mild
Hitch,2005.0,6.6,305136.0,"Comedy, Romance",118.0,Film,PG-13,-1.0,Mild,Mild,Moderate,Mild,None
Feel Good,2005.0,7.5,8946.0,"Comedy, Drama, Romance",30.0,Series,TV-MA,12.0,Moderate,None,Moderate,Moderate,None
Splice,2009.0,5.7,95690.0,"Drama, Horror, Sci-Fi",104.0,Film,R,-1.0,Severe,Moderate,Severe,Mild,Moderate
S.W.A.T.,2003.0,6.0,143105.0,"Action, Adventure, Crime",117.0,Film,PG-13,-1.0,Mild,Moderate,Moderate,Mild,Moderate
One Day at a Time,2003.0,8.2,14694.0,"Comedy, Drama",30.0,Series,TV-PG,46.0,Mild,None,Mild,Mild,None
Lifeforce,1985.0,6.2,24336.0,"Action, Horror, Mystery",101.0,Film,R,-1.0,Moderate,Moderate,Mild,Mild,Moderate
The Last Witch Hunter,2015.0,6.0,100005.0,"Action, Adventure, Fantasy",106.0,Film,PG-13,-1.0,None,Moderate,None,Mild,Moderate
Dive Club,2015.0,6.2,570.0,"Adventure, Drama, Family",27.0,Series,TV-PG,12.0,No Rate,No Rate,No Rate,No Rate,No Rate
The Ruins,2008.0,5.9,73267.0,"Adventure, Fantasy, Horror",90.0,Film,R,-1.0,Moderate,Severe,Moderate,Moderate,Severe
Toy Story 2,1999.0,7.9,549686.0,"Animation, Adventure, Comedy",92.0,Film,G,-1.0,None,Mild,None,None,Mild
Ben-Hur,1959.0,8.1,229116.0,"Adventure, Drama, History",212.0,Film,G,-1.0,None,Moderate,None,None,Moderate
Swim,2021.0,3.2,195.0,"Action, Horror",86.0,Film,Approved,-1.0,No Rate,No Rate,No Rate,No Rate,No Rate
Dead Ringers,1988.0,7.3,44214.0,"Drama, Horror, Thriller",116.0,Film,R,-1.0,Moderate,Moderate,Moderate,Moderate,Moderate
Ocean's Thirteen,2007.0,6.9,332952.0,"Crime, Thriller",122.0,Film,PG-13,-1.0,Mild,None,Mild,Mild,None
Baegabondeu,2019.0,8.2,6001.0,"Action, Mystery, Thriller",60.0,Series,None,16.0,No Rate,No Rate,No Rate,No Rate,No Rate
The Bodyguard,1992.0,6.3,127301.0,"Action, Drama, Music",129.0,Film,R,-1.0,Mild,Moderate,Moderate,Mild,Mild
Relic,2020.0,6.0,23329.0,"Drama, Horror, Mystery",89.0,Film,R,-1.0,Mild,Moderate,Mild,Mild,Moderate
Cold Pursuit,2019.0,6.2,62922.0,"Action, Comedy, Crime",119.0,Film,R,-1.0,Mild,Moderate,Moderate,Moderate,Moderate
The Secret of My Success,1987.0,6.5,32481.0,"Comedy, Romance",111.0,Film,PG-13,-1.0,Mild,Mild,Mild,Mild,None
Lilo & Stitch,2002.0,7.3,177872.0,"Animation, Adventure, Comedy",85.0,Film,PG,-1.0,None,Mild,None,None,Mild
Stoker,2013.0,6.8,106129.0,"Drama, Mystery, Thriller",99.0,Film,R,-1.0,Moderate,Moderate,Mild,Mild,Moderate
Snow White and the Seven Dwarfs,1937.0,7.6,189977.0,"Animation, Family, Fantasy",83.0,Film,Approved,-1.0,None,Mild,None,None,Mild
Rambo,2008.0,7.0,224637.0,"Action, Adventure, Thriller",92.0,Film,R,-1.0,Moderate,Severe,Severe,Mild,Severe
Prom Night,1980.0,5.4,17071.0,"Horror, Mystery, Thriller",92.0,Film,R,-1.0,Mild,Severe,Moderate,Moderate,Moderate
All the Queen's Men,1980.0,5.3,377.0,Drama,-1.0,Series,None,10.0,No Rate,No Rate,No Rate,No Rate,No Rate
The Bourne Legacy,2012.0,6.6,292719.0,"Action, Adventure, Thriller",135.0,Film,PG-13,-1.0,None,Moderate,Mild,Mild,Moderate
"Planes, Trains & Automobiles",1987.0,7.6,131032.0,"Comedy, Drama",93.0,Film,R,-1.0,Mild,None,Moderate,Mild,None
Gon-ji-am,2018.0,6.3,6759.0,Horror,95.0,Film,Not Rated,-1.0,None,Mild,Mild,Mild,Severe
Body Double,1984.0,6.8,31694.0,"Crime, Drama, Mystery",114.0,Film,R,-1.0,Severe,Moderate,Moderate,Mild,Moderate
Girl Meets World,1984.0,7.1,13797.0,"Comedy, Drama, Family",23.0,Series,TV-G,72.0,None,None,None,None,None
Pumpkinhead,1988.0,6.2,22424.0,"Fantasy, Horror",86.0,Film,R,-1.0,None,Moderate,Mild,Mild,Moderate
The Avengers,1988.0,8.3,7317.0,"Action, Comedy, Crime",60.0,Series,TV-14,161.0,None,Mild,None,Mild,Mild
Friday the 13th Part VIII: Jason Takes Manhattan,1989.0,4.6,36049.0,"Adventure, Horror, Thriller",100.0,Film,R,-1.0,Mild,Severe,Moderate,Moderate,Moderate
Spin City,1989.0,7.2,27635.0,Comedy,30.0,Series,TV-14,145.0,Mild,Mild,Mild,Mild,None
Life of Brian,1979.0,8.1,382441.0,Comedy,94.0,Film,R,-1.0,Moderate,Mild,Moderate,None,None
You Should Have Left,2020.0,5.4,18710.0,"Horror, Thriller",93.0,Film,R,-1.0,Mild,Mild,Moderate,None,Moderate
Dawn of the Planet of the Apes,2014.0,7.6,423774.0,"Action, Adventure, Drama",130.0,Film,PG-13,-1.0,None,Moderate,Moderate,Mild,Moderate
Flashdance,1983.0,6.2,50601.0,"Drama, Music, Romance",95.0,Film,R,-1.0,Moderate,Mild,Moderate,Mild,None
Mom's Got a Date with a Vampire,2000.0,5.9,4051.0,"Comedy, Family, Fantasy",85.0,Film,TV-PG,-1.0,No Rate,No Rate,No Rate,No Rate,No Rate
Korea's Next Top Model,2000.0,-1.0,-1.0,Reality-TV,-1.0,Series,None,4.0,No Rate,No Rate,No Rate,No Rate,No Rate
Superhero Movie,2008.0,4.6,66314.0,"Action, Comedy, Sci-Fi",75.0,Film,PG-13,-1.0,Mild,Mild,Moderate,Moderate,Mild
The Facts of Life,2008.0,6.8,6709.0,"Comedy, Family",30.0,Series,TV-PG,201.0,Mild,None,None,None,None
True Grit,1969.0,7.4,45631.0,"Adventure, Drama, Western",128.0,Film,G,-1.0,None,Moderate,Mild,Mild,Moderate
Witch Hunt,2021.0,4.3,409.0,"Fantasy, Horror, Thriller",98.0,Film,R,-1.0,No Rate,No Rate,No Rate,No Rate,No Rate
Shakespeare in Love,1998.0,7.1,219389.0,"Comedy, Drama, History",123.0,Film,R,-1.0,Moderate,Mild,Mild,Mild,None
This Is England,2006.0,7.7,118985.0,"Crime, Drama",101.0,Film,Not Rated,-1.0,Moderate,Severe,Severe,Moderate,Severe
Scener ur ett äktenskap,1974.0,8.4,5803.0,Drama,169.0,Film,PG,-1.0,Moderate,Mild,Mild,Mild,Mild
Samurai Jack,1974.0,8.5,49177.0,"Animation, Action, Adventure",25.0,Series,TV-14,62.0,Mild,Moderate,Mild,None,Moderate
Friday the 13th Part VII: The New Blood,1988.0,5.3,35105.0,"Horror, Thriller",88.0,Film,R,-1.0,Moderate,Severe,Moderate,Moderate,Moderate
Masters of the Universe,1987.0,5.4,39471.0,"Action, Adventure, Fantasy",106.0,Film,PG,-1.0,None,Mild,Mild,None,Mild
Songbird,2020.0,4.7,8455.0,"Drama, Sci-Fi, Thriller",84.0,Film,PG-13,-1.0,Mild,Moderate,Mild,Mild,Moderate
Lust och fägring stor,1995.0,6.9,6240.0,"Drama, Romance, War",130.0,Film,Unrated,-1.0,Moderate,Mild,Mild,Mild,Mild
Malevolent,2018.0,4.8,12289.0,"Horror, Mystery, Thriller",89.0,Film,TV-MA,-1.0,None,Severe,Moderate,Mild,Moderate
Hot Tub Time Machine,2010.0,6.4,167799.0,"Comedy, Sci-Fi",101.0,Film,R,-1.0,Moderate,Moderate,Severe,Severe,Mild
Fruits Basket,2010.0,8.6,4186.0,"Animation, Comedy, Drama",24.0,Series,TV-14,63.0,Mild,Mild,Mild,None,Moderate
The 5th Wave,2016.0,5.2,104856.0,"Action, Adventure, Sci-Fi",112.0,Film,PG-13,-1.0,Mild,Moderate,Moderate,Mild,Moderate
Bill & Ted's Excellent Adventure,1989.0,7.0,125109.0,"Adventure, Comedy, Music",90.0,Film,PG,-1.0,Mild,Mild,Mild,Mild,None
JFK,1991.0,8.0,148852.0,"Drama, History, Thriller",189.0,Film,R,-1.0,Mild,Moderate,Severe,Mild,Moderate
Dolor y gloria,2019.0,7.5,53951.0,Drama,113.0,Film,R,-1.0,Moderate,None,Mild,Severe,None
Epic Movie,2007.0,2.4,103889.0,"Adventure, Comedy, Fantasy",86.0,Film,PG-13,-1.0,Moderate,Moderate,Severe,Moderate,Mild
2 Guns,2013.0,6.7,204313.0,"Action, Comedy, Crime",109.0,Film,R,-1.0,Moderate,Severe,Severe,Mild,Moderate
The Texas Chainsaw Massacre 2,1986.0,5.6,30245.0,"Comedy, Horror",101.0,Film,Unrated,-1.0,Mild,Severe,Moderate,Mild,Severe
Garden State,2004.0,7.4,211772.0,"Comedy, Drama, Romance",102.0,Film,R,-1.0,Mild,None,Moderate,Moderate,None
Long Shot,2019.0,6.8,104084.0,"Comedy, Romance",125.0,Film,R,-1.0,Moderate,Mild,Severe,Moderate,Mild
The Prince of Egypt,1998.0,7.1,124846.0,"Animation, Adventure, Drama",99.0,Film,(Banned),-1.0,Mild,Moderate,None,Mild,Moderate
EverAfter,1998.0,7.0,72569.0,"Comedy, Drama, Romance",121.0,Film,PG-13,-1.0,Mild,Mild,Mild,None,Mild
A Call to Spy,2019.0,6.6,5173.0,"Biography, Crime, Drama",123.0,Film,PG-13,-1.0,None,Moderate,Mild,Mild,Moderate
Irresistible,2020.0,6.3,16075.0,"Comedy, Drama",101.0,Film,R,-1.0,None,None,Moderate,Mild,None
Uncle Buck,1989.0,7.0,89981.0,Comedy,100.0,Film,PG,-1.0,Moderate,Mild,Moderate,Moderate,Mild
Back to the Rafters,1989.0,7.1,258.0,"Comedy, Drama, Family",45.0,Series,TV-14,6.0,No Rate,No Rate,No Rate,No Rate,No Rate
Malcolm & Marie,2021.0,6.7,31844.0,"Drama, Romance",106.0,Film,R,-1.0,Mild,None,Severe,Mild,Mild
¿Quién Mató a Sara?,2021.0,6.4,11162.0,"Crime, Drama, Mystery",-1.0,Series,TV-MA,19.0,Severe,Moderate,Severe,Mild,Moderate
Bimilui Soop,2021.0,8.5,6769.0,"Crime, Drama, Mystery",60.0,Series,TV-14,32.0,None,Mild,Mild,Mild,Mild
Kingpin,1996.0,6.9,80860.0,"Comedy, Sport",114.0,Film,PG-13,-1.0,Moderate,Mild,Moderate,Moderate,Mild
Meatballs,1979.0,6.2,20616.0,Comedy,94.0,Film,PG,-1.0,Mild,None,Mild,Mild,None
The Iron Giant,1999.0,8.0,181348.0,"Animation, Action, Adventure",86.0,Film,PG,-1.0,None,Mild,Mild,Mild,Moderate
The Expendables 2,2012.0,6.6,299416.0,"Action, Adventure, Thriller",103.0,Film,R,-1.0,None,Severe,Moderate,Mild,Moderate
National Lampoon's Van Wilder,2002.0,6.4,106678.0,"Comedy, Romance",92.0,Film,R,-1.0,Severe,Mild,Moderate,Moderate,Mild
Gwimul,2002.0,8.2,1730.0,"Drama, Mystery, Thriller",70.0,Series,None,16.0,No Rate,No Rate,No Rate,No Rate,No Rate
Bedrag,2002.0,7.6,3692.0,"Crime, Drama, Thriller",60.0,Series,TV-MA,30.0,Severe,Severe,Severe,Severe,Moderate
Captain Kronos: Vampire Hunter,1974.0,6.5,4812.0,"Adventure, Horror, Mystery",91.0,Film,R,-1.0,Mild,Moderate,None,Mild,Moderate
Scary Movie 4,2006.0,5.1,117305.0,Comedy,83.0,Film,PG-13,-1.0,Moderate,Moderate,Moderate,Mild,Mild
Crocodile Dundee,1986.0,6.6,99336.0,"Action, Adventure, Comedy",97.0,Film,PG-13,-1.0,Mild,Mild,Mild,Moderate,Mild
Red Dwarf,1986.0,8.4,33784.0,"Comedy, Sci-Fi",30.0,Series,TV-14,74.0,Mild,Mild,Moderate,Mild,Mild
Popeye,1980.0,5.3,30801.0,"Adventure, Comedy, Family",114.0,Film,PG,-1.0,None,Mild,Mild,Mild,Mild
North Hollywood,2021.0,6.1,1336.0,"Comedy, Drama, Sport",93.0,Film,Not Rated,-1.0,Mild,Mild,Severe,Moderate,Mild
Return to Oz,1985.0,6.7,26078.0,"Adventure, Family, Fantasy",113.0,Film,PG,-1.0,None,Mild,None,Mild,Moderate
Locked In,2021.0,4.1,492.0,"Crime, Drama, Thriller",90.0,Film,R,-1.0,None,Severe,Severe,No Rate,No Rate
The Tourist,2010.0,6.0,233119.0,"Action, Thriller",103.0,Film,PG-13,-1.0,Mild,Mild,Moderate,Mild,Mild
Twin Peaks: Fire Walk with Me,1992.0,7.3,92724.0,"Drama, Horror, Mystery",134.0,Film,R,-1.0,Severe,Severe,Moderate,Severe,Severe
Spartacus,1960.0,7.9,130175.0,"Adventure, Biography, Drama",197.0,Film,PG-13,-1.0,Mild,Moderate,Mild,Mild,Moderate
Terminator Salvation,2009.0,6.5,351611.0,"Action, Sci-Fi",115.0,Film,PG-13,-1.0,Mild,Moderate,Moderate,None,Moderate
Still Game,2009.0,8.8,6912.0,Comedy,30.0,Series,TV-14,63.0,Mild,None,Moderate,Mild,None
American Made,2017.0,7.2,168917.0,"Action, Comedy, Crime",115.0,Film,R,-1.0,Moderate,Mild,Severe,Moderate,Mild
Frankenstein,1994.0,6.4,53476.0,"Drama, Horror, Romance",123.0,Film,R,-1.0,Mild,Moderate,Mild,None,Moderate
Free Fire,2016.0,6.4,44817.0,"Action, Comedy, Crime",91.0,Film,R,-1.0,None,Severe,Severe,Moderate,Moderate
Nowhere Special,2020.0,7.6,1392.0,Drama,96.0,Film,None,-1.0,No Rate,No Rate,No Rate,No Rate,No Rate
Underworld: Blood Wars,2016.0,5.8,73082.0,"Action, Adventure, Fantasy",91.0,Film,R,-1.0,Mild,Severe,Moderate,None,Moderate
Third Watch,2016.0,7.9,9457.0,"Action, Crime, Drama",44.0,Series,TV-14,132.0,No Rate,Moderate,No Rate,No Rate,No Rate
Valkyrie,2008.0,7.1,235251.0,"Drama, History, Thriller",121.0,Film,PG-13,-1.0,None,Moderate,Mild,Mild,Moderate
Wolf,1994.0,6.2,54670.0,"Drama, Horror, Romance",125.0,Film,R,-1.0,Mild,Moderate,Mild,Mild,Moderate
Long Story Short,2021.0,6.5,1802.0,"Comedy, Fantasy, Romance",90.0,Film,R,-1.0,Mild,No Rate,Severe,No Rate,No Rate
Crimson Tide,1995.0,7.3,107432.0,"Action, Drama, Thriller",116.0,Film,R,-1.0,None,Moderate,Severe,Mild,Moderate
Industry,1995.0,6.9,6086.0,Drama,50.0,Series,TV-MA,11.0,Severe,Mild,Moderate,Severe,None
Valeria,1995.0,6.4,4556.0,"Comedy, Drama, Romance",47.0,Series,TV-MA,16.0,Severe,None,Moderate,Moderate,None
American Insurrection,2021.0,2.0,510.0,Drama,115.0,Film,R,-1.0,No Rate,No Rate,No Rate,No Rate,No Rate
CSI: Immortality,2015.0,7.5,2134.0,"Crime, Drama, Mystery",87.0,Film,TV-14,-1.0,No Rate,No Rate,No Rate,No Rate,No Rate
Scanners,1981.0,6.8,52008.0,"Horror, Sci-Fi, Thriller",103.0,Film,R,-1.0,None,Severe,Mild,Mild,Severe
An Unfinished Life,2005.0,7.0,30366.0,"Drama, Family, Romance",108.0,Film,PG-13,-1.0,Mild,Moderate,Moderate,Mild,Mild
T2 Trainspotting,2017.0,7.2,119073.0,Drama,117.0,Film,R,-1.0,Severe,Moderate,Severe,Severe,Moderate
Somebody Up There Likes Me,1956.0,7.5,7790.0,"Biography, Drama, Sport",113.0,Film,Passed,-1.0,None,Moderate,Mild,Mild,Mild
Fallen,1998.0,7.0,79162.0,"Action, Crime, Drama",124.0,Film,R,-1.0,Mild,Moderate,Moderate,Mild,Moderate
Best in Show,2000.0,7.5,59330.0,Comedy,90.0,Film,PG-13,-1.0,Moderate,Mild,Mild,None,None
Midnight Run,1988.0,7.5,82314.0,"Action, Comedy, Crime",126.0,Film,R,-1.0,None,Mild,Severe,Moderate,Mild
The Farewell,2019.0,7.6,57921.0,"Comedy, Drama",100.0,Film,PG,-1.0,None,None,Mild,Mild,None
Ronin,1998.0,7.3,178049.0,"Action, Crime, Thriller",122.0,Film,R,-1.0,None,Severe,Moderate,Mild,Mild
Ancient Aliens,1998.0,7.2,10450.0,"Documentary, Fantasy, History",42.0,Series,TV-PG,204.0,None,Mild,Mild,None,Moderate
George of the Jungle,1997.0,5.5,74855.0,"Action, Adventure, Comedy",92.0,Film,PG,-1.0,Mild,Mild,None,Mild,Mild
Collateral Beauty,2016.0,6.8,96222.0,"Drama, Romance",97.0,Film,PG-13,-1.0,None,None,Mild,None,None
17 Again,2009.0,6.4,189984.0,"Comedy, Drama, Fantasy",102.0,Film,PG-13,-1.0,Moderate,Mild,Mild,Moderate,None
On Becoming a God in Central Florida,2019.0,7.2,4998.0,Comedy,46.0,Series,TV-MA,11.0,Mild,Moderate,Moderate,Moderate,Mild
Flag Day,2021.0,4.7,477.0,"Drama, Thriller",109.0,Film,R,-1.0,No Rate,No Rate,No Rate,No Rate,No Rate
Mistresses,2021.0,7.1,13116.0,"Drama, Romance, Thriller",43.0,Series,TV-14,52.0,Mild,No Rate,No Rate,No Rate,No Rate
Killer Klowns from Outer Space,1988.0,6.2,35573.0,"Comedy, Horror, Sci-Fi",88.0,Film,PG-13,-1.0,Mild,Moderate,Mild,Mild,Mild
Escape Plan: The Extractors,2019.0,4.4,13313.0,"Action, Crime, Thriller",97.0,Film,R,-1.0,None,Severe,Severe,None,Moderate
Freaky Friday,2003.0,6.2,131577.0,"Comedy, Family, Fantasy",97.0,Film,PG,-1.0,Mild,None,Mild,None,Mild
Catastrophe,2003.0,8.2,17638.0,Comedy,24.0,Series,TV-MA,24.0,Moderate,No Rate,Severe,No Rate,No Rate
Debris,2021.0,6.5,7392.0,"Drama, Mystery, Sci-Fi",-1.0,Series,TV-PG,13.0,No Rate,No Rate,No Rate,No Rate,No Rate
Power Book IV: Force,2021.0,-1.0,-1.0,"Crime, Drama",-1.0,Series,None,10.0,No Rate,No Rate,No Rate,No Rate,No Rate
Anaconda,1997.0,4.8,100818.0,"Action, Adventure, Horror",89.0,Film,PG-13,-1.0,Mild,Severe,Moderate,Mild,Moderate
The Inspector Lynley Mysteries,1997.0,7.4,4546.0,"Crime, Drama, Mystery",90.0,Series,TV-14,23.0,None,Severe,None,Severe,Severe
Horns,2013.0,6.5,81030.0,"Comedy, Crime, Drama",120.0,Film,R,-1.0,Severe,Severe,Severe,Moderate,Moderate
The Spiderwick Chronicles,2008.0,6.5,92188.0,"Action, Adventure, Drama",96.0,Film,PG,-1.0,None,Moderate,Mild,None,Moderate
The Virtuoso,2021.0,4.9,4978.0,"Action, Thriller",110.0,Film,R,-1.0,Moderate,Moderate,Mild,Mild,No Rate
Diff'rent Strokes,2021.0,6.6,10434.0,"Comedy, Drama, Family",30.0,Series,TV-PG,181.0,Mild,None,None,Mild,Mild
Avenue 5,2021.0,6.6,14239.0,"Comedy, Sci-Fi",-1.0,Series,TV-MA,10.0,Mild,Mild,Severe,Mild,Mild
Cat's Eye,1985.0,6.3,24104.0,"Comedy, Horror, Thriller",94.0,Film,PG-13,-1.0,Mild,Moderate,Mild,Mild,Moderate
Rules of Engagement,1985.0,7.3,32673.0,"Comedy, Romance",22.0,Series,TV-PG,101.0,No Rate,No Rate,No Rate,No Rate,No Rate
Night at the Museum: Secret of the Tomb,2014.0,6.2,113956.0,"Adventure, Comedy, Family",98.0,Film,PG,-1.0,None,Mild,Mild,Mild,Mild
Return to the Blue Lagoon,1991.0,5.2,19243.0,"Adventure, Drama, Romance",102.0,Film,PG-13,-1.0,Mild,Mild,None,None,None
The Protector,1991.0,6.6,33550.0,"Action, Fantasy, Sci-Fi",40.0,Series,TV-MA,32.0,Mild,Mild,Moderate,Mild,Mild
Jaws 3-D,1983.0,3.7,42287.0,"Adventure, Horror, Thriller",99.0,Film,PG,-1.0,Mild,Moderate,Mild,Mild,Moderate
Dick Tracy,1990.0,6.1,59868.0,"Action, Comedy, Crime",105.0,Film,PG,-1.0,Mild,Moderate,None,Mild,Mild
The Man from Snowy River,1982.0,7.3,8530.0,"Adventure, Drama, Romance",102.0,Film,PG,-1.0,None,Mild,Mild,Mild,None
The House of the Devil,2009.0,6.4,43143.0,"Horror, Mystery",95.0,Film,R,-1.0,None,Severe,Mild,Mild,Severe
Lost Highway,1997.0,7.6,136693.0,"Mystery, Thriller",134.0,Film,R,-1.0,Severe,Severe,Moderate,Mild,Severe
Tayna pechati drakona,2019.0,4.7,5579.0,"Action, Adventure, Family",120.0,Film,PG-13,-1.0,None,Mild,Mild,Mild,Mild
Peppa Pig,2019.0,6.2,4365.0,"Animation, Adventure, Comedy",9.0,Series,TV-Y,304.0,None,None,Mild,None,Mild
The Dressmaker,2015.0,7.1,57473.0,"Comedy, Drama",119.0,Film,R,-1.0,Mild,Moderate,Mild,Mild,Moderate
Finding You,2021.0,6.1,2018.0,"Drama, Romance",119.0,Film,PG,-1.0,None,No Rate,No Rate,No Rate,No Rate
The Burning,1981.0,6.4,17549.0,Horror,91.0,Film,R,-1.0,Moderate,Severe,Moderate,Mild,Moderate
Sinister 2,2015.0,5.3,51685.0,"Horror, Mystery, Thriller",97.0,Film,R,-1.0,None,Severe,Moderate,Mild,Severe
Weekend at Bernie's,1989.0,6.4,52730.0,"Adventure, Comedy, Crime",97.0,Film,PG-13,-1.0,Mild,Mild,Mild,Mild,None
È stata la mano di Dio,2021.0,7.3,338.0,Drama,130.0,Film,R,-1.0,Moderate,No Rate,No Rate,No Rate,No Rate
Mud,2012.0,7.4,174443.0,Drama,130.0,Film,PG-13,-1.0,Mild,Moderate,Moderate,Mild,Mild
La pianiste,2001.0,7.5,60093.0,"Drama, Music",131.0,Film,R,-1.0,Severe,Moderate,Moderate,Mild,Severe
Smokey and the Bandit,1977.0,7.0,48070.0,"Action, Adventure, Comedy",96.0,Film,PG,-1.0,Mild,Mild,Moderate,Mild,None
Dante's Peak,1997.0,6.0,86689.0,"Action, Adventure, Thriller",108.0,Film,PG-13,-1.0,Mild,Moderate,Mild,Mild,Moderate
"Doogie Howser, M.D.",1997.0,6.5,8443.0,"Comedy, Drama, Family",30.0,Series,TV-PG,97.0,None,Mild,None,Mild,Mild
Strange But True,2019.0,5.9,4151.0,Thriller,96.0,Film,PG-13,-1.0,Mild,Mild,Moderate,Moderate,Moderate
Yes Day,2021.0,5.7,20492.0,"Comedy, Family",86.0,Film,PG,-1.0,None,Mild,None,None,None
I Spit on Your Grave: Deja Vu,2019.0,2.3,2463.0,"Horror, Thriller",148.0,Film,Not Rated,-1.0,Severe,Severe,Severe,Mild,Moderate
The Jungle Book,1967.0,7.6,173033.0,"Animation, Adventure, Comedy",78.0,Film,G,-1.0,None,Mild,None,None,Mild
Smokin' Aces,2006.0,6.7,141825.0,"Action, Comedy, Crime",109.0,Film,R,-1.0,Moderate,Severe,Severe,Severe,Severe
Mannequin,1987.0,5.9,30803.0,"Comedy, Fantasy, Romance",90.0,Film,PG,-1.0,Mild,Mild,Mild,Mild,None
Treasure Planet,2002.0,7.2,110023.0,"Animation, Adventure, Family",95.0,Film,PG,-1.0,None,Mild,None,Mild,Mild
Gokushufudo,2002.0,7.3,3076.0,"Animation, Action, Comedy",16.0,Series,TV-14,10.0,None,Mild,Moderate,Mild,None
Blues Brothers 2000,1998.0,4.9,32611.0,"Action, Comedy, Crime",123.0,Film,PG-13,-1.0,Mild,Mild,Mild,Mild,None
Easy Rider,1969.0,7.3,105849.0,"Adventure, Drama",95.0,Film,R,-1.0,Mild,Moderate,Mild,Severe,Mild
Miranda,1969.0,8.2,14376.0,Comedy,30.0,Series,TV-MA,20.0,Mild,None,Mild,Mild,None
The Ridiculous 6,2015.0,4.8,46822.0,"Action, Adventure, Comedy",119.0,Film,TV-14,-1.0,Moderate,Moderate,Moderate,Mild,Mild
Shrek Forever After,2010.0,6.3,193816.0,"Animation, Adventure, Comedy",93.0,Film,PG,-1.0,Mild,Mild,Mild,Mild,Mild
Heavenly Creatures,1994.0,7.3,61972.0,"Biography, Crime, Drama",99.0,Film,R,-1.0,Moderate,Moderate,Mild,Mild,Moderate
The Brothers Grimm,2005.0,5.9,118683.0,"Action, Adventure, Comedy",118.0,Film,PG-13,-1.0,None,Moderate,Mild,Mild,Moderate
Olympus Has Fallen,2013.0,6.5,266391.0,"Action, Thriller",119.0,Film,R,-1.0,None,Severe,Severe,Mild,Severe
From Dusk Till Dawn: The Series,2013.0,6.9,19852.0,"Action, Crime, Fantasy",45.0,Series,TV-MA,30.0,Moderate,Severe,Moderate,Moderate,Severe
Nurse Jackie,2013.0,7.7,25825.0,"Comedy, Drama",27.0,Series,TV-MA,80.0,Moderate,Moderate,Severe,Severe,Moderate
The Little Vampire,2000.0,5.8,10173.0,"Adventure, Comedy, Family",95.0,Film,PG,-1.0,No Rate,Mild,None,Mild,Mild
Rounders,1998.0,7.3,146609.0,"Crime, Drama",121.0,Film,R,-1.0,Moderate,Moderate,Severe,Moderate,Mild
The Girl Who Got Away,2021.0,5.7,3478.0,"Horror, Thriller",116.0,Film,TV-MA,-1.0,Mild,Severe,Moderate,No Rate,No Rate
Sudden Impact,1983.0,6.6,43170.0,"Action, Crime, Thriller",117.0,Film,R,-1.0,Moderate,Severe,Moderate,Moderate,Severe
The Boy Next Door,2015.0,4.7,40671.0,Thriller,91.0,Film,R,-1.0,Severe,Severe,Severe,Mild,Severe
The Lego Batman Movie,2017.0,7.3,138551.0,"Animation, Action, Adventure",104.0,Film,PG,-1.0,None,Mild,Mild,None,Mild
Nanny McPhee,2005.0,6.6,72220.0,"Comedy, Family, Fantasy",97.0,Film,PG,-1.0,None,Mild,None,None,None
Seulgiroun Euisasaenghal,2005.0,8.8,3743.0,"Comedy, Drama",84.0,Series,TV-14,24.0,No Rate,None,None,None,None
Deadly Cuts,2021.0,7.2,52.0,Comedy,90.0,Film,None,-1.0,No Rate,No Rate,No Rate,No Rate,No Rate
Liar,2021.0,7.1,8209.0,"Crime, Drama, Thriller",45.0,Series,TV-14,12.0,Mild,Mild,Mild,Mild,Moderate
Tra(sgre)dire,2000.0,5.5,5389.0,"Comedy, Drama",91.0,Film,Not Rated,-1.0,Severe,None,Mild,Mild,None
B Positive,2000.0,6.0,1906.0,"Comedy, Drama",22.0,Series,TV-14,22.0,Mild,None,None,Moderate,None
Roma città aperta,1945.0,8.1,25141.0,"Drama, Thriller, War",103.0,Film,Not Rated,-1.0,Mild,Moderate,None,Mild,Severe
Swingers,1996.0,7.2,79641.0,"Comedy, Drama",96.0,Film,R,-1.0,Mild,None,Severe,Moderate,None
Dancing with the Stars,1996.0,4.7,9647.0,"Family, Game-Show, Music",60.0,Series,TV-PG,478.0,Mild,None,None,None,None
Las Vegas,1996.0,7.4,26702.0,"Crime, Drama",60.0,Series,TV-14,106.0,Mild,No Rate,No Rate,Mild,Mild
The Counselor,2013.0,5.3,98660.0,"Crime, Drama, Thriller",117.0,Film,R,-1.0,Moderate,Severe,Severe,Moderate,Severe
Velvet,2013.0,8.1,5646.0,Drama,43.0,Series,TV-14,55.0,Severe,No Rate,Moderate,Moderate,Severe
Push,2009.0,6.1,108415.0,"Action, Sci-Fi, Thriller",111.0,Film,PG-13,-1.0,None,Moderate,Moderate,Moderate,Moderate
The Dead Center,2018.0,5.8,2458.0,"Horror, Mystery, Thriller",92.0,Film,Not Rated,-1.0,None,Severe,Mild,Mild,Moderate
Angel Heart,1987.0,7.3,84448.0,"Horror, Mystery, Thriller",113.0,Film,X,-1.0,Severe,Severe,Moderate,Moderate,Severe
Jurassic World: Camp Cretaceous,1987.0,7.6,5950.0,"Animation, Action, Adventure",24.0,Series,TV-PG,26.0,None,Mild,None,None,Moderate
Z-O-M-B-I-E-S,2018.0,6.2,4532.0,"Family, Musical, Romance",94.0,Film,TV-G,-1.0,None,Mild,None,None,Mild
Rock of Ages,2012.0,5.9,75925.0,"Comedy, Drama, Musical",123.0,Film,PG-13,-1.0,Moderate,Mild,Moderate,Moderate,None
Ella Enchanted,2004.0,6.3,65283.0,"Comedy, Family, Fantasy",96.0,Film,PG,-1.0,None,Mild,None,None,None
Letters to Juliet,2010.0,6.5,96436.0,"Adventure, Comedy, Drama",105.0,Film,PG,-1.0,None,None,Mild,Mild,None
Nymphomaniac: Vol. II,2013.0,6.7,89446.0,Drama,124.0,Film,Not Rated,-1.0,Severe,Severe,Severe,Mild,Severe
Heavy Metal 2000,2000.0,5.4,8161.0,"Animation, Action, Adventure",88.0,Film,R,-1.0,Moderate,Moderate,Mild,Mild,Severe
Timeline,2003.0,5.7,61966.0,"Action, Adventure, Sci-Fi",116.0,Film,PG-13,-1.0,None,Moderate,Moderate,Mild,Moderate
The Vicar of Dibley,2003.0,8.0,12777.0,Comedy,60.0,Series,TV-PG,30.0,Mild,None,Mild,Mild,None
Petite maman,2021.0,7.3,1106.0,"Drama, Fantasy",72.0,Film,None,-1.0,No Rate,No Rate,No Rate,No Rate,No Rate
Great White,2021.0,4.1,5315.0,"Horror, Thriller",91.0,Film,None,-1.0,No Rate,No Rate,No Rate,No Rate,No Rate
Motherland,2021.0,7.8,4103.0,Comedy,30.0,Series,TV-MA,19.0,Mild,None,Moderate,Mild,None
Youth,2015.0,7.3,74786.0,"Comedy, Drama, Music",124.0,Film,R,-1.0,Moderate,None,Mild,Mild,Mild
Annie Hall,1977.0,8.0,258522.0,"Comedy, Romance",93.0,Film,PG,-1.0,Moderate,None,Mild,Mild,None
Red Eye,2005.0,6.5,116263.0,Thriller,85.0,Film,PG-13,-1.0,None,Moderate,Mild,Mild,Moderate
Dangerous Liaisons,1988.0,7.6,67388.0,"Drama, Romance",119.0,Film,R,-1.0,Moderate,Mild,Mild,None,Mild
Spider-Man 4: Fan Film,2021.0,-1.0,-1.0,"Action, Adventure, Drama",-1.0,Film,None,-1.0,No Rate,No Rate,No Rate,No Rate,No Rate
Ride Along,2014.0,6.2,108532.0,"Action, Comedy, Crime",99.0,Film,PG-13,-1.0,Mild,Moderate,Moderate,Moderate,Mild
The Silencing,2020.0,6.2,18068.0,"Action, Crime, Thriller",93.0,Film,R,-1.0,Mild,Moderate,Mild,Moderate,Moderate
After.Life,2009.0,5.9,37850.0,"Drama, Mystery, Thriller",104.0,Film,R,-1.0,Moderate,Moderate,Moderate,Mild,Moderate
Queen & Slim,2019.0,7.1,28319.0,"Crime, Drama, Romance",132.0,Film,R,-1.0,Moderate,Moderate,Severe,Moderate,Moderate
Central Intelligence,2016.0,6.3,170350.0,"Action, Comedy, Crime",107.0,Film,PG-13,-1.0,Moderate,Moderate,Moderate,Mild,Mild
Cat People,1942.0,7.3,21459.0,"Fantasy, Horror, Thriller",73.0,Film,Not Rated,-1.0,Mild,Mild,None,Mild,Mild
All My Children,1942.0,6.6,2788.0,"Drama, Romance, Mystery",60.0,Series,TV-PG,4050.0,Severe,Severe,Severe,Severe,Severe
Grandma's Boy,2006.0,7.0,80496.0,Comedy,94.0,Film,R,-1.0,Moderate,Mild,Severe,Severe,None
The Vow,2012.0,6.8,188981.0,"Drama, Romance",104.0,Film,PG-13,-1.0,Moderate,Mild,Mild,Mild,Moderate
St. Elsewhere,2012.0,7.9,4168.0,"Comedy, Drama",60.0,Series,TV-PG,137.0,No Rate,No Rate,No Rate,No Rate,No Rate
Hunter Hunter,2020.0,6.4,7919.0,"Horror, Thriller",93.0,Film,Unrated,-1.0,Mild,Severe,None,Mild,Severe
Algoissjiman,2021.0,7.3,2324.0,"Drama, Romance",70.0,Series,None,10.0,No Rate,No Rate,No Rate,No Rate,No Rate
The Man in the Moon,1991.0,7.3,16228.0,"Drama, Romance",99.0,Film,PG-13,-1.0,Mild,Moderate,Mild,None,Mild
Salvation,1991.0,7.0,20790.0,"Drama, Sci-Fi, Thriller",43.0,Series,TV-14,26.0,Mild,No Rate,No Rate,No Rate,No Rate
The Kid Detective,2020.0,7.0,14680.0,"Comedy, Drama, Mystery",100.0,Film,R,-1.0,Mild,Mild,Moderate,Moderate,Mild
CHiPs,2020.0,6.4,9074.0,"Crime, Drama, Mystery",60.0,Series,TV-PG,139.0,No Rate,No Rate,No Rate,No Rate,No Rate
Happy Death Day 2U,2019.0,6.2,67012.0,"Comedy, Horror, Mystery",100.0,Film,PG-13,-1.0,Mild,Moderate,Moderate,Mild,Moderate
El orfanato,2007.0,7.4,151461.0,"Drama, Horror, Mystery",105.0,Film,R,-1.0,None,Moderate,Mild,Mild,Moderate
Salt,2010.0,6.4,304766.0,"Action, Thriller",100.0,Film,PG-13,-1.0,Mild,Severe,Moderate,Mild,Moderate
Moxie,2021.0,6.7,22231.0,"Comedy, Drama, Music",111.0,Film,PG-13,-1.0,Mild,None,Mild,Mild,None
Tin Star,2021.0,7.3,13236.0,"Crime, Drama, Thriller",60.0,Series,TV-MA,25.0,Moderate,Severe,Severe,Moderate,Moderate
Gandhi,1982.0,8.0,223910.0,"Biography, Drama, History",191.0,Film,PG,-1.0,None,Moderate,Mild,None,Moderate
Naked and Afraid of Love,1982.0,3.1,155.0,"Reality-TV, Romance",60.0,Series,None,11.0,No Rate,No Rate,No Rate,No Rate,No Rate
"Sex, Lies, and Videotape",1989.0,7.2,52896.0,Drama,100.0,Film,R,-1.0,Mild,None,Moderate,Mild,Mild
Yes Man,2008.0,6.8,347718.0,"Comedy, Romance",104.0,Film,PG-13,-1.0,Moderate,Mild,Moderate,Moderate,None
Star Trek: Nemesis,2002.0,6.4,76729.0,"Action, Adventure, Sci-Fi",116.0,Film,PG-13,-1.0,Mild,Moderate,Mild,Mild,Moderate
The Crying Game,1992.0,7.3,53664.0,"Crime, Drama, Romance",112.0,Film,R,-1.0,Moderate,Moderate,Severe,Moderate,Severe
Toy Boy,1992.0,6.4,6110.0,"Action, Adventure, Crime",-1.0,Series,TV-MA,21.0,Moderate,Moderate,Moderate,Moderate,Mild
Maze Runner: The Scorch Trials,2015.0,6.3,234897.0,"Action, Adventure, Sci-Fi",131.0,Film,PG-13,-1.0,None,Moderate,Moderate,Mild,Moderate
Network,1976.0,8.1,152766.0,Drama,121.0,Film,R,-1.0,Mild,Mild,Moderate,Mild,Moderate
The First Purge,2018.0,5.2,60219.0,"Action, Horror, Sci-Fi",97.0,Film,R,-1.0,Mild,Severe,Severe,Moderate,Moderate
The Collector,2009.0,6.4,62207.0,"Horror, Thriller",90.0,Film,R,-1.0,Moderate,Severe,Moderate,Mild,Severe
13 Ghosts,1960.0,6.1,5929.0,"Horror, Mystery",85.0,Film,Not Rated,-1.0,None,Mild,None,None,Moderate
Star Trek: Strange New Worlds,1960.0,-1.0,-1.0,"Action, Adventure, Sci-Fi",-1.0,Series,None,10.0,No Rate,No Rate,No Rate,No Rate,No Rate
The Survivalist,2015.0,6.4,16592.0,"Drama, Sci-Fi, Thriller",104.0,Film,Not Rated,-1.0,Severe,Severe,None,Mild,Severe
Rookie Blue,2015.0,7.7,16620.0,"Action, Crime, Drama",42.0,Series,TV-14,74.0,Mild,Moderate,Mild,Moderate,Mild
Open Range,2003.0,7.4,69970.0,"Action, Drama, Romance",139.0,Film,R,-1.0,None,Moderate,Moderate,Mild,Mild
Black Christmas,2019.0,3.4,13909.0,"Horror, Mystery, Thriller",92.0,Film,PG-13,-1.0,Mild,Moderate,Mild,Mild,Mild
The Knick,2019.0,8.5,45989.0,"Drama, History",58.0,Series,TV-MA,21.0,Moderate,Severe,Moderate,Severe,Severe
The Highwaymen,2019.0,6.9,83898.0,"Biography, Crime, Drama",132.0,Film,R,-1.0,None,Moderate,Mild,Moderate,Moderate
Patriot,2019.0,8.3,13306.0,"Comedy, Drama, Thriller",58.0,Series,TV-MA,18.0,Moderate,Moderate,Severe,Moderate,Moderate
The Good Shepherd,2006.0,6.7,100949.0,"Drama, History, Thriller",167.0,Film,R,-1.0,Moderate,Moderate,Moderate,Mild,Moderate
Home,2015.0,6.6,97439.0,"Animation, Adventure, Comedy",94.0,Film,PG,-1.0,None,Mild,None,None,Mild
Our Girl,2015.0,7.7,3829.0,"Action, Drama, Thriller",60.0,Series,TV-14,28.0,No Rate,No Rate,No Rate,No Rate,No Rate
The Gambler,2014.0,6.1,68871.0,"Crime, Drama, Thriller",111.0,Film,R,-1.0,Moderate,Mild,Severe,Mild,Mild
The Innocents,1961.0,7.8,28792.0,Horror,100.0,Film,Not Rated,-1.0,None,Mild,None,None,Moderate
Seeking a Friend for the End of the World,2012.0,6.7,110973.0,"Adventure, Comedy, Drama",101.0,Film,R,-1.0,Mild,Moderate,Mild,Moderate,Moderate
Nocturne,2020.0,5.7,7328.0,"Horror, Mystery, Thriller",90.0,Film,Not Rated,-1.0,Mild,Moderate,Moderate,Mild,Moderate
Cloudy with a Chance of Meatballs,2009.0,6.9,216940.0,"Animation, Adventure, Comedy",90.0,Film,PG,-1.0,None,Mild,Mild,None,Mild
In the Tall Grass,2019.0,5.4,51569.0,"Horror, Mystery, Sci-Fi",101.0,Film,TV-MA,-1.0,Mild,Severe,Moderate,None,Moderate
Borat: Cultural Learnings of America for Make Benefit Glorious Nation of Kazakhstan,2006.0,7.3,391697.0,Comedy,84.0,Film,R,-1.0,Severe,Mild,Moderate,Mild,Mild
Never Rarely Sometimes Always,2020.0,7.4,23959.0,Drama,101.0,Film,PG-13,-1.0,Mild,Mild,Mild,Mild,Moderate
American Mary,2012.0,6.3,24525.0,"Drama, Horror",103.0,Film,R,-1.0,Severe,Severe,Severe,Moderate,Severe
We Were Soldiers,2002.0,7.2,135572.0,"Action, Drama, History",138.0,Film,R,-1.0,Mild,Severe,Moderate,Mild,Severe
The Grudge,2020.0,4.3,23108.0,"Fantasy, Horror",94.0,Film,R,-1.0,None,Severe,Moderate,Mild,Severe
The Fundamentals of Caring,2016.0,7.3,67258.0,"Comedy, Drama",97.0,Film,TV-MA,-1.0,Mild,None,Severe,Mild,None
Newness,2017.0,6.3,15660.0,"Drama, Romance",117.0,Film,Unrated,-1.0,Moderate,Mild,Moderate,Moderate,Mild
Dreamcatcher,2003.0,5.5,90767.0,"Drama, Horror, Sci-Fi",136.0,Film,R,-1.0,Mild,Severe,Moderate,Mild,Severe
Tarzan,1999.0,7.3,213346.0,"Animation, Adventure, Drama",88.0,Film,G,-1.0,None,Mild,None,Mild,Moderate
Don't Tell Mom the Babysitter's Dead,1991.0,6.3,31676.0,Comedy,102.0,Film,PG-13,-1.0,Mild,None,Moderate,Moderate,None
The Man from Earth,2007.0,7.9,181233.0,"Drama, Fantasy, Mystery",87.0,Film,Not Rated,-1.0,None,None,No Rate,Mild,Mild
The Judge,2014.0,7.4,185410.0,"Crime, Drama",141.0,Film,R,-1.0,Mild,None,Moderate,Mild,None
The Imaginarium of Doctor Parnassus,2009.0,6.8,146954.0,"Adventure, Comedy, Fantasy",123.0,Film,PG-13,-1.0,Mild,Moderate,Mild,Moderate,Moderate
The Chronicles of Narnia: Prince Caspian,2008.0,6.5,201807.0,"Action, Adventure, Family",150.0,Film,PG,-1.0,None,Moderate,None,None,Moderate
The Little Girl Who Lives Down the Lane,1976.0,7.0,14452.0,"Drama, Horror, Mystery",91.0,Film,PG,-1.0,Moderate,Moderate,Mild,Mild,Moderate
Billy Elliot,2000.0,7.7,130745.0,"Drama, Music",110.0,Film,R,-1.0,Mild,Mild,Severe,Mild,Mild
Carriers,2009.0,6.0,45437.0,"Action, Adventure, Drama",85.0,Film,PG-13,-1.0,None,Moderate,Moderate,Mild,Mild
Red Riding Hood,2011.0,5.5,110201.0,"Fantasy, Horror, Mystery",100.0,Film,PG-13,-1.0,Mild,Moderate,Mild,Mild,Moderate
According to Jim,2011.0,6.4,35174.0,"Comedy, Romance",30.0,Series,TV-PG,182.0,Mild,Mild,Mild,Mild,None
Rurôni Kenshin: Sai shûshô - The Beginning,2021.0,7.5,5981.0,"Action, Adventure, Drama",137.0,Film,TV-MA,-1.0,None,Severe,None,Mild,Mild
Prozac Nation,2001.0,6.3,17724.0,"Biography, Drama, Romance",95.0,Film,R,-1.0,Mild,None,Mild,Mild,Mild
Finding Dory,2016.0,7.3,255557.0,"Animation, Adventure, Comedy",97.0,Film,PG,-1.0,None,None,None,None,Mild
Society,1989.0,6.5,16926.0,"Comedy, Horror",99.0,Film,R,-1.0,Moderate,Severe,Moderate,Mild,Moderate
Kings,2017.0,5.1,3345.0,"Crime, Drama, Romance",86.0,Film,R,-1.0,Moderate,Severe,Moderate,Mild,Moderate
White House Down,2013.0,6.3,213712.0,"Action, Drama, Thriller",131.0,Film,PG-13,-1.0,None,Moderate,Moderate,Mild,Moderate
Little Women,1949.0,7.3,7092.0,"Drama, Family, Romance",122.0,Film,Approved,-1.0,None,None,None,No Rate,Mild
On the Basis of Sex,2018.0,7.1,32093.0,"Biography, Drama",120.0,Film,PG-13,-1.0,None,None,Mild,Mild,None
Ms. Marvel,2018.0,-1.0,-1.0,"Action, Adventure, Comedy",-1.0,Series,None,6.0,No Rate,No Rate,No Rate,No Rate,No Rate
Midnight Cowboy,1969.0,7.8,106739.0,Drama,113.0,Film,X,-1.0,Severe,Moderate,Moderate,Mild,Moderate
Întregalde,2021.0,7.2,407.0,"Comedy, Drama",104.0,Film,None,-1.0,No Rate,No Rate,No Rate,No Rate,No Rate
Rare Beasts,2019.0,5.6,865.0,"Comedy, Drama, Romance",87.0,Film,None,-1.0,No Rate,No Rate,No Rate,No Rate,No Rate
Whip It,2009.0,6.9,65845.0,"Drama, Sport",111.0,Film,PG-13,-1.0,Mild,Mild,Moderate,Moderate,Mild
Tales of Halloween,2015.0,5.5,12568.0,"Adventure, Comedy, Fantasy",97.0,Film,R,-1.0,Mild,Severe,Moderate,Mild,Severe
Breathe,2017.0,7.2,20767.0,"Biography, Drama, Romance",118.0,Film,PG-13,-1.0,None,Mild,Mild,Mild,Moderate
Brimstone,2016.0,7.1,38672.0,"Drama, Mystery, Thriller",148.0,Film,R,-1.0,Severe,Severe,Moderate,Mild,Severe
What I Like About You,2016.0,6.6,12887.0,Comedy,30.0,Series,TV-PG,86.0,No Rate,No Rate,Mild,No Rate,No Rate
The Time Machine,2002.0,6.0,121826.0,"Action, Adventure, Sci-Fi",96.0,Film,PG-13,-1.0,None,Mild,Mild,None,Mild
Perfect,1985.0,4.6,5077.0,"Drama, Romance",115.0,Film,R,-1.0,Mild,None,Moderate,Mild,None
Il commissario Montalbano,1985.0,8.3,3485.0,"Crime, Drama, Mystery",95.0,Series,TV-14,37.0,Moderate,No Rate,Moderate,Moderate,Severe
Only the Brave,2017.0,7.6,63918.0,"Action, Biography, Drama",134.0,Film,PG-13,-1.0,Mild,Mild,Moderate,Mild,Moderate
Margin Call,2011.0,7.1,122482.0,"Drama, Thriller",107.0,Film,R,-1.0,None,None,Severe,Mild,None
The Thundermans,2011.0,5.8,4255.0,"Action, Comedy, Drama",23.0,Series,TV-G,98.0,None,Mild,None,None,Mild
Star Trek II: The Wrath of Khan,1982.0,7.7,116792.0,"Action, Adventure, Sci-Fi",113.0,Film,PG,-1.0,None,Moderate,Mild,Mild,Moderate
The General's Daughter,1999.0,6.4,56455.0,"Crime, Drama, Mystery",116.0,Film,R,-1.0,Severe,Severe,Moderate,Mild,Severe
Philadelphia,1993.0,7.7,232616.0,Drama,125.0,Film,PG-13,-1.0,Mild,None,Moderate,Mild,Mild
Slender Man,2018.0,3.2,31629.0,"Horror, Mystery, Thriller",93.0,Film,PG-13,-1.0,Mild,Moderate,Mild,Mild,Moderate
Ghost Rider: Spirit of Vengeance,2011.0,4.3,115071.0,"Action, Fantasy, Thriller",96.0,Film,PG-13,-1.0,Mild,Moderate,Mild,Mild,Moderate
Gypsy,2017.0,6.8,15367.0,"Drama, Thriller",51.0,Series,TV-MA,10.0,Moderate,Mild,Mild,Moderate,None
Dead Silence,2007.0,6.2,90723.0,"Horror, Mystery, Thriller",89.0,Film,R,-1.0,None,Moderate,Mild,Mild,Severe
Rudy,1993.0,7.5,60323.0,"Biography, Drama, Sport",114.0,Film,PG,-1.0,None,Mild,Moderate,Mild,Mild
A Fish Called Wanda,1988.0,7.5,137094.0,"Comedy, Crime",108.0,Film,R,-1.0,Moderate,Mild,Moderate,Mild,None
Lord of War,2005.0,7.6,303622.0,"Action, Crime, Drama",122.0,Film,R,-1.0,Moderate,Severe,Severe,Severe,Moderate
Mask,1985.0,7.2,27569.0,"Biography, Drama",120.0,Film,PG-13,-1.0,Mild,Mild,Moderate,Moderate,Moderate
Alex Rider,1985.0,7.6,10190.0,"Action, Adventure, Drama",45.0,Series,TV-14,10.0,Mild,Mild,Mild,Mild,Moderate
The Quick and the Dead,1995.0,6.4,89706.0,"Action, Romance, Thriller",107.0,Film,R,-1.0,Mild,Severe,Mild,Mild,Moderate
Never Been Kissed,1999.0,6.1,86966.0,"Comedy, Drama, Romance",107.0,Film,PG-13,-1.0,Mild,None,Mild,Mild,None
Miss Congeniality,2000.0,6.3,197452.0,"Action, Comedy, Crime",109.0,Film,PG-13,-1.0,Mild,Mild,Mild,Mild,Mild
From Hell,2001.0,6.8,150921.0,"Horror, Mystery, Thriller",122.0,Film,R,-1.0,Severe,Severe,Moderate,Moderate,Severe
The Poughkeepsie Tapes,2007.0,6.0,17759.0,"Horror, Mystery, Thriller",81.0,Film,R,-1.0,Severe,Severe,Mild,None,Severe
Big Love,2007.0,7.6,20898.0,Drama,60.0,Series,TV-MA,53.0,Moderate,Moderate,Moderate,Mild,Moderate
Belle,2013.0,7.3,29490.0,"Biography, Drama, Romance",100.0,Film,PG,-1.0,None,Mild,Mild,Mild,Mild
Sliders,2013.0,7.4,17567.0,"Adventure, Fantasy, Sci-Fi",60.0,Series,TV-PG,87.0,None,Mild,Mild,Mild,Mild
The Beverly Hillbillies,1993.0,5.0,18032.0,"Comedy, Family",92.0,Film,PG,-1.0,Mild,Mild,Mild,Mild,Mild
Boxing Day,2021.0,-1.0,-1.0,"Comedy, Romance",-1.0,Film,None,-1.0,No Rate,No Rate,No Rate,No Rate,No Rate
Mike & Molly,2021.0,6.4,24086.0,Comedy,30.0,Series,TV-14,127.0,Moderate,None,Moderate,Moderate,None
Hot in Cleveland,2021.0,7.3,12945.0,Comedy,30.0,Series,TV-PG,129.0,Moderate,No Rate,Mild,Moderate,None
Melissa & Joey,2021.0,7.0,18234.0,"Comedy, Romance",30.0,Series,TV-14,104.0,Mild,None,Mild,Mild,None
Designing Women,2021.0,7.1,5249.0,Comedy,30.0,Series,TV-PG,163.0,No Rate,No Rate,No Rate,No Rate,No Rate
"Yes, God, Yes",2019.0,6.1,13074.0,"Comedy, Drama",78.0,Film,R,-1.0,Moderate,None,Mild,Mild,None
Qismat 2,2021.0,7.5,714.0,"Drama, Romance",155.0,Film,None,-1.0,No Rate,No Rate,No Rate,No Rate,No Rate
'Allo 'Allo!,2021.0,8.3,24463.0,"Comedy, History, War",45.0,Series,None,85.0,No Rate,No Rate,No Rate,No Rate,No Rate
Monsterland,2021.0,5.6,2503.0,"Drama, Fantasy, Horror",50.0,Series,TV-MA,8.0,Mild,Severe,Severe,No Rate,Severe
Wander,2020.0,4.9,8064.0,Thriller,94.0,Film,R,-1.0,None,Mild,None,Mild,Moderate
L'amica geniale,2020.0,8.6,11537.0,Drama,60.0,Series,TV-MA,20.0,Moderate,Moderate,Mild,Mild,Moderate
Whiskey Cavalier,2019.0,7.1,9126.0,"Action, Adventure, Comedy",-1.0,Series,TV-14,13.0,Mild,Severe,Severe,Severe,Severe
The Professor and the Madman,2019.0,7.3,40879.0,"Biography, Drama",124.0,Film,Not Rated,-1.0,None,Moderate,None,None,Mild
Land,2021.0,6.6,5742.0,"Adventure, Drama",89.0,Film,PG-13,-1.0,Mild,Mild,Mild,None,Mild
Majo no takkyûbin,1989.0,7.9,133758.0,"Animation, Adventure, Drama",103.0,Film,G,-1.0,None,None,None,None,None
Alice Through the Looking Glass,2016.0,6.2,100442.0,"Adventure, Family, Fantasy",113.0,Film,PG,-1.0,None,Mild,None,None,Mild
Flatliners,1990.0,6.6,83704.0,"Drama, Horror, Sci-Fi",115.0,Film,R,-1.0,Moderate,Moderate,Moderate,Mild,Moderate
Pitch Black,2000.0,7.1,231880.0,"Action, Horror, Sci-Fi",109.0,Film,R,-1.0,None,Moderate,Moderate,Mild,Severe
Devil,2010.0,6.2,140079.0,"Horror, Mystery, Thriller",80.0,Film,PG-13,-1.0,Mild,Moderate,Mild,Mild,Severe
The Last Detective,2010.0,7.7,1345.0,"Comedy, Crime, Drama",90.0,Series,None,17.0,No Rate,No Rate,No Rate,No Rate,No Rate
Friends: The Reunion,2021.0,8.1,52354.0,"Documentary, Biography, Comedy",104.0,Film,TV-14,-1.0,None,None,Mild,None,None
R.I.P.D.,2013.0,5.6,124870.0,"Action, Adventure, Comedy",96.0,Film,PG-13,-1.0,Mild,Moderate,Moderate,Mild,Mild
The Hangover Part III,2013.0,5.8,303010.0,"Comedy, Crime",100.0,Film,R,-1.0,Moderate,Moderate,Severe,Moderate,Moderate
Deadly Class,2013.0,7.6,15628.0,"Action, Adventure, Comedy",60.0,Series,TV-MA,10.0,Moderate,Severe,Severe,Severe,Moderate
Body Heat,1981.0,7.4,33458.0,"Crime, Drama, Romance",113.0,Film,R,-1.0,Moderate,Mild,Mild,Mild,Mild
Wild at Heart,1990.0,7.2,89151.0,"Comedy, Crime, Drama",125.0,Film,R,-1.0,Severe,Severe,Severe,Moderate,Severe
The Darkest Hour,2011.0,4.9,59878.0,"Action, Adventure, Horror",89.0,Film,PG-13,-1.0,None,Moderate,Mild,Mild,Moderate
Sex Drive,2008.0,6.5,86059.0,"Comedy, Romance",109.0,Film,R,-1.0,Severe,Mild,Severe,Moderate,Mild
Wu Assassins,2019.0,6.4,11167.0,"Action, Crime, Drama",44.0,Series,TV-MA,10.0,None,Moderate,Moderate,Mild,Mild
Hellraiser III: Hell on Earth,1992.0,5.5,29195.0,Horror,97.0,Film,R,-1.0,Moderate,Severe,Severe,Moderate,Severe
Teen Titans,1992.0,7.9,29072.0,"Animation, Action, Adventure",30.0,Series,TV-Y7-FV,66.0,None,Mild,None,None,Mild
Broad City,1992.0,8.4,28943.0,Comedy,22.0,Series,TV-14,50.0,Moderate,None,Moderate,Severe,Mild
Disenchanted,2022.0,-1.0,-1.0,"Animation, Adventure, Comedy",-1.0,Film,None,-1.0,No Rate,No Rate,No Rate,No Rate,No Rate
Mike and Dave Need Wedding Dates,2016.0,6.0,86157.0,"Comedy, Romance",98.0,Film,R,-1.0,Moderate,Mild,Severe,Moderate,None
The Hunchback of Notre Dame,1996.0,7.0,148870.0,"Animation, Drama, Family",91.0,Film,G,-1.0,Mild,Moderate,Mild,Mild,Moderate
Enemy at the Gates,2001.0,7.6,252026.0,"Drama, History, War",131.0,Film,R,-1.0,Moderate,Severe,Mild,Mild,Moderate
Accepted,2006.0,6.4,128887.0,Comedy,93.0,Film,PG-13,-1.0,Mild,Mild,Moderate,Mild,None
McMafia,2006.0,7.7,14696.0,"Crime, Drama, Thriller",60.0,Series,TV-14,9.0,Mild,Moderate,Moderate,Mild,Moderate
The Exorcism of Emily Rose,2005.0,6.7,124490.0,"Drama, Horror, Thriller",119.0,Film,PG-13,-1.0,None,Moderate,Mild,Mild,Severe
The Awakening,2011.0,6.5,65122.0,"Horror, Thriller",102.0,Film,R,-1.0,Mild,Moderate,Mild,Mild,Moderate
Clerks,1994.0,7.7,216743.0,Comedy,92.0,Film,R,-1.0,Moderate,Mild,Severe,Moderate,None
Bad Boys II,2003.0,6.6,240418.0,"Action, Comedy, Crime",147.0,Film,R,-1.0,Moderate,Severe,Severe,Moderate,Moderate
The Croods: Family Tree,2003.0,7.3,107.0,"Animation, Short, Adventure",11.0,Series,TV-Y7,6.0,No Rate,No Rate,No Rate,No Rate,No Rate
Black Sunday,1977.0,6.8,7515.0,"Adventure, Crime, Drama",143.0,Film,R,-1.0,None,Severe,Mild,Mild,Moderate
IO,2019.0,4.7,32827.0,"Adventure, Drama, Sci-Fi",96.0,Film,TV-14,-1.0,Mild,None,Mild,None,Mild
Deadpool 3,2019.0,-1.0,-1.0,"Action, Comedy, Sci-Fi",-1.0,Film,None,-1.0,No Rate,No Rate,No Rate,No Rate,No Rate
Rescue Me,2019.0,8.3,25738.0,"Comedy, Drama",60.0,Series,TV-MA,95.0,Severe,Moderate,Severe,Severe,Severe
The Bridge,2019.0,7.6,18528.0,"Crime, Drama, Mystery",43.0,Series,TV-MA,26.0,Mild,Severe,Moderate,Moderate,Moderate
The Bourne Ultimatum,2007.0,8.0,617345.0,"Action, Adventure, Mystery",115.0,Film,PG-13,-1.0,None,Moderate,Mild,Mild,Moderate
Romy and Michele's High School Reunion,1997.0,6.2,44930.0,Comedy,92.0,Film,R,-1.0,Mild,None,Mild,Mild,None
While You Were Sleeping,1995.0,6.7,96463.0,"Comedy, Drama, Romance",103.0,Film,PG,-1.0,Mild,None,Mild,Mild,None
The Newsreader,1995.0,7.6,634.0,Drama,-1.0,Series,None,6.0,No Rate,No Rate,No Rate,No Rate,No Rate
Every Which Way but Loose,1978.0,6.3,26080.0,"Action, Comedy",114.0,Film,PG,-1.0,Moderate,Mild,Moderate,Moderate,Mild
Macbeth,2015.0,6.6,54784.0,"Drama, History, War",113.0,Film,R,-1.0,Mild,Severe,None,Mild,Moderate
Tumbbad,2018.0,8.3,37344.0,"Drama, Fantasy, Horror",104.0,Film,Not Rated,-1.0,Mild,Moderate,Mild,Mild,Moderate
Alone in the Dark,1982.0,6.1,5378.0,"Horror, Thriller",92.0,Film,R,-1.0,Moderate,Moderate,Mild,None,Moderate
Westworld,1973.0,7.0,55319.0,"Action, Sci-Fi, Thriller",88.0,Film,PG,-1.0,Mild,Moderate,Mild,Mild,Moderate
In the Cut,2003.0,5.3,23076.0,"Mystery, Thriller",119.0,Film,R,-1.0,Severe,Severe,Severe,Mild,Severe
Keeping Faith,2003.0,7.1,4636.0,"Drama, Mystery, Thriller",60.0,Series,Not Rated,20.0,No Rate,No Rate,No Rate,No Rate,No Rate
L.A. Law,2003.0,7.0,5264.0,Drama,46.0,Series,TV-PG,171.0,Moderate,No Rate,Moderate,Moderate,No Rate
Escape Plan,2013.0,6.7,235362.0,"Action, Thriller",115.0,Film,R,-1.0,None,Severe,Severe,Mild,Mild
Sleeping with the Enemy,1991.0,6.3,54035.0,"Drama, Thriller",99.0,Film,R,-1.0,Mild,Moderate,Mild,Mild,Moderate
Messiah,2020.0,7.6,40704.0,"Drama, Mystery, Thriller",43.0,Series,TV-MA,10.0,Mild,Mild,Moderate,Mild,Mild
Deep Rising,1998.0,6.1,35602.0,"Action, Adventure, Horror",106.0,Film,R,-1.0,Mild,Severe,Mild,Mild,Moderate
Day of the Dead,1985.0,7.1,66401.0,"Horror, Thriller",101.0,Film,Not Rated,-1.0,None,Severe,Severe,Mild,Severe
Your Place or Mine,1985.0,-1.0,-1.0,"Comedy, Romance",-1.0,Film,None,-1.0,No Rate,No Rate,No Rate,No Rate,No Rate
22 Jump Street,2014.0,7.0,358915.0,"Action, Comedy, Crime",112.0,Film,R,-1.0,Moderate,Moderate,Severe,Moderate,Mild
Doctor Zhivago,1965.0,8.0,72957.0,"Drama, Romance, War",197.0,Film,PG-13,-1.0,Mild,Moderate,Mild,Mild,Moderate
Terror Train,1980.0,5.8,11159.0,"Horror, Mystery, Thriller",97.0,Film,R,-1.0,Moderate,Severe,Moderate,Mild,Moderate
Code 404,1980.0,6.3,1717.0,"Action, Comedy, Crime",25.0,Series,None,13.0,No Rate,No Rate,No Rate,No Rate,No Rate
Extinction,2018.0,5.8,50067.0,"Action, Drama, Sci-Fi",95.0,Film,TV-MA,-1.0,None,Moderate,Mild,None,Moderate
The Last Picture Show,1971.0,8.0,45203.0,"Drama, Romance",118.0,Film,R,-1.0,Moderate,Mild,Mild,Mild,None
Skam,1971.0,8.6,30748.0,"Drama, Romance",30.0,Series,Not Rated,43.0,Moderate,Mild,Mild,Moderate,Mild
The Insider,1999.0,7.8,166344.0,"Biography, Drama, Thriller",157.0,Film,R,-1.0,None,Mild,Moderate,Mild,Mild
Kodachrome,2017.0,6.8,14642.0,Drama,105.0,Film,TV-MA,-1.0,None,None,Moderate,Moderate,None
The Dead Zone,1983.0,7.2,66644.0,"Drama, Horror, Sci-Fi",103.0,Film,R,-1.0,Mild,Moderate,Mild,Mild,Moderate
Tribes of Europa,1983.0,6.8,10729.0,"Action, Adventure, Drama",-1.0,Series,TV-MA,6.0,Moderate,Moderate,Mild,Mild,Moderate
What Lies Beneath,2000.0,6.6,121865.0,"Drama, Horror, Mystery",130.0,Film,PG-13,-1.0,Mild,Moderate,Mild,Mild,Moderate
The Hate U Give,2018.0,7.5,33758.0,"Crime, Drama",133.0,Film,PG-13,-1.0,None,Moderate,Moderate,Mild,Severe
Pale Rider,1985.0,7.3,56565.0,"Drama, Western",115.0,Film,R,-1.0,Mild,Severe,Mild,Mild,Moderate
The Last Black Man in San Francisco,2019.0,7.3,16962.0,Drama,121.0,Film,R,-1.0,Mild,Mild,Severe,Mild,Mild
Distancia de rescate,2021.0,5.1,677.0,"Drama, Horror, Mystery",93.0,Film,R,-1.0,Mild,No Rate,No Rate,No Rate,No Rate
The Wrestler,2008.0,7.9,297304.0,"Drama, Sport",109.0,Film,R,-1.0,Severe,Severe,Moderate,Moderate,Moderate
12 Strong,2018.0,6.6,74061.0,"Action, Drama, History",130.0,Film,R,-1.0,None,Severe,Moderate,Mild,Moderate
Always Be My Maybe,2019.0,6.8,51053.0,"Comedy, Romance",101.0,Film,PG-13,-1.0,Mild,Mild,Moderate,Moderate,None
Magic Mike XXL,2015.0,5.6,54253.0,"Comedy, Drama, Music",115.0,Film,R,-1.0,Moderate,Mild,Severe,Moderate,None
Attack the Block,2011.0,6.7,104078.0,"Action, Adventure, Comedy",88.0,Film,R,-1.0,Mild,Severe,Severe,Severe,Moderate
Kung Fu,2011.0,5.3,2874.0,"Action, Adventure, Drama",-1.0,Series,TV-14,14.0,Mild,Moderate,No Rate,No Rate,No Rate
Inheritance,2020.0,5.5,11263.0,"Drama, Mystery, Thriller",111.0,Film,TV-MA,-1.0,None,Mild,Moderate,Mild,Moderate
Deadly Illusions,2021.0,3.7,11038.0,"Drama, Thriller",114.0,Film,R,-1.0,Moderate,Moderate,Mild,Mild,Moderate
Horrible Bosses 2,2014.0,6.3,164781.0,"Comedy, Crime",108.0,Film,R,-1.0,Moderate,Moderate,Severe,Mild,None
The Fairly OddParents,2014.0,7.2,36564.0,"Animation, Adventure, Comedy",30.0,Series,TV-Y7,159.0,Mild,Mild,Mild,None,Mild
Kara Sevda,2014.0,7.3,7727.0,"Drama, Romance",90.0,Series,TV-14,74.0,Mild,Severe,Moderate,Moderate,Moderate
Yumieui Sepodeul,2014.0,8.9,718.0,"Comedy, Romance",70.0,Series,None,14.0,No Rate,No Rate,No Rate,No Rate,No Rate
The Conversation,1974.0,7.8,106092.0,"Drama, Mystery, Thriller",113.0,Film,PG,-1.0,Mild,Moderate,Mild,Mild,Moderate
Star Trek: The Motion Picture,1979.0,6.4,86322.0,"Adventure, Mystery, Sci-Fi",132.0,Film,G,-1.0,None,Mild,Mild,None,Mild
Funny Games,1997.0,7.6,69536.0,"Crime, Drama, Thriller",108.0,Film,Not Rated,-1.0,Mild,Severe,Mild,Mild,Severe
Jungle,2017.0,6.7,53145.0,"Action, Adventure, Biography",115.0,Film,R,-1.0,Mild,Mild,Moderate,Mild,Moderate
Poltergeist,2015.0,4.9,56692.0,"Horror, Thriller",93.0,Film,PG-13,-1.0,Mild,Mild,Mild,Mild,Moderate
Blair Witch,2016.0,5.0,43679.0,"Horror, Mystery, Thriller",89.0,Film,R,-1.0,None,Moderate,Severe,Mild,Severe
Gwendoline,1984.0,5.3,2858.0,"Action, Adventure, Comedy",105.0,Film,R,-1.0,Moderate,Moderate,Mild,Mild,Mild
Bride Wars,2009.0,5.5,104026.0,"Comedy, Romance",89.0,Film,PG,-1.0,Mild,None,Mild,Mild,None
I Dream of Jeannie,2009.0,7.4,14582.0,"Comedy, Family, Fantasy",30.0,Series,TV-G,139.0,None,None,None,None,None
La Strada,1954.0,8.0,60963.0,Drama,108.0,Film,Not Rated,-1.0,None,Mild,Mild,Moderate,Mild
Beforeigners,1954.0,7.8,7612.0,"Crime, Drama, Sci-Fi",45.0,Series,TV-14,12.0,Moderate,Moderate,No Rate,Moderate,No Rate
How to Train Your Dragon: The Hidden World,2019.0,7.5,115487.0,"Animation, Action, Adventure",104.0,Film,PG,-1.0,None,Mild,None,None,Mild
I Love Lucy,2019.0,8.4,23300.0,"Comedy, Family",30.0,Series,TV-G,181.0,None,None,None,Mild,None
It's a Mad Mad Mad Mad World,1963.0,7.5,39857.0,"Action, Adventure, Comedy",210.0,Film,G,-1.0,None,Mild,None,Mild,None
All the Money in the World,2017.0,6.8,80525.0,"Biography, Crime, Drama",132.0,Film,R,-1.0,Mild,Moderate,Mild,Moderate,Moderate
Klaus,2019.0,8.2,120667.0,"Animation, Adventure, Comedy",96.0,Film,PG,-1.0,None,None,None,None,Mild
Heavy Metal,1981.0,6.7,33533.0,"Animation, Adventure, Fantasy",86.0,Film,R,-1.0,Severe,Severe,Moderate,Moderate,Moderate
The Wrong Missy,2020.0,5.7,36072.0,"Comedy, Romance",90.0,Film,TV-MA,-1.0,Moderate,Mild,Severe,Moderate,Mild
Fences,2016.0,7.2,103351.0,Drama,139.0,Film,PG-13,-1.0,None,Mild,Moderate,Mild,Mild
Warrior Queen,1987.0,3.3,779.0,Drama,79.0,Film,R,-1.0,Moderate,Moderate,None,Mild,Mild
Zombie Strippers!,2008.0,4.1,18110.0,"Comedy, Horror, Sci-Fi",94.0,Film,R,-1.0,Moderate,Severe,Severe,Moderate,Moderate
Year One,2009.0,4.9,95446.0,Comedy,97.0,Film,PG-13,-1.0,Moderate,Moderate,Moderate,Mild,Mild
Little Shop of Horrors,2009.0,-1.0,-1.0,"Comedy, Horror, Musical",-1.0,Film,None,-1.0,No Rate,No Rate,No Rate,No Rate,No Rate
Observe and Report,2009.0,5.8,62197.0,"Comedy, Crime, Drama",86.0,Film,R,-1.0,Severe,Moderate,Severe,Severe,Mild
Taxi,2004.0,4.5,41434.0,"Action, Comedy, Crime",97.0,Film,PG-13,-1.0,Moderate,Moderate,Moderate,Mild,None
Species II,1998.0,4.4,28643.0,"Action, Horror, Sci-Fi",93.0,Film,R,-1.0,Severe,Severe,Moderate,Mild,Severe
Shigatsu wa kimi no uso,1998.0,8.6,22719.0,"Animation, Drama, Music",23.0,Series,TV-PG,23.0,Mild,Mild,Mild,Mild,Moderate
Riviera,1998.0,6.7,7383.0,"Drama, Thriller",60.0,Series,TV-MA,28.0,Moderate,Moderate,Mild,Moderate,Mild
Paddington,2014.0,7.3,105614.0,"Animation, Adventure, Comedy",95.0,Film,PG,-1.0,None,Mild,None,Mild,Mild
The Clovehitch Killer,2018.0,6.6,22808.0,"Crime, Drama, Mystery",109.0,Film,Unrated,-1.0,Moderate,Moderate,Mild,None,Moderate
Kiseijû: Sei no kakuritsu,2018.0,8.3,30877.0,"Animation, Action, Horror",22.0,Series,TV-MA,24.0,Moderate,Severe,Mild,Mild,Severe
Breach,2020.0,3.0,16444.0,"Action, Horror, Sci-Fi",92.0,Film,R,-1.0,Severe,Severe,Severe,Moderate,Moderate
Do lok tin si,1995.0,7.7,33181.0,"Comedy, Crime, Drama",99.0,Film,Not Rated,-1.0,Moderate,Moderate,Mild,Moderate,Mild
Buffalo '66,1998.0,7.5,51663.0,"Comedy, Drama, Romance",110.0,Film,R,-1.0,Mild,Moderate,Moderate,Mild,Moderate
A Room with a View,1985.0,7.3,41885.0,"Drama, Romance",117.0,Film,Not Rated,-1.0,Moderate,Mild,None,Mild,Mild
The Rocketeer,1991.0,6.5,55673.0,"Action, Adventure, Family",108.0,Film,PG,-1.0,None,Mild,Mild,Mild,Mild
Safe Haven,2013.0,6.7,107820.0,"Drama, Romance, Thriller",115.0,Film,PG-13,-1.0,Mild,Mild,Mild,Mild,Moderate
Cool Hand Luke,1967.0,8.1,170487.0,"Crime, Drama",127.0,Film,GP,-1.0,Mild,Mild,Mild,Mild,Moderate
The Terminal Man,1974.0,5.7,2221.0,"Horror, Sci-Fi, Thriller",107.0,Film,PG,-1.0,None,None,None,None,None
This Way Up,1974.0,7.8,4538.0,Comedy,25.0,Series,None,12.0,No Rate,No Rate,No Rate,No Rate,No Rate
The Big Chill,1983.0,7.2,35267.0,"Comedy, Drama",105.0,Film,R,-1.0,Mild,None,Moderate,Moderate,Mild
Curse of Chucky,2013.0,5.6,36923.0,"Adventure, Comedy, Fantasy",97.0,Film,R,-1.0,Mild,Severe,Moderate,Mild,Moderate
RoboCop,2014.0,6.1,221688.0,"Action, Crime, Sci-Fi",117.0,Film,PG-13,-1.0,Mild,Moderate,Moderate,Mild,Moderate
Jack Whitehall: Travels with My Father,2014.0,7.6,4867.0,"Documentary, Comedy",30.0,Series,TV-MA,18.0,Mild,None,Severe,Mild,None
Serenity,2019.0,5.4,39075.0,"Drama, Mystery, Thriller",106.0,Film,R,-1.0,Moderate,Mild,Moderate,Mild,Mild
Come from Away,2021.0,8.8,1571.0,"Comedy, Drama, Musical",106.0,Film,TV-14,-1.0,None,None,Moderate,Mild,None
Neighbors,2014.0,6.3,298106.0,Comedy,97.0,Film,R,-1.0,Severe,Mild,Severe,Severe,None
The Rhythm Section,2020.0,5.4,15846.0,"Action, Drama, Mystery",109.0,Film,R,-1.0,Mild,Moderate,Moderate,Moderate,Moderate
DCI Banks,2020.0,7.6,6723.0,"Crime, Drama, Mystery",45.0,Series,TV-14,32.0,Severe,Moderate,Mild,Moderate,Moderate
The Lone Ranger,2013.0,6.4,227651.0,"Action, Adventure, Western",150.0,Film,PG-13,-1.0,None,Moderate,Mild,Mild,Moderate
Yeoshingangrim,2013.0,8.1,4064.0,"Comedy, Drama, Romance",70.0,Series,TV-Y,16.0,None,Mild,None,Mild,Mild
Speed Racer,2008.0,6.0,71302.0,"Action, Adventure, Comedy",135.0,Film,PG,-1.0,None,Mild,Mild,None,Mild
The Beach Bum,2019.0,5.5,20683.0,Comedy,95.0,Film,R,-1.0,Severe,Mild,Severe,Severe,Mild
American Pie 2,2001.0,6.4,247420.0,Comedy,108.0,Film,R,-1.0,Severe,Mild,Severe,Moderate,None
Agatha Raisin,2001.0,7.3,3744.0,"Comedy, Drama, Mystery",60.0,Series,Not Rated,20.0,Moderate,Moderate,Mild,Mild,Moderate
Battlestar Galactica,2001.0,7.2,14802.0,"Action, Adventure, Sci-Fi",60.0,Series,TV-PG,21.0,No Rate,No Rate,None,No Rate,No Rate
Y: 1883,2001.0,-1.0,-1.0,"Drama, Western",-1.0,Series,None,10.0,No Rate,No Rate,No Rate,No Rate,No Rate
Sesame Street,2001.0,8.1,12941.0,"Animation, Adventure, Comedy",55.0,Series,TV-Y,2257.0,None,None,None,None,Mild
Episodes,2001.0,7.8,34233.0,Comedy,30.0,Series,TV-MA,41.0,Moderate,None,Severe,Mild,No Rate
Above Suspicion,2019.0,5.6,4689.0,"Action, Biography, Crime",104.0,Film,R,-1.0,Mild,Severe,Moderate,Severe,Moderate
Killer Joe,2011.0,6.7,75709.0,"Crime, Drama, Thriller",102.0,Film,Unrated,-1.0,Severe,Severe,Severe,Moderate,Severe
"Legally Blonde 2: Red, White & Blonde",2003.0,4.8,64245.0,Comedy,95.0,Film,PG-13,-1.0,None,None,Mild,None,None
DC League of Super-Pets,2022.0,-1.0,-1.0,"Animation, Action, Adventure",-1.0,Film,None,-1.0,No Rate,No Rate,No Rate,No Rate,No Rate
King Kong,1976.0,5.9,31536.0,"Adventure, Horror",134.0,Film,PG,-1.0,Mild,Moderate,Mild,Mild,Moderate
G.I. Jane,1997.0,6.0,77700.0,"Action, Drama, War",125.0,Film,R,-1.0,Mild,Moderate,Moderate,Mild,Mild
The Fountain,2006.0,7.2,234133.0,"Drama, Mystery, Romance",97.0,Film,PG-13,-1.0,Mild,Moderate,Mild,None,Moderate
Dinner for Schmucks,2010.0,5.9,104056.0,Comedy,114.0,Film,PG-13,-1.0,Moderate,Mild,Moderate,Mild,Mild
Mortal Kombat Legends: Battle of the Realms,2021.0,6.6,4097.0,"Animation, Action, Adventure",80.0,Film,R,-1.0,None,Severe,Moderate,None,Moderate
The Return of the Texas Chainsaw Massacre,1994.0,3.3,21413.0,"Comedy, Horror, Thriller",87.0,Film,R,-1.0,Mild,Mild,Severe,Mild,Moderate
Madeo,2009.0,7.8,58858.0,"Crime, Drama, Mystery",129.0,Film,R,-1.0,Moderate,Moderate,Moderate,Mild,Moderate
Get Shorty,1995.0,6.9,80782.0,"Comedy, Crime, Thriller",105.0,Film,R,-1.0,Mild,Moderate,Severe,Moderate,None
The Flower of Evil,2020.0,8.7,4889.0,"Crime, Mystery, Romance",70.0,Series,None,17.0,No Rate,No Rate,No Rate,No Rate,No Rate
I Am Mother,2019.0,6.7,83654.0,"Drama, Mystery, Sci-Fi",113.0,Film,TV-14,-1.0,None,Moderate,Mild,None,Mild
Den 12. mann,2017.0,7.4,23841.0,"Drama, History, Thriller",135.0,Film,Unrated,-1.0,None,Severe,None,Mild,Severe
Staten Island Summer,2015.0,5.6,6942.0,"Comedy, Drama",108.0,Film,R,-1.0,Mild,Mild,Severe,Severe,None
V/H/S Viral,2014.0,4.2,15950.0,"Horror, Thriller",81.0,Film,R,-1.0,Moderate,Severe,Severe,Moderate,Severe
Little Monsters,1989.0,6.1,12406.0,"Adventure, Comedy, Family",100.0,Film,PG,-1.0,Mild,Moderate,Moderate,Mild,Moderate
Fun Size,2012.0,5.4,14231.0,"Adventure, Comedy",86.0,Film,PG-13,-1.0,Mild,Mild,Mild,Mild,Mild
Bottle Rocket,1996.0,7.0,73454.0,"Comedy, Crime, Drama",91.0,Film,R,-1.0,Mild,Mild,Moderate,Mild,None
Zathura: A Space Adventure,2005.0,6.2,98983.0,"Action, Adventure, Comedy",101.0,Film,PG,-1.0,None,Mild,Mild,None,Moderate
Electric Dreams,2005.0,7.3,15113.0,Sci-Fi,60.0,Series,TV-MA,10.0,Severe,Moderate,Moderate,Mild,Mild
Picture of Beauty,2017.0,3.4,988.0,"Drama, Romance",70.0,Film,None,-1.0,No Rate,No Rate,No Rate,No Rate,No Rate
Hell's Kitchen,2017.0,7.1,19863.0,"Game-Show, Reality-TV",42.0,Series,TV-14,312.0,None,Mild,Severe,Mild,Mild
Escape Room,2017.0,4.2,11494.0,"Horror, Thriller",81.0,Film,R,-1.0,Moderate,Moderate,Moderate,Mild,Moderate
Everybody Hates Chris,2017.0,7.4,35802.0,"Comedy, Drama, Music",22.0,Series,TV-PG,88.0,None,Mild,Mild,Mild,None
Menace II Society,1993.0,7.5,55261.0,"Crime, Drama, Thriller",97.0,Film,R,-1.0,Mild,Severe,Severe,Severe,Severe
Hachi: A Dog's Tale,2009.0,8.1,267501.0,"Biography, Drama, Family",93.0,Film,G,-1.0,None,None,None,None,Mild
L'amant,1992.0,6.9,20291.0,"Biography, Drama, Romance",115.0,Film,R,-1.0,Severe,Mild,Mild,Moderate,Mild
Dalziel and Pascoe,1992.0,7.3,2643.0,"Crime, Mystery, Drama",120.0,Series,TV-14,61.0,No Rate,No Rate,No Rate,No Rate,No Rate
The 13th Warrior,1999.0,6.6,120562.0,"Action, Adventure, History",102.0,Film,R,-1.0,None,Moderate,None,Mild,Moderate
The Man in the Iron Mask,1998.0,6.5,161678.0,"Action, Adventure, Drama",132.0,Film,PG-13,-1.0,Mild,Mild,Mild,None,None
Ai no korîda,1976.0,6.6,19770.0,"Drama, Romance",109.0,Film,X,-1.0,Severe,Severe,Moderate,Mild,Severe
En kongelig affære,2012.0,7.5,46003.0,"Biography, Drama, History",137.0,Film,R,-1.0,Moderate,Mild,Mild,Mild,Mild
Psycho II,1983.0,6.5,26021.0,"Crime, Horror, Mystery",113.0,Film,R,-1.0,Mild,Severe,Mild,Mild,Severe
Dragon Ball: Doragon bôru,1983.0,8.5,52390.0,"Animation, Action, Adventure",24.0,Series,TV-14,153.0,Moderate,Moderate,Mild,Mild,Mild
Stuart Little,1999.0,5.9,130074.0,"Adventure, Comedy, Family",84.0,Film,PG,-1.0,None,Mild,Mild,None,Mild
Rocky III,1982.0,6.8,181885.0,"Drama, Sport",99.0,Film,PG,-1.0,None,Moderate,Mild,Mild,Moderate
Super Troopers,2001.0,7.1,100571.0,"Comedy, Crime, Mystery",100.0,Film,R,-1.0,Moderate,Mild,Severe,Moderate,None
Republic of Doyle,2001.0,7.4,3727.0,"Comedy, Crime, Drama",60.0,Series,TV-14,78.0,Mild,Mild,No Rate,Moderate,No Rate
City of Lies,2018.0,6.5,10515.0,"Biography, Crime, Drama",112.0,Film,R,-1.0,Mild,Moderate,Severe,Moderate,Mild
Team America: World Police,2004.0,7.2,164565.0,"Action, Comedy",98.0,Film,R,-1.0,Severe,Severe,Severe,Mild,Mild
O Menino que Matou Meus Pais,2021.0,6.2,2047.0,"Crime, Drama, Thriller",80.0,Film,None,-1.0,No Rate,No Rate,No Rate,No Rate,No Rate
Gamer,2009.0,5.8,132645.0,"Action, Sci-Fi, Thriller",95.0,Film,R,-1.0,Severe,Severe,Severe,Moderate,Severe
Chronicle,2012.0,7.0,245159.0,"Action, Drama, Sci-Fi",89.0,Film,PG-13,-1.0,Mild,Moderate,Moderate,Mild,Severe
Dark Angel,2012.0,7.4,31796.0,"Action, Drama, Mystery",60.0,Series,TV-14,42.0,No Rate,No Rate,No Rate,No Rate,No Rate
Exorcist: The Beginning,2004.0,5.1,36050.0,"Horror, Mystery, Thriller",114.0,Film,R,-1.0,Mild,Severe,Moderate,Mild,Severe
The Room,2019.0,6.0,18162.0,"Drama, Horror, Mystery",100.0,Film,Not Rated,-1.0,Moderate,Mild,Mild,Mild,Mild
What About Bob?,1991.0,7.0,66024.0,Comedy,99.0,Film,PG,-1.0,None,Mild,Mild,None,None
A Million Little Pieces,2018.0,6.2,2459.0,Drama,113.0,Film,R,-1.0,Severe,Mild,Moderate,Severe,Moderate
Remember Me,2010.0,7.1,142430.0,"Drama, Romance",113.0,Film,PG-13,-1.0,Moderate,Moderate,Moderate,Moderate,Moderate
A Place to Call Home,2010.0,8.3,4851.0,Drama,60.0,Series,Not Rated,67.0,Mild,No Rate,Mild,Moderate,Mild
Leonardo,2010.0,7.2,2137.0,"Biography, Drama, History",52.0,Series,Not Rated,8.0,Mild,None,None,Mild,Mild
Endless Love,2014.0,6.3,42765.0,"Drama, Romance",104.0,Film,PG-13,-1.0,Mild,Moderate,Moderate,Mild,Moderate
Neighbours,2014.0,5.4,5020.0,"Drama, Romance",22.0,Series,TV-G,9059.0,Mild,Mild,Mild,Mild,Mild
Ip Man,2008.0,8.0,217554.0,"Action, Biography, Drama",106.0,Film,R,-1.0,None,Moderate,Mild,Mild,Moderate
The Owners,2020.0,4.9,6762.0,"Comedy, Crime, Horror",92.0,Film,Not Rated,-1.0,Mild,Moderate,Severe,Mild,Moderate
The Three Musketeers,1993.0,6.4,52927.0,"Action, Adventure, Comedy",105.0,Film,PG,-1.0,Mild,Moderate,Mild,Mild,Moderate
Monte Carlo,2011.0,5.8,43176.0,"Adventure, Comedy, Family",109.0,Film,PG,-1.0,None,None,Mild,None,None
eXistenZ,1999.0,6.8,97224.0,"Horror, Sci-Fi, Thriller",97.0,Film,R,-1.0,Mild,Severe,Moderate,None,Moderate
Vortex,2021.0,7.4,238.0,Drama,135.0,Film,None,-1.0,No Rate,No Rate,No Rate,No Rate,No Rate
The Omen,2006.0,5.5,57908.0,"Action, Adventure, Fantasy",110.0,Film,R,-1.0,None,Severe,Moderate,Mild,Severe
Big Shot,2006.0,7.5,3228.0,"Comedy, Drama, Sport",-1.0,Series,TV-PG,11.0,Mild,None,Mild,Mild,None
Assault on Precinct 13,1976.0,7.4,47462.0,"Action, Crime, Thriller",91.0,Film,R,-1.0,None,Severe,Moderate,Mild,Moderate
21 Grams,2003.0,7.6,231052.0,"Crime, Drama, Thriller",124.0,Film,R,-1.0,Moderate,Moderate,Moderate,Moderate,Moderate
Seppuku,1962.0,8.6,49571.0,"Action, Drama, Mystery",133.0,Film,Not Rated,-1.0,None,Severe,None,None,Moderate
The BFG,2016.0,6.4,81820.0,"Adventure, Family, Fantasy",117.0,Film,PG,-1.0,None,Mild,None,None,Mild
Vampire Academy,2014.0,5.5,53376.0,"Action, Comedy, Drama",104.0,Film,PG-13,-1.0,Mild,Moderate,Moderate,Mild,Mild
The Crucible,1996.0,6.8,36646.0,"Drama, History",124.0,Film,PG-13,-1.0,Moderate,Moderate,Mild,None,Moderate
Click,2006.0,6.4,317067.0,"Comedy, Drama, Fantasy",107.0,Film,PG-13,-1.0,Moderate,Mild,Moderate,Mild,Mild
All the President's Men,1976.0,8.0,109805.0,"Biography, Drama, History",138.0,Film,PG,-1.0,None,None,Moderate,Mild,Mild
Boîte noire,2021.0,7.4,995.0,"Drama, Mystery, Thriller",129.0,Film,None,-1.0,No Rate,No Rate,No Rate,No Rate,No Rate
Twins,1988.0,6.1,119219.0,"Comedy, Crime",107.0,Film,PG,-1.0,Mild,Moderate,Moderate,Mild,Mild
The Invisible Man,1933.0,7.7,32876.0,"Horror, Sci-Fi",71.0,Film,Approved,-1.0,None,Mild,None,Mild,Mild
Between Earth and Sky,2018.0,5.8,14870.0,"Crime, Drama, Mystery",97.0,Film,R,-1.0,None,Moderate,Mild,None,Moderate
Lost in Space,1998.0,5.2,70890.0,"Action, Adventure, Family",130.0,Film,PG-13,-1.0,Mild,Mild,Mild,None,Mild
Cheaper by the Dozen,2003.0,5.9,98412.0,"Comedy, Family",98.0,Film,PG,-1.0,Mild,Mild,None,Mild,None
The Magnificent Seven,1960.0,7.7,91598.0,"Action, Adventure, Western",128.0,Film,Approved,-1.0,None,Mild,Mild,Mild,Moderate
Books of Blood,2020.0,5.6,5615.0,"Drama, Horror, Mystery",107.0,Film,TV-MA,-1.0,Mild,Severe,Moderate,Mild,Moderate
Wild Child,2008.0,6.1,53326.0,"Comedy, Drama, Romance",98.0,Film,PG-13,-1.0,Mild,Mild,Moderate,Mild,None
Kung Fury: The Movie,2022.0,-1.0,-1.0,"Action, Comedy, Crime",-1.0,Film,None,-1.0,No Rate,No Rate,No Rate,No Rate,No Rate
Shtisel,2022.0,8.6,6298.0,Drama,45.0,Series,TV-14,33.0,None,None,None,Mild,None
The Net,1995.0,5.9,63902.0,"Action, Crime, Drama",114.0,Film,PG-13,-1.0,Mild,Mild,Moderate,Mild,Moderate
The Bad and the Beautiful,1952.0,7.8,14298.0,"Drama, Romance",118.0,Film,Passed,-1.0,None,None,None,Mild,Mild
Trance,2013.0,6.9,112013.0,"Crime, Drama, Mystery",101.0,Film,R,-1.0,Severe,Severe,Moderate,Mild,Severe
Life Itself,2018.0,6.9,19730.0,"Drama, Romance",117.0,Film,R,-1.0,Mild,Moderate,Severe,Mild,Moderate
Believe Me: The Abduction of Lisa McVey,2018.0,7.2,9254.0,"Biography, Crime, Drama",87.0,Film,TV-14,-1.0,Moderate,Moderate,Mild,Mild,Severe
Bite,2015.0,4.9,4799.0,Horror,88.0,Film,Not Rated,-1.0,Moderate,Severe,Mild,Mild,Severe
Primal,2015.0,8.7,8909.0,"Animation, Action, Adventure",22.0,Series,TV-MA,11.0,None,Severe,None,None,Moderate
Jiok,2015.0,6.8,31.0,"Crime, Drama, Fantasy",150.0,Series,TV-MA,6.0,No Rate,No Rate,No Rate,No Rate,No Rate
The Saint,1997.0,6.2,65804.0,"Action, Adventure, Romance",116.0,Film,PG-13,-1.0,Mild,Mild,Mild,Moderate,Mild
Being John Malkovich,1999.0,7.7,323825.0,"Comedy, Drama, Fantasy",113.0,Film,R,-1.0,Moderate,Mild,Moderate,Mild,Mild
The Host,2013.0,5.9,113055.0,"Action, Adventure, Drama",125.0,Film,PG-13,-1.0,None,None,None,None,None
Tae-yang-eui hoo-ye,2016.0,8.3,12280.0,"Action, Comedy, Drama",60.0,Series,TV-14,19.0,None,Mild,Mild,No Rate,No Rate
The Illusionist,2006.0,7.6,363166.0,"Drama, Fantasy, Mystery",110.0,Film,PG-13,-1.0,Mild,Mild,Mild,Mild,Mild
Adaptation.,2002.0,7.7,186497.0,"Comedy, Drama",115.0,Film,R,-1.0,Moderate,Moderate,Moderate,Moderate,Moderate
A Most Wanted Man,2014.0,6.8,74739.0,"Crime, Drama, Thriller",122.0,Film,R,-1.0,None,Mild,Moderate,Moderate,Moderate
Home Alone 2: Lost in New York,1992.0,6.8,324043.0,"Adventure, Comedy, Crime",120.0,Film,PG,-1.0,None,Moderate,Mild,Mild,Moderate
The Musketeers,1992.0,7.8,21495.0,"Adventure, Drama",55.0,Series,TV-14,30.0,Mild,Moderate,Mild,Mild,Mild
Some Kind of Wonderful,1987.0,7.1,29828.0,"Drama, Romance",95.0,Film,PG-13,-1.0,Mild,None,Mild,Mild,None
Ghosts of Mississippi,1996.0,6.7,10832.0,"Drama, History",130.0,Film,PG-13,-1.0,None,Moderate,Moderate,Mild,Mild
All Rise,1996.0,6.7,3906.0,Drama,44.0,Series,TV-PG,58.0,Severe,Severe,Severe,Severe,Severe
Solace,2015.0,6.4,59436.0,"Crime, Drama, Mystery",101.0,Film,R,-1.0,Moderate,Moderate,Mild,Mild,Moderate
Cocoon,1985.0,6.7,60414.0,"Comedy, Drama, Sci-Fi",117.0,Film,PG-13,-1.0,Mild,Mild,Mild,Mild,Mild
The Venture Bros.,1985.0,8.5,24671.0,"Animation, Action, Adventure",22.0,Series,TV-MA,86.0,Moderate,Moderate,Moderate,Moderate,Mild
"Double, Double Toil and Trouble",1993.0,5.9,3417.0,"Adventure, Comedy, Family",96.0,Film,TV-Y7,-1.0,None,Mild,None,None,Mild
The Watch,1993.0,5.3,4911.0,"Comedy, Crime, Drama",-1.0,Series,TV-14,8.0,Mild,No Rate,No Rate,No Rate,No Rate
August: Osage County,2013.0,7.2,87614.0,"Comedy, Drama",121.0,Film,R,-1.0,Mild,Mild,Severe,Moderate,Mild
Romaenseuneun Byulchaekboorok,2019.0,8.1,4036.0,Romance,62.0,Series,None,16.0,No Rate,No Rate,No Rate,No Rate,No Rate
Love Advent,2019.0,4.1,145.0,Action,2.0,Series,None,110.0,No Rate,No Rate,No Rate,No Rate,No Rate
The Client,1994.0,6.8,63669.0,"Crime, Drama, Mystery",119.0,Film,PG-13,-1.0,None,Mild,Moderate,Moderate,Moderate
Glory,1989.0,7.8,130083.0,"Biography, Drama, History",122.0,Film,R,-1.0,None,Severe,Moderate,Mild,Severe
SGU Stargate Universe,1989.0,7.6,48992.0,"Drama, Sci-Fi",43.0,Series,Not Rated,40.0,Mild,Mild,Mild,Mild,Mild
Polytechnique,2009.0,7.2,15125.0,"Crime, Drama, History",77.0,Film,Not Rated,-1.0,None,Severe,Mild,Mild,Severe
Haute tension,2003.0,6.8,70045.0,Horror,91.0,Film,R,-1.0,Moderate,Severe,Moderate,Mild,Severe
Insurgent,2015.0,6.2,226861.0,"Action, Adventure, Sci-Fi",119.0,Film,PG-13,-1.0,Mild,Moderate,Mild,None,Moderate
Bojwagwan,2015.0,7.9,397.0,Drama,60.0,Series,None,20.0,No Rate,No Rate,No Rate,No Rate,No Rate
The Spirit,2008.0,4.8,60537.0,"Action, Crime, Fantasy",103.0,Film,PG-13,-1.0,Mild,Severe,Moderate,Moderate,Severe
Krull,1983.0,6.1,31840.0,"Action, Adventure, Fantasy",116.0,Film,PG,-1.0,None,Mild,None,None,Moderate
The Apartment,1960.0,8.3,172677.0,"Comedy, Drama, Romance",125.0,Film,Approved,-1.0,Mild,Mild,None,Mild,Mild
The Six Million Dollar Man,1960.0,7.1,10364.0,"Action, Crime, Drama",60.0,Series,TV-PG,99.0,No Rate,No Rate,No Rate,No Rate,No Rate
The Island of Dr. Moreau,1996.0,4.6,32645.0,"Horror, Sci-Fi, Thriller",96.0,Film,PG-13,-1.0,Mild,Severe,Mild,Mild,Moderate
Royal Pains,1996.0,7.1,20332.0,"Comedy, Drama",42.0,Series,TV-PG,104.0,Mild,Mild,None,Mild,Moderate
Constantine,1996.0,7.5,51142.0,"Crime, Drama, Fantasy",43.0,Series,TV-14,13.0,Mild,Moderate,Mild,Moderate,Moderate
Stripes,1981.0,6.9,69283.0,"Comedy, War",106.0,Film,R,-1.0,Moderate,Mild,Moderate,Mild,None
Anon,2018.0,6.1,41062.0,"Crime, Sci-Fi, Thriller",100.0,Film,TV-MA,-1.0,Severe,Moderate,Moderate,Moderate,Moderate
The Lorax,2012.0,6.4,104931.0,"Animation, Adventure, Comedy",86.0,Film,PG,-1.0,None,Mild,None,None,Mild
The Report,2019.0,7.2,38746.0,"Biography, Crime, Drama",119.0,Film,R,-1.0,Mild,Severe,Moderate,None,Moderate
True History of the Kelly Gang,2019.0,6.0,9824.0,"Biography, Crime, Drama",124.0,Film,R,-1.0,Moderate,Severe,Severe,Mild,Severe
Movin' with Nancy,1967.0,7.5,231.0,Music,60.0,Film,None,-1.0,No Rate,No Rate,No Rate,No Rate,No Rate
Hard Candy,2005.0,7.1,157776.0,"Drama, Thriller",104.0,Film,R,-1.0,Moderate,Moderate,Moderate,Mild,Severe
Spontaneous,2020.0,6.5,10096.0,"Comedy, Horror, Romance",101.0,Film,None,-1.0,No Rate,No Rate,No Rate,No Rate,No Rate
A Star Is Born,1976.0,6.1,10918.0,"Drama, Music, Romance",139.0,Film,R,-1.0,Mild,None,Moderate,Moderate,None
The White House Plumbers,1976.0,-1.0,-1.0,"Biography, Drama, History",-1.0,Series,None,5.0,No Rate,No Rate,No Rate,No Rate,No Rate
The Bourne Supremacy,2004.0,7.7,447254.0,"Action, Mystery, Thriller",108.0,Film,PG-13,-1.0,Mild,Moderate,Moderate,Mild,Moderate
The Thomas Crown Affair,1999.0,6.9,90049.0,"Crime, Romance, Thriller",113.0,Film,R,-1.0,Moderate,None,Mild,Mild,None
No Escape,2015.0,6.8,82893.0,"Action, Thriller",103.0,Film,R,-1.0,None,Severe,Moderate,Mild,Severe
Highlander,2015.0,7.2,15051.0,"Action, Adventure, Fantasy",60.0,Series,TV-14,119.0,Mild,Moderate,Mild,Mild,Moderate
Grown-ish,2015.0,6.3,4842.0,"Comedy, Drama",22.0,Series,TV-14,60.0,Moderate,None,Moderate,Moderate,None
Paterson,2016.0,7.4,76293.0,"Comedy, Drama, Romance",118.0,Film,R,-1.0,None,None,Mild,Mild,None
The Heat,2013.0,6.6,166846.0,"Action, Comedy, Crime",117.0,Film,R,-1.0,Mild,Moderate,Severe,Moderate,Moderate
Escape from L.A.,1996.0,5.7,72505.0,"Action, Adventure, Sci-Fi",101.0,Film,R,-1.0,Mild,Moderate,Moderate,Mild,Moderate
The Obscure Life of the Grand Duke of Corsica,2021.0,4.8,170.0,"Comedy, Drama",93.0,Film,None,-1.0,No Rate,No Rate,No Rate,No Rate,No Rate
The Words,2012.0,7.0,76551.0,"Drama, Mystery, Romance",102.0,Film,PG-13,-1.0,Mild,Mild,Mild,Mild,None
Spy Kids 2: Island of Lost Dreams,2002.0,5.2,64885.0,"Action, Adventure, Comedy",100.0,Film,PG,-1.0,None,Mild,Mild,Mild,Mild
Muhtesem Yüzyil,2002.0,6.7,16131.0,"Biography, Drama, History",90.0,Series,None,219.0,No Rate,No Rate,No Rate,No Rate,No Rate
Serpico,1973.0,7.7,117127.0,"Biography, Crime, Drama",130.0,Film,R,-1.0,Moderate,Moderate,Severe,Moderate,Moderate
Out of the Furnace,2013.0,6.8,111654.0,"Action, Crime, Drama",116.0,Film,R,-1.0,None,Severe,Severe,Severe,Severe
Call Me Kat,2013.0,5.1,4552.0,Comedy,21.0,Series,TV-PG,14.0,Mild,None,None,Mild,None
Doom,2005.0,5.2,110995.0,"Action, Horror, Sci-Fi",105.0,Film,R,-1.0,Mild,Severe,Severe,Mild,Moderate
Songwriter,1984.0,6.3,704.0,"Drama, Music",94.0,Film,R,-1.0,Mild,Mild,Mild,Moderate,None
The Lair of the White Worm,1988.0,5.9,12054.0,"Comedy, Horror",93.0,Film,R,-1.0,Moderate,Moderate,Moderate,Mild,Moderate
Blue Lagoon: The Awakening,2012.0,5.5,14299.0,"Drama, Romance",85.0,Film,TV-14,-1.0,Mild,Mild,Mild,None,Mild
Dug Days,2012.0,8.3,2275.0,"Animation, Short, Adventure",-1.0,Series,TV-G,5.0,No Rate,Mild,No Rate,No Rate,No Rate
Up the Junction,1968.0,6.9,861.0,Drama,119.0,Film,R,-1.0,No Rate,No Rate,No Rate,Mild,Mild
Unfriended,2014.0,5.5,72549.0,"Horror, Mystery, Thriller",83.0,Film,R,-1.0,Moderate,Severe,Severe,Moderate,Severe
À bout de souffle,1960.0,7.8,77529.0,"Crime, Drama",90.0,Film,Not Rated,-1.0,Mild,Mild,Moderate,Moderate,None
The Split,1960.0,7.7,4566.0,Drama,60.0,Series,TV-MA,17.0,No Rate,No Rate,No Rate,No Rate,No Rate
Penguin Bloom,2020.0,6.8,8403.0,Drama,95.0,Film,TV-14,-1.0,None,Mild,None,None,Moderate
Jeune et jolie,2013.0,6.7,33851.0,"Drama, Romance",95.0,Film,Not Rated,-1.0,Severe,Mild,Mild,Mild,Mild
You Don't Mess with the Zohan,2008.0,5.5,196120.0,Comedy,113.0,Film,PG-13,-1.0,Moderate,Mild,Moderate,Mild,None
Mieruko-chan,2008.0,7.4,132.0,"Animation, Comedy, Fantasy",24.0,Series,PG-13,12.0,No Rate,No Rate,No Rate,No Rate,No Rate
The Fugitive,2008.0,8.1,3696.0,"Adventure, Crime, Drama",51.0,Series,None,120.0,No Rate,No Rate,No Rate,No Rate,No Rate
The Human Centipede III (Final Sequence),2015.0,2.7,15932.0,"Comedy, Horror",102.0,Film,Not Rated,-1.0,Severe,Severe,Severe,Moderate,Severe
The Survivor,2021.0,7.4,53.0,"Biography, Drama",129.0,Film,None,-1.0,No Rate,No Rate,No Rate,No Rate,No Rate
Dream Horse,2020.0,6.9,2633.0,"Biography, Comedy, Drama",113.0,Film,PG,-1.0,None,Mild,Mild,Moderate,Mild
Ted 2,2015.0,6.3,195412.0,Comedy,115.0,Film,R,-1.0,Moderate,Mild,Severe,Severe,Mild
Pan,2015.0,5.7,62426.0,"Adventure, Comedy, Family",111.0,Film,PG,-1.0,None,Mild,Mild,None,Moderate
Rat Race,2001.0,6.4,112517.0,"Action, Adventure, Comedy",112.0,Film,PG-13,-1.0,Mild,Mild,Moderate,Mild,None
Waiting for the Barbarians,2019.0,5.9,9456.0,Drama,112.0,Film,None,-1.0,No Rate,No Rate,No Rate,No Rate,No Rate
The Little Hours,2017.0,5.8,21713.0,"Comedy, Romance",90.0,Film,R,-1.0,Moderate,Mild,Severe,Mild,Mild
"Auf Wiedersehen, Pet",2017.0,8.4,3229.0,"Comedy, Drama",60.0,Series,None,40.0,No Rate,No Rate,No Rate,No Rate,No Rate
Blast from the Past,1999.0,6.6,62518.0,"Comedy, Drama, Romance",112.0,Film,PG-13,-1.0,Mild,None,Mild,Mild,Mild
Liar Game,1999.0,8.0,1856.0,Drama,36.0,Series,None,21.0,No Rate,No Rate,No Rate,No Rate,No Rate
The Pact,1999.0,6.8,2219.0,Thriller,60.0,Series,None,6.0,No Rate,No Rate,No Rate,No Rate,No Rate
The Hours,2002.0,7.5,128263.0,"Drama, Romance",110.0,Film,PG-13,-1.0,None,None,Mild,Mild,Moderate
The Woman in Black,2012.0,6.4,178555.0,"Drama, Fantasy, Horror",95.0,Film,PG-13,-1.0,None,Moderate,Mild,Mild,Severe
Erkenci Kus,2012.0,7.4,6471.0,"Comedy, Romance",120.0,Series,None,51.0,No Rate,No Rate,No Rate,No Rate,No Rate
The Black Book,2021.0,3.3,69.0,Horror,75.0,Film,None,-1.0,No Rate,No Rate,No Rate,No Rate,No Rate
The House Bunny,2008.0,5.5,81811.0,"Comedy, Romance",97.0,Film,PG-13,-1.0,Mild,None,Mild,Mild,None
Intelligence,2008.0,6.2,3221.0,Comedy,-1.0,Series,TV-MA,12.0,Mild,No Rate,Moderate,No Rate,No Rate
UFO,2008.0,7.9,3204.0,"Action, Sci-Fi",45.0,Series,TV-PG,26.0,Mild,Mild,Mild,Moderate,Moderate
Trial by Fire,2018.0,7.1,8688.0,"Biography, Drama",127.0,Film,R,-1.0,Mild,Moderate,Severe,Mild,Moderate
Swordfish,2001.0,6.5,181964.0,"Action, Crime, Thriller",99.0,Film,R,-1.0,Moderate,Moderate,Severe,Moderate,Moderate
The Endless,2017.0,6.5,38549.0,"Drama, Fantasy, Horror",111.0,Film,Not Rated,-1.0,None,Mild,Severe,Mild,Moderate
The Other Woman,2014.0,6.0,135373.0,"Comedy, Romance",109.0,Film,PG-13,-1.0,Mild,Mild,Moderate,Moderate,None
The Night Shift,2014.0,7.4,11660.0,"Drama, Romance",42.0,Series,TV-14,45.0,Mild,Severe,Mild,Mild,Moderate
Grizzly II: The Predator,2020.0,3.2,817.0,"Horror, Music, Thriller",74.0,Film,Not Rated,-1.0,No Rate,Severe,Moderate,No Rate,No Rate
Deception,2018.0,7.5,8745.0,"Crime, Drama, Mystery",41.0,Series,TV-PG,13.0,None,Moderate,Mild,Mild,Mild
Leave No Trace,2018.0,7.2,55534.0,"Adventure, Drama",109.0,Film,PG,-1.0,None,Mild,None,Mild,Mild
WolfWalkers,2020.0,8.1,25963.0,"Animation, Adventure, Family",103.0,Film,PG,-1.0,None,Mild,None,None,Mild
The Machine,2020.0,-1.0,-1.0,"Action, Comedy",-1.0,Film,None,-1.0,No Rate,No Rate,No Rate,No Rate,No Rate
Platinum End,2020.0,8.3,200.0,"Animation, Action, Drama",-1.0,Series,None,4.0,No Rate,No Rate,No Rate,No Rate,No Rate
The Suite Life of Zack & Cody,2020.0,6.6,34598.0,"Comedy, Family",30.0,Series,TV-G,87.0,None,None,None,None,Mild
Ying xiong,2002.0,7.9,177804.0,"Action, Adventure, History",120.0,Film,PG-13,-1.0,Mild,Moderate,None,None,Mild
Once Bitten,1985.0,5.5,14195.0,"Comedy, Drama, Fantasy",94.0,Film,PG-13,-1.0,Mild,Mild,Mild,Moderate,Mild
The Nest,2020.0,6.3,10278.0,"Drama, Romance",107.0,Film,R,-1.0,Moderate,Mild,Moderate,Moderate,None
Miss Fisher's Murder Mysteries,2020.0,8.3,14823.0,"Crime, Drama, Mystery",60.0,Series,TV-PG,34.0,Mild,Mild,Mild,Mild,Mild
Shaft,2019.0,6.4,49598.0,"Action, Comedy, Crime",111.0,Film,R,-1.0,Moderate,Moderate,Severe,Moderate,Mild
"Hail, Caesar!",2016.0,6.3,129030.0,"Comedy, Drama, Music",106.0,Film,PG-13,-1.0,None,Mild,Mild,Mild,None
The Exorcist,2023.0,-1.0,-1.0,Horror,121.0,Film,None,-1.0,No Rate,No Rate,No Rate,No Rate,No Rate
Jonathan Creek,2023.0,8.1,7069.0,"Comedy, Crime, Drama",60.0,Series,TV-MA,32.0,Moderate,Moderate,Moderate,No Rate,Mild
"Me, Myself & Irene",2000.0,6.6,230337.0,Comedy,116.0,Film,R,-1.0,Moderate,Moderate,Severe,Mild,Mild
A River Runs Through It,1992.0,7.2,56009.0,Drama,123.0,Film,PG,-1.0,Mild,Mild,Mild,Mild,Mild
Villains,2019.0,6.2,11567.0,"Comedy, Drama, Horror",90.0,Film,R,-1.0,Mild,Moderate,Severe,Moderate,Moderate
Foxcatcher,2014.0,7.0,138695.0,"Biography, Drama, History",134.0,Film,R,-1.0,Mild,Moderate,Mild,Moderate,Moderate
Flatliners,2017.0,5.2,45051.0,"Drama, Horror, Mystery",109.0,Film,PG-13,-1.0,Mild,Moderate,Mild,Mild,Moderate
Drake & Josh,2017.0,7.7,37566.0,"Comedy, Family",23.0,Series,TV-Y7,57.0,None,Mild,None,None,None
Glengarry Glen Ross,1992.0,7.7,101084.0,"Crime, Drama, Mystery",100.0,Film,R,-1.0,None,None,Severe,Mild,None
Becky,2020.0,5.9,14816.0,"Action, Crime, Drama",93.0,Film,R,-1.0,None,Severe,Moderate,None,Moderate
Adrift,2018.0,6.6,52099.0,"Action, Adventure, Biography",96.0,Film,PG-13,-1.0,Mild,Mild,Mild,Mild,Moderate
Destroyer,2018.0,6.2,27709.0,"Action, Crime, Drama",121.0,Film,R,-1.0,Moderate,Moderate,Severe,Moderate,Moderate
Chappelle's Show,2018.0,8.7,59031.0,"Comedy, Music",22.0,Series,TV-MA,33.0,Moderate,Mild,Severe,Moderate,None
In the Shadow of the Moon,2019.0,6.2,46340.0,"Crime, Mystery, Sci-Fi",115.0,Film,TV-MA,-1.0,Mild,Moderate,Moderate,Mild,Mild
Real World/Road Rules Challenge,2019.0,7.7,2924.0,"Adventure, Game-Show, Reality-TV",30.0,Series,TV-14,576.0,Severe,Mild,Severe,Moderate,Mild
Alter Ego,2019.0,3.3,163.0,Reality-TV,-1.0,Series,TV-PG,4.0,No Rate,No Rate,No Rate,No Rate,No Rate
Cinderella Man,2005.0,8.0,181770.0,"Biography, Drama, History",144.0,Film,PG-13,-1.0,None,Moderate,Moderate,Mild,Moderate
Asteroid City,2022.0,-1.0,-1.0,"Comedy, Romance",-1.0,Film,None,-1.0,No Rate,No Rate,No Rate,No Rate,No Rate
Alone,2022.0,8.4,4175.0,"Documentary, Reality-TV",44.0,Series,TV-14,92.0,None,Moderate,Mild,No Rate,No Rate
Undone,2022.0,8.2,16148.0,"Animation, Drama, Fantasy",23.0,Series,TV-MA,9.0,Mild,Moderate,Moderate,Mild,Moderate
Project Blue Book,2022.0,7.7,11908.0,"Drama, Mystery, Sci-Fi",45.0,Series,TV-14,20.0,Mild,Moderate,Mild,Mild,Moderate
Starsky and Hutch,2022.0,7.0,8618.0,"Action, Crime, Drama",60.0,Series,None,92.0,No Rate,No Rate,No Rate,No Rate,No Rate
Tales of the Unexpected,2022.0,7.7,1873.0,"Comedy, Drama, Horror",25.0,Series,None,112.0,No Rate,No Rate,No Rate,No Rate,No Rate
Sputnik,2020.0,6.4,21193.0,"Drama, Horror, Mystery",113.0,Film,Not Rated,-1.0,Mild,Severe,None,None,Moderate
Tea and Sympathy,1956.0,7.3,2576.0,Drama,122.0,Film,Approved,-1.0,No Rate,No Rate,No Rate,No Rate,No Rate
Diet of Sex,2014.0,4.6,1911.0,"Comedy, Drama, Romance",72.0,Film,None,-1.0,No Rate,No Rate,No Rate,No Rate,No Rate
Dark Skies,2013.0,6.3,73503.0,"Horror, Sci-Fi, Thriller",97.0,Film,PG-13,-1.0,Mild,Moderate,Mild,Mild,Severe
Argylle,2022.0,-1.0,-1.0,Action,-1.0,Film,None,-1.0,No Rate,No Rate,No Rate,No Rate,No Rate
Bloody Hell,2020.0,6.6,4760.0,"Action, Comedy, Horror",93.0,Film,R,-1.0,None,Moderate,Severe,Mild,Moderate
Cat People,1982.0,6.2,20284.0,"Fantasy, Horror, Thriller",118.0,Film,R,-1.0,Moderate,Moderate,Mild,None,Moderate
The Purge: Election Year,2016.0,6.0,95721.0,"Action, Horror, Sci-Fi",108.0,Film,R,-1.0,Mild,Severe,Severe,Mild,Severe
Despicable Me 3,2017.0,6.3,122713.0,"Animation, Adventure, Comedy",89.0,Film,PG,-1.0,Mild,Mild,Mild,None,Mild
Nurse 3-D,2013.0,4.5,10200.0,"Horror, Thriller",84.0,Film,R,-1.0,Moderate,Severe,Moderate,Mild,Severe
Mou gaan dou,2002.0,8.0,121532.0,"Action, Crime, Drama",101.0,Film,R,-1.0,None,Moderate,Mild,Moderate,Moderate
The Break-Up,2006.0,5.8,129197.0,"Comedy, Drama, Romance",106.0,Film,PG-13,-1.0,Mild,Mild,Moderate,Mild,None
The Mighty Ducks: Game Changers,2006.0,7.5,4049.0,"Comedy, Drama, Sport",-1.0,Series,TV-PG,11.0,None,None,Mild,Mild,None
Bugsy Malone,1976.0,6.8,17228.0,"Comedy, Crime, Family",93.0,Film,G,-1.0,None,None,None,Mild,None
Cyst,2020.0,4.5,272.0,"Comedy, Horror, Sci-Fi",69.0,Film,None,-1.0,No Rate,No Rate,No Rate,No Rate,No Rate
To the Lake,2019.0,7.3,11279.0,"Drama, Sci-Fi, Thriller",-1.0,Series,TV-MA,9.0,Moderate,Severe,Moderate,Moderate,Moderate
Touched by an Angel,2019.0,6.0,6766.0,"Drama, Family, Fantasy",60.0,Series,TV-G,211.0,None,Mild,Mild,Mild,Mild
Durante la tormenta,2018.0,7.4,49608.0,"Drama, Fantasy, Mystery",128.0,Film,TV-MA,-1.0,Mild,Mild,Mild,Mild,Mild
High Noon,1952.0,8.0,101009.0,"Drama, Thriller, Western",85.0,Film,PG,-1.0,None,Mild,None,Mild,Mild
Joey,1952.0,6.0,42116.0,"Comedy, Romance",22.0,Series,TV-14,46.0,Mild,None,Mild,Mild,None
The Benchwarmers,2006.0,5.5,49754.0,"Comedy, Sport",85.0,Film,PG-13,-1.0,Mild,Mild,Mild,Mild,None
The Other Boleyn Girl,2008.0,6.7,108576.0,"Biography, Drama, History",115.0,Film,PG-13,-1.0,Moderate,Moderate,Mild,Mild,Moderate
Penteuhauseu,2008.0,8.1,1847.0,"Crime, Drama, Mystery",70.0,Series,None,52.0,No Rate,No Rate,No Rate,No Rate,No Rate
Green Acres,2008.0,7.2,6297.0,"Comedy, Family",30.0,Series,TV-G,170.0,No Rate,No Rate,No Rate,No Rate,No Rate
Dreamland,2019.0,5.8,4782.0,"Drama, Thriller",98.0,Film,R,-1.0,Moderate,Mild,Moderate,None,Mild
The Golden Child,1986.0,6.0,54371.0,"Action, Adventure, Comedy",94.0,Film,PG-13,-1.0,Mild,Moderate,Mild,Mild,Mild
It Had to Be You,2000.0,5.7,1884.0,"Comedy, Romance",96.0,Film,PG,-1.0,No Rate,No Rate,No Rate,No Rate,No Rate
Secondhand Lions,2003.0,7.5,55894.0,"Comedy, Drama, Family",111.0,Film,PG,-1.0,Mild,Mild,Mild,Mild,Mild
Firebird,2021.0,7.8,2855.0,"Drama, Romance",107.0,Film,None,-1.0,No Rate,No Rate,No Rate,No Rate,No Rate
The Dragon Prince,2021.0,8.4,19443.0,"Animation, Adventure, Drama",26.0,Series,TV-Y7,27.0,None,Mild,None,None,Mild
Allegiant,2016.0,5.7,115284.0,"Action, Adventure, Mystery",120.0,Film,PG-13,-1.0,Mild,Mild,Mild,None,Mild
Cam,2018.0,5.9,29553.0,"Drama, Horror, Mystery",94.0,Film,TV-MA,-1.0,Severe,Moderate,Moderate,Mild,Moderate
Rush Hour 3,2007.0,6.2,160113.0,"Action, Comedy, Crime",91.0,Film,PG-13,-1.0,Moderate,Moderate,Moderate,Mild,Moderate
Patriot Games,1992.0,6.9,107865.0,"Action, Thriller",117.0,Film,R,-1.0,Mild,Moderate,Moderate,Mild,Moderate
Point Break,2015.0,5.3,60698.0,"Action, Adventure, Crime",114.0,Film,PG-13,-1.0,Mild,Moderate,Moderate,Mild,Moderate
Water,1985.0,6.1,2362.0,"Adventure, Comedy, Drama",115.0,Film,PG-13,-1.0,Moderate,Mild,Moderate,Mild,Mild
Animal Kingdom,2010.0,7.3,56420.0,"Crime, Drama",113.0,Film,R,-1.0,None,Moderate,Severe,Severe,Moderate
The Taking,2014.0,6.0,29133.0,"Horror, Mystery, Thriller",90.0,Film,R,-1.0,Mild,Moderate,Moderate,Mild,Severe
The Bad Guys,2022.0,-1.0,-1.0,"Animation, Adventure, Comedy",-1.0,Film,None,-1.0,No Rate,No Rate,No Rate,No Rate,No Rate
Judge Dredd,1995.0,5.6,114448.0,"Action, Crime, Sci-Fi",96.0,Film,R,-1.0,None,Severe,Mild,Mild,Moderate
Sin-gwa ham-kke: Jwi-wa beol,2017.0,7.3,13707.0,"Action, Drama, Fantasy",139.0,Film,Not Rated,-1.0,None,Moderate,Moderate,Mild,Moderate
Bull Durham,1988.0,7.1,51638.0,"Comedy, Romance, Sport",108.0,Film,R,-1.0,Moderate,Mild,Severe,Mild,None
Blue's Clues,1988.0,6.9,5420.0,"Animation, Comedy, Family",25.0,Series,TV-Y,176.0,None,None,None,None,None
Dharma & Greg,1988.0,6.3,29509.0,"Comedy, Romance",30.0,Series,TV-PG,119.0,Mild,Mild,Mild,Mild,None
Ophelia,2018.0,6.6,9539.0,"Drama, Romance, Thriller",114.0,Film,PG-13,-1.0,Mild,Mild,None,None,Mild
Lars and the Real Girl,2007.0,7.3,142000.0,"Comedy, Drama, Romance",106.0,Film,PG-13,-1.0,Mild,None,Mild,Mild,None
The Skeleton Key,2005.0,6.5,110280.0,"Drama, Horror, Mystery",104.0,Film,PG-13,-1.0,Mild,Moderate,Mild,Mild,Moderate
The Perfection,2018.0,6.2,39662.0,"Drama, Horror, Music",90.0,Film,TV-MA,-1.0,Moderate,Severe,Severe,Moderate,Severe
I Dream Too Much,1935.0,5.4,563.0,"Comedy, Romance, Musical",97.0,Film,Passed,-1.0,Mild,Mild,None,Mild,None
Frances Ha,2012.0,7.5,79230.0,"Comedy, Drama, Romance",86.0,Film,R,-1.0,Mild,None,Moderate,Mild,None
Sin nombre,2009.0,7.6,32071.0,"Adventure, Crime, Drama",96.0,Film,R,-1.0,Moderate,Severe,Moderate,Moderate,Moderate
Seulgirowun Gamppangsaenghwal,2009.0,8.4,2524.0,"Comedy, Drama",90.0,Series,None,16.0,No Rate,No Rate,No Rate,No Rate,No Rate
Boys Don't Cry,1999.0,7.5,95199.0,"Biography, Crime, Drama",118.0,Film,R,-1.0,Severe,Severe,Severe,Moderate,Severe
Between Two Ferns: The Movie,2019.0,6.1,29180.0,Comedy,82.0,Film,TV-MA,-1.0,Mild,Mild,Moderate,Mild,None
Joe Dirt,2001.0,6.0,54504.0,"Adventure, Comedy, Drama",91.0,Film,PG-13,-1.0,Moderate,Mild,Moderate,Mild,Mild
Now and Then,1995.0,6.8,28474.0,"Comedy, Drama, Romance",100.0,Film,PG-13,-1.0,Mild,Mild,Mild,Mild,Mild
The Transporter,2002.0,6.8,293541.0,"Action, Crime, Thriller",92.0,Film,PG-13,-1.0,Mild,Moderate,Moderate,Mild,Moderate
The Wolf of Snow Hollow,2020.0,6.2,15505.0,"Comedy, Horror, Mystery",83.0,Film,R,-1.0,Mild,Severe,Severe,Moderate,Moderate
Taeksi woonjunsa,2017.0,7.9,20311.0,"Action, Drama, History",137.0,Film,Not Rated,-1.0,None,Moderate,Mild,Mild,Moderate
Outside the Wire,2021.0,5.4,38983.0,"Action, Adventure, Fantasy",114.0,Film,R,-1.0,None,Moderate,Severe,Mild,Moderate
Ran,1985.0,8.2,119814.0,"Action, Drama, War",162.0,Film,R,-1.0,None,Severe,Mild,None,Moderate
Disaster Movie,2008.0,1.9,89557.0,"Comedy, Sci-Fi",87.0,Film,PG-13,-1.0,Moderate,Severe,Severe,Severe,Severe
Surge,2020.0,6.2,1354.0,Thriller,105.0,Film,None,-1.0,No Rate,No Rate,No Rate,No Rate,No Rate
Hot Shots!,1991.0,6.8,103840.0,"Action, Comedy",84.0,Film,PG-13,-1.0,Mild,Mild,Moderate,Mild,None
Waterloo Road,1991.0,7.2,3003.0,"Drama, Romance",53.0,Series,TV-14,201.0,Mild,Mild,Mild,Moderate,Moderate
Greek,1991.0,7.5,24014.0,"Comedy, Drama, Family",60.0,Series,TV-14,74.0,No Rate,No Rate,No Rate,No Rate,No Rate
Trolls,2016.0,6.5,76495.0,"Animation, Adventure, Comedy",92.0,Film,PG,-1.0,None,None,Mild,None,Mild
Der Name der Rose,1986.0,7.7,105392.0,"Crime, Drama, Mystery",130.0,Film,R,-1.0,Moderate,Moderate,Mild,None,Moderate
Short Circuit,1986.0,6.7,59570.0,"Comedy, Family, Sci-Fi",98.0,Film,PG,-1.0,Mild,Mild,Moderate,Mild,Mild
The Proposition,2005.0,7.3,51575.0,"Crime, Drama, Western",104.0,Film,R,-1.0,Mild,Severe,Severe,Mild,Severe
Doomsday,2008.0,5.9,75410.0,"Action, Sci-Fi, Thriller",113.0,Film,R,-1.0,Mild,Severe,Severe,Mild,Moderate
Song to Song,2017.0,5.7,20192.0,"Drama, Music, Romance",129.0,Film,R,-1.0,Moderate,Mild,Moderate,Moderate,None
Dragged Across Concrete,2018.0,6.9,42145.0,"Action, Crime, Drama",158.0,Film,R,-1.0,Moderate,Severe,Moderate,Mild,Severe
Get Smart,2008.0,6.5,210717.0,"Action, Adventure, Comedy",110.0,Film,PG-13,-1.0,Mild,Mild,Mild,None,Mild
The Long Kiss Goodnight,1996.0,6.8,76733.0,"Action, Crime, Drama",121.0,Film,R,-1.0,Mild,Severe,Severe,Mild,Moderate
Spinning Out,2020.0,7.6,12369.0,"Drama, Sport",48.0,Series,TV-MA,10.0,Moderate,Mild,Moderate,Moderate,Mild
Save Me,2020.0,7.7,5011.0,"Drama, Mystery",270.0,Series,TV-MA,18.0,Mild,Mild,Moderate,Moderate,No Rate
The Republic of Sarah,2021.0,5.6,723.0,Drama,-1.0,Series,TV-14,13.0,No Rate,No Rate,No Rate,No Rate,No Rate
Cocktail,1988.0,5.9,82400.0,"Comedy, Drama, Romance",104.0,Film,R,-1.0,Mild,Moderate,Moderate,Moderate,Mild
10 Years,2011.0,6.1,25016.0,"Comedy, Drama, Romance",110.0,Film,PG-13,-1.0,Mild,None,Mild,Mild,None
Scott & Bailey,2011.0,8.0,7743.0,"Crime, Drama, Mystery",45.0,Series,TV-14,33.0,Mild,Mild,Moderate,Mild,No Rate
House at the End of the Street,2012.0,5.6,75314.0,"Drama, Horror, Thriller",101.0,Film,PG-13,-1.0,Mild,Moderate,Mild,Mild,Moderate
"Luchshe, chem lyudi",2012.0,7.4,7863.0,"Drama, Sci-Fi",52.0,Series,None,16.0,No Rate,No Rate,No Rate,No Rate,No Rate
Twist,2021.0,4.1,2261.0,"Action, Drama",90.0,Film,R,-1.0,Mild,Moderate,Moderate,Moderate,Mild
Raven's Home,2021.0,7.3,2802.0,"Comedy, Family",22.0,Series,TV-G,82.0,None,None,None,None,None
Young Guns,1988.0,6.9,58138.0,"Action, Western",107.0,Film,R,-1.0,Mild,Moderate,Moderate,Moderate,Mild
Yoga Hosers,2016.0,4.3,13280.0,"Action, Comedy, Fantasy",88.0,Film,PG-13,-1.0,Mild,Mild,Mild,Mild,No Rate
The Postman,1997.0,6.1,71409.0,"Action, Adventure, Drama",177.0,Film,R,-1.0,Moderate,Moderate,Mild,Mild,Moderate
Shin Evangelion Gekijôban,2021.0,8.1,6327.0,"Animation, Action, Drama",154.0,Film,TV-MA,-1.0,Moderate,Moderate,Mild,None,Severe
Dumbo,2019.0,6.3,71014.0,"Adventure, Family, Fantasy",112.0,Film,PG,-1.0,None,Mild,None,None,Mild
Posledniy bogatyr. Koren' Zla,2021.0,5.9,700.0,"Adventure, Comedy, Family",121.0,Film,None,-1.0,No Rate,No Rate,No Rate,No Rate,No Rate
Step Up,2006.0,6.5,114396.0,"Crime, Drama, Music",104.0,Film,PG-13,-1.0,None,Mild,Mild,Mild,Mild
World Trade Center,2006.0,5.9,81885.0,"Drama, History, Thriller",129.0,Film,PG-13,-1.0,None,Moderate,Moderate,Mild,Severe
Cocomelon,2006.0,4.5,358.0,"Animation, Comedy, Family",-1.0,Series,TV-PG,80.0,None,None,None,None,Moderate
Seventh Son,2014.0,5.5,74580.0,"Action, Adventure, Fantasy",102.0,Film,PG-13,-1.0,None,Moderate,Mild,Mild,Mild
Failure to Launch,2006.0,5.6,77577.0,"Comedy, Romance",97.0,Film,PG-13,-1.0,Mild,Mild,Mild,Mild,None
Out of Sight,1998.0,7.0,89535.0,"Comedy, Crime, Drama",123.0,Film,R,-1.0,Mild,Moderate,Severe,Mild,Mild
Small Soldiers,1998.0,6.2,96238.0,"Action, Adventure, Comedy",108.0,Film,PG-13,-1.0,None,Mild,Mild,Mild,Mild
Work in Progress,1998.0,7.2,1682.0,Comedy,30.0,Series,TV-MA,18.0,No Rate,No Rate,No Rate,No Rate,No Rate
The Glass Castle,2017.0,7.1,31906.0,"Biography, Drama",127.0,Film,PG-13,-1.0,Mild,Mild,Moderate,Moderate,Moderate
Revolver,2005.0,6.4,92713.0,"Action, Crime, Drama",111.0,Film,R,-1.0,Moderate,Severe,Severe,Moderate,Moderate
Evan Almighty,2007.0,5.4,143357.0,"Comedy, Family, Fantasy",96.0,Film,PG,-1.0,Mild,Mild,Mild,None,None
Cabin Fever,2002.0,5.6,76101.0,Horror,93.0,Film,R,-1.0,Moderate,Severe,Severe,Moderate,Severe
In Plain Sight,2002.0,7.3,11287.0,"Crime, Drama, Mystery",60.0,Series,TV-14,61.0,No Rate,No Rate,No Rate,No Rate,No Rate
37°2 le matin,1986.0,7.4,20377.0,"Drama, Romance",185.0,Film,Unrated,-1.0,Severe,Moderate,Moderate,Moderate,Moderate
First Cow,2019.0,7.1,15010.0,"Drama, Western",122.0,Film,PG-13,-1.0,None,None,Mild,Mild,Mild
The Brown Bunny,2003.0,5.0,15043.0,Drama,93.0,Film,Not Rated,-1.0,Severe,Mild,Mild,Mild,None
Snakes on a Plane,2006.0,5.4,136125.0,"Action, Adventure, Crime",105.0,Film,R,-1.0,Moderate,Moderate,Moderate,Moderate,Moderate
The Bridges of Madison County,1995.0,7.6,77264.0,"Drama, Romance",135.0,Film,PG-13,-1.0,Moderate,None,Mild,Mild,None
Can't Hardly Wait,1998.0,6.5,48497.0,"Comedy, Romance",100.0,Film,PG-13,-1.0,Mild,None,Moderate,Severe,None
Get Shorty,1998.0,8.2,6661.0,"Comedy, Crime",60.0,Series,TV-MA,27.0,Moderate,Severe,Moderate,Moderate,Mild
Halloween Wars,1998.0,7.8,495.0,"Family, Game-Show, Reality-TV",42.0,Series,TV-G,53.0,No Rate,No Rate,No Rate,No Rate,No Rate
My Own Private Idaho,1991.0,7.0,53866.0,Drama,104.0,Film,R,-1.0,Moderate,Mild,Moderate,Moderate,Moderate
The Laundromat,2019.0,6.3,47733.0,"Comedy, Crime, Drama",96.0,Film,R,-1.0,Moderate,Mild,Mild,Mild,Mild
Homicide: Life on the Street,2019.0,8.6,12197.0,"Crime, Drama, Mystery",60.0,Series,TV-14,122.0,Moderate,Severe,Mild,Mild,Severe
Taken 2,2012.0,6.3,297908.0,"Action, Crime, Thriller",92.0,Film,PG-13,-1.0,Mild,Moderate,Mild,Mild,Moderate
Amores perros,2000.0,8.1,232561.0,"Drama, Thriller",154.0,Film,R,-1.0,Moderate,Severe,Severe,Mild,Severe
Entrapment,1999.0,6.3,111773.0,"Action, Crime, Romance",113.0,Film,PG-13,-1.0,Mild,Mild,Moderate,Mild,Mild
A Different World,1999.0,6.9,6358.0,Comedy,60.0,Series,TV-PG,144.0,No Rate,No Rate,No Rate,No Rate,No Rate
Taps,1981.0,6.8,17458.0,Drama,126.0,Film,PG,-1.0,Mild,Mild,Mild,Mild,Moderate
Emmerdale Farm,1981.0,4.8,3057.0,"Drama, Romance",30.0,Series,TV-PG,8036.0,Moderate,Moderate,Mild,Moderate,Severe
Meet the Spartans,2008.0,2.8,106020.0,"Comedy, Fantasy",87.0,Film,PG-13,-1.0,Moderate,Moderate,Moderate,Moderate,Severe
Trying,2008.0,7.7,5342.0,Comedy,30.0,Series,TV-14,17.0,Mild,None,No Rate,No Rate,No Rate
Giri/Haji,2019.0,7.9,12497.0,"Crime, Drama, Mystery",461.0,Series,TV-MA,8.0,Moderate,Severe,Moderate,Severe,Moderate
Staged,2019.0,8.6,5487.0,"Comedy, Drama",22.0,Series,Not Rated,14.0,None,None,Severe,Mild,None
Pocahontas,1995.0,6.7,177837.0,"Animation, Adventure, Drama",81.0,Film,G,-1.0,None,Mild,None,None,Mild
Ci sha xiao shuo jia,2021.0,6.2,1758.0,"Action, Adventure, Crime",130.0,Film,None,-1.0,No Rate,No Rate,No Rate,No Rate,No Rate
A Hidden Life,2019.0,7.4,21688.0,"Biography, Drama, Romance",174.0,Film,PG-13,-1.0,None,Moderate,None,Mild,Moderate
The Ward,2010.0,5.6,41603.0,"Horror, Mystery, Thriller",89.0,Film,R,-1.0,None,Moderate,Mild,Mild,Moderate
Here Today,2021.0,6.5,2025.0,"Comedy, Drama",93.0,Film,PG-13,-1.0,None,None,Moderate,None,Mild
Cujo,1983.0,6.1,43350.0,"Horror, Thriller",93.0,Film,R,-1.0,Mild,Moderate,Moderate,Mild,Severe
The Searchers,1956.0,7.9,85504.0,"Adventure, Drama, Western",119.0,Film,Passed,-1.0,None,Mild,Mild,Mild,Mild
Burden of Truth,1956.0,7.3,3726.0,Drama,44.0,Series,TV-PG,34.0,Mild,No Rate,No Rate,No Rate,No Rate
Underworld: Evolution,2006.0,6.7,194920.0,"Action, Fantasy, Thriller",106.0,Film,R,-1.0,Moderate,Severe,Moderate,Mild,Moderate
Minions: The Rise of Gru,2022.0,-1.0,-1.0,"Animation, Adventure, Comedy",90.0,Film,PG,-1.0,No Rate,No Rate,No Rate,No Rate,No Rate
The Long Call,2022.0,-1.0,-1.0,"Crime, Drama",-1.0,Series,None,4.0,No Rate,No Rate,No Rate,No Rate,No Rate
This Is Where I Leave You,2014.0,6.6,76490.0,"Comedy, Drama",103.0,Film,R,-1.0,Mild,Mild,Severe,Moderate,Mild
Superhost,2021.0,5.8,1362.0,"Horror, Thriller",84.0,Film,None,-1.0,No Rate,No Rate,No Rate,No Rate,No Rate
Fatale,2020.0,5.4,8182.0,Thriller,102.0,Film,R,-1.0,Mild,Mild,Moderate,No Rate,No Rate
Braqueurs,2015.0,6.3,4889.0,"Action, Crime, Drama",81.0,Film,TV-MA,-1.0,Moderate,Moderate,Moderate,Mild,Mild
Generation,2021.0,6.8,4045.0,"Comedy, Drama",30.0,Series,TV-MA,16.0,Severe,Mild,Severe,Moderate,Severe
Power Rangers: Dino Fury,2021.0,6.8,309.0,"Action, Adventure, Comedy",21.0,Series,TV-Y7,44.0,Mild,Moderate,None,None,Mild
Air Force One,1997.0,6.5,188197.0,"Action, Drama, Thriller",124.0,Film,R,-1.0,None,Moderate,Moderate,Mild,Moderate
El mariachi,1992.0,6.9,65453.0,"Action, Crime, Thriller",81.0,Film,R,-1.0,Mild,Moderate,Moderate,Mild,Moderate
Shazam! Fury of the Gods,2023.0,-1.0,-1.0,"Action, Adventure, Comedy",-1.0,Film,None,-1.0,No Rate,No Rate,No Rate,No Rate,No Rate
Locked Down,2021.0,5.2,9994.0,"Comedy, Crime, Romance",118.0,Film,R,-1.0,Mild,None,Moderate,Mild,Mild
47 Meters Down,2017.0,5.7,52097.0,"Adventure, Drama, Horror",89.0,Film,PG-13,-1.0,None,Moderate,Mild,Mild,Moderate
After Earth,2013.0,4.8,196546.0,"Action, Adventure, Sci-Fi",100.0,Film,PG-13,-1.0,None,Moderate,None,None,Moderate
13 Minutes (II),2021.0,-1.0,-1.0,"Action, Drama, Thriller",108.0,Film,PG-13,-1.0,No Rate,No Rate,No Rate,No Rate,No Rate
Night at the Museum: Battle of the Smithsonian,2009.0,6.0,185936.0,"Adventure, Comedy, Family",105.0,Film,PG,-1.0,None,Mild,Mild,None,Mild
Just Friends,2005.0,6.2,111134.0,"Comedy, Romance",96.0,Film,PG-13,-1.0,Moderate,Mild,Mild,Mild,None
The Handmaid's Tale,1990.0,6.0,9458.0,"Drama, Romance, Sci-Fi",109.0,Film,R,-1.0,Moderate,Severe,Moderate,Mild,Mild
Traces,1990.0,6.9,3396.0,"Crime, Mystery, Thriller",45.0,Series,TV-14,12.0,Mild,Moderate,Severe,Moderate,Mild
Triple 9,2016.0,6.3,70090.0,"Action, Crime, Thriller",115.0,Film,R,-1.0,Moderate,Severe,Severe,Severe,Moderate
The Maltese Falcon,1941.0,8.0,153730.0,"Crime, Film-Noir, Mystery",100.0,Film,Passed,-1.0,None,Mild,None,Mild,None
Due Date,2010.0,6.5,333119.0,"Comedy, Drama",95.0,Film,R,-1.0,Mild,Mild,Severe,Moderate,Mild
The Cat in the Hat,2003.0,4.0,79938.0,"Adventure, Comedy, Family",82.0,Film,PG,-1.0,Moderate,Mild,Mild,Mild,Moderate
Stepmom,1998.0,6.8,64129.0,"Comedy, Drama",125.0,Film,PG-13,-1.0,Mild,None,Moderate,Mild,Mild
Splash,1984.0,6.3,73908.0,"Comedy, Fantasy, Romance",111.0,Film,PG,-1.0,Moderate,Mild,Mild,Mild,Mild
Saw V,2008.0,5.8,120431.0,"Crime, Horror, Mystery",92.0,Film,R,-1.0,None,Severe,Severe,Mild,Severe
Mistresses,2008.0,7.6,1960.0,Drama,60.0,Series,None,16.0,No Rate,No Rate,No Rate,No Rate,No Rate
Adam: The Mirror,2017.0,6.9,1187.0,"Animation, Short, Sci-Fi",7.0,Film,None,-1.0,No Rate,No Rate,No Rate,No Rate,No Rate
Crossing Jordan,2017.0,7.0,10696.0,"Crime, Drama, Mystery",60.0,Series,TV-14,117.0,No Rate,Severe,Severe,No Rate,No Rate
Mr. Right,2015.0,6.4,53543.0,"Action, Comedy, Romance",95.0,Film,R,-1.0,Mild,Moderate,Severe,Mild,Mild
Je Suis Karl,2021.0,5.4,514.0,"Drama, Romance, Thriller",126.0,Film,None,-1.0,No Rate,No Rate,No Rate,No Rate,No Rate
Perception,2021.0,7.5,20238.0,"Crime, Drama, Mystery",42.0,Series,TV-14,39.0,Mild,Mild,Moderate,Mild,Mild
Space Cowboys,2000.0,6.5,78341.0,"Action, Adventure, Thriller",130.0,Film,PG-13,-1.0,Mild,Mild,Moderate,Mild,Mild
The Water Man,2020.0,5.4,3081.0,"Adventure, Drama, Family",91.0,Film,PG,-1.0,None,Moderate,Moderate,None,Moderate
"Shin seiki Evangelion Gekijô-ban: Air/Magokoro wo, kimi ni",1997.0,8.1,47000.0,"Animation, Action, Drama",87.0,Film,TV-MA,-1.0,Severe,Severe,Moderate,None,Severe
Pixels,2015.0,5.5,137442.0,"Animation, Action, Comedy",105.0,Film,PG-13,-1.0,Mild,Mild,Mild,Mild,Mild
Haven,2015.0,7.5,36681.0,"Crime, Drama, Fantasy",60.0,Series,TV-PG,78.0,Mild,Moderate,Mild,Mild,Mild
Ajeossi,2010.0,7.8,66462.0,"Action, Crime, Drama",119.0,Film,R,-1.0,Mild,Severe,Severe,Moderate,Moderate
Lake Placid,1999.0,5.7,58638.0,"Action, Comedy, Horror",82.0,Film,R,-1.0,Mild,Severe,Moderate,Mild,Moderate
Professor T.,1999.0,8.0,1828.0,"Comedy, Crime, Drama",53.0,Series,Not Rated,39.0,No Rate,No Rate,No Rate,No Rate,No Rate
Winter's Bone,2010.0,7.2,139513.0,"Drama, Mystery",100.0,Film,R,-1.0,None,Moderate,Moderate,Severe,Mild
The Mummy,1932.0,7.1,25217.0,"Fantasy, Horror",73.0,Film,Approved,-1.0,None,Mild,None,None,Mild
Sergio,2020.0,6.1,9130.0,"Biography, Drama, History",118.0,Film,R,-1.0,Moderate,Moderate,Mild,Mild,Mild
Patton,1970.0,7.9,98853.0,"Biography, Drama, War",172.0,Film,PG,-1.0,None,Moderate,Moderate,Mild,Moderate
Fried Barry,2020.0,5.6,1775.0,"Comedy, Horror, Sci-Fi",99.0,Film,None,-1.0,No Rate,No Rate,No Rate,No Rate,No Rate
10,1979.0,6.1,17216.0,"Comedy, Romance",122.0,Film,R,-1.0,Severe,None,Mild,Moderate,None
Stealth,2005.0,5.1,53043.0,"Action, Adventure, Sci-Fi",121.0,Film,PG-13,-1.0,Mild,Moderate,Mild,Mild,Mild
The Gateway,2021.0,4.5,425.0,Thriller,91.0,Film,R,-1.0,Moderate,Severe,Severe,Moderate,Moderate
Crossing Lines,2021.0,7.3,12701.0,"Action, Crime, Drama",43.0,Series,TV-14,34.0,Moderate,Severe,Severe,None,No Rate
Finding Alice,2021.0,5.8,1709.0,"Comedy, Drama",46.0,Series,Not Rated,7.0,No Rate,No Rate,No Rate,Mild,No Rate
Marathon Man,1976.0,7.4,60857.0,"Crime, Thriller",125.0,Film,R,-1.0,Moderate,Severe,Moderate,Mild,Severe
Insidious: Chapter 2,2013.0,6.6,162978.0,"Horror, Mystery, Thriller",106.0,Film,PG-13,-1.0,None,Moderate,Mild,None,Severe
Hooligans,2005.0,7.4,146326.0,"Crime, Drama, Sport",109.0,Film,R,-1.0,None,Severe,Severe,Moderate,Moderate
The God Committee,2021.0,5.7,2615.0,Thriller,98.0,Film,None,-1.0,No Rate,No Rate,No Rate,No Rate,No Rate
Secrets of Sulphur Springs,2021.0,7.7,1637.0,"Adventure, Drama, Family",24.0,Series,TV-PG,12.0,No Rate,No Rate,None,No Rate,Mild
The Grey,2011.0,6.8,246614.0,"Action, Adventure, Drama",117.0,Film,R,-1.0,None,Severe,Severe,Mild,Severe
Kung Fu Panda 3,2016.0,7.1,144918.0,"Animation, Action, Adventure",95.0,Film,PG,-1.0,None,Mild,None,None,Mild
You're the Worst,2016.0,8.1,24591.0,"Comedy, Drama, Romance",30.0,Series,TV-MA,62.0,Moderate,Mild,Severe,Severe,Mild
"Good Morning, Miss Bliss",2016.0,6.8,1801.0,"Comedy, Family",30.0,Series,TV-G,14.0,No Rate,No Rate,No Rate,No Rate,No Rate
Rawhide,2016.0,8.0,3506.0,Western,50.0,Series,TV-PG,217.0,No Rate,No Rate,No Rate,No Rate,No Rate
High-Rise,2015.0,5.6,40641.0,"Drama, Sci-Fi",119.0,Film,R,-1.0,Severe,Severe,Moderate,Severe,Moderate
The Equalizer,2015.0,7.8,4900.0,"Action, Crime, Drama",48.0,Series,TV-PG,88.0,Mild,Mild,Mild,Mild,Mild
I Am Sam,2001.0,7.6,146960.0,Drama,132.0,Film,PG-13,-1.0,None,None,Mild,None,Mild
40 Days and 40 Nights,2002.0,5.6,72475.0,"Comedy, Romance",96.0,Film,R,-1.0,Severe,None,Moderate,Mild,None
Waking the Dead,2002.0,7.9,5361.0,"Crime, Drama, Mystery",100.0,Series,TV-14,92.0,Moderate,Moderate,None,Mild,Moderate
Hunter Killer,2018.0,6.6,59212.0,"Action, Thriller",121.0,Film,R,-1.0,None,Moderate,Moderate,None,Mild
Law & Order: UK,2018.0,7.6,4094.0,"Crime, Drama, Mystery",46.0,Series,TV-14,53.0,Mild,Moderate,Moderate,Mild,No Rate
The Rental,2020.0,5.7,24674.0,"Drama, Horror, Mystery",88.0,Film,R,-1.0,Mild,Moderate,Moderate,Moderate,Moderate
8MM,1999.0,6.5,128942.0,"Crime, Drama, Mystery",123.0,Film,R,-1.0,Severe,Severe,Severe,Moderate,Severe
About a Boy,2002.0,7.1,179143.0,"Comedy, Drama, Romance",101.0,Film,PG-13,-1.0,Mild,Mild,Moderate,Mild,Mild
El olvido que seremos,2020.0,7.3,1285.0,"Drama, History",136.0,Film,None,-1.0,No Rate,No Rate,No Rate,No Rate,No Rate
Bad Girls,2020.0,7.9,2125.0,"Crime, Drama",90.0,Series,None,107.0,No Rate,No Rate,No Rate,No Rate,No Rate
Tristan + Isolde,2006.0,6.8,51586.0,"Action, Drama, Romance",125.0,Film,PG-13,-1.0,Mild,Moderate,None,None,Moderate
Percy Jackson: Sea of Monsters,2013.0,5.8,114171.0,"Adventure, Family, Fantasy",106.0,Film,PG,-1.0,None,Moderate,Mild,Mild,Moderate
Rifkin's Festival,2020.0,6.2,4308.0,Comedy,88.0,Film,PG-13,-1.0,Mild,Mild,Mild,Mild,Mild
Aileen Wuornos: American Boogeywoman,2021.0,4.1,133.0,"Drama, Horror, Thriller",85.0,Film,R,-1.0,No Rate,No Rate,No Rate,No Rate,No Rate
Dragon Ball Super: Doragon bôru cho,2021.0,8.3,26612.0,"Animation, Action, Adventure",24.0,Series,TV-PG,131.0,None,Mild,Mild,None,Moderate
Saw IV,2007.0,5.9,145890.0,"Crime, Horror, Mystery",93.0,Film,R,-1.0,Moderate,Severe,Severe,Mild,Severe
The Color of Money,1986.0,7.0,78943.0,"Drama, Sport",119.0,Film,R,-1.0,Mild,Mild,Moderate,Mild,None
Unknown,2011.0,6.8,255909.0,"Action, Mystery, Thriller",113.0,Film,PG-13,-1.0,Mild,Moderate,Mild,Mild,Moderate
To All the Boys I've Loved Before,2018.0,7.1,97268.0,"Comedy, Drama, Romance",99.0,Film,TV-14,-1.0,Mild,None,Mild,None,None
Meet the Parents,2000.0,7.0,321345.0,"Comedy, Romance",108.0,Film,PG-13,-1.0,Mild,Mild,Moderate,Mild,None
Good Times,2000.0,7.3,6663.0,Comedy,30.0,Series,TV-PG,133.0,None,Mild,Mild,Mild,None
Continuum,2000.0,7.6,59321.0,"Action, Sci-Fi, Thriller",45.0,Series,TV-14,42.0,Mild,Moderate,Mild,Mild,No Rate
Can't Buy Me Love,1987.0,6.8,35309.0,"Comedy, Drama, Romance",94.0,Film,PG-13,-1.0,Mild,Mild,Moderate,Moderate,Mild
Mainstream,2020.0,4.9,1917.0,"Comedy, Drama",94.0,Film,R,-1.0,Moderate,None,Severe,Mild,Mild
The Map of Tiny Perfect Things,2021.0,6.8,17466.0,"Comedy, Fantasy, Romance",98.0,Film,PG-13,-1.0,None,None,Mild,Mild,None
Exorcist II: The Heretic,1977.0,3.8,23604.0,Horror,117.0,Film,R,-1.0,Mild,Moderate,Mild,None,Moderate
The Power of One,1992.0,7.2,9741.0,"Drama, Sport",127.0,Film,PG-13,-1.0,Mild,Moderate,Mild,No Rate,Moderate
American Reunion,2012.0,6.7,208335.0,Comedy,113.0,Film,R,-1.0,Severe,Mild,Severe,Moderate,None
The Lake House,2006.0,6.8,144977.0,"Drama, Fantasy, Romance",99.0,Film,PG,-1.0,None,None,None,Mild,None
Flight of the Conchords,2006.0,8.5,57597.0,"Comedy, Music, Musical",28.0,Series,TV-MA,22.0,Mild,Mild,Moderate,Mild,None
Ek Thi Begum,2020.0,8.9,6037.0,"Crime, Drama",27.0,Series,None,26.0,No Rate,No Rate,No Rate,No Rate,No Rate
Robin Hood,1973.0,7.6,120934.0,"Animation, Adventure, Comedy",83.0,Film,G,-1.0,None,Mild,None,Mild,Mild
An Officer and a Gentleman,1982.0,7.0,54095.0,"Drama, Romance",124.0,Film,R,-1.0,Moderate,Moderate,Severe,Mild,Moderate
The Jackal,1997.0,6.4,112644.0,"Action, Crime, Drama",124.0,Film,R,-1.0,Mild,Severe,Severe,Mild,Moderate
The King: Youngwonui Gunjoo,2020.0,8.3,8865.0,"Fantasy, Mystery, Romance",70.0,Series,TV-14,16.0,None,Moderate,Mild,Mild,Moderate
The Nowhere Inn,2020.0,5.8,540.0,"Comedy, Drama, Horror",91.0,Film,None,-1.0,No Rate,No Rate,No Rate,No Rate,No Rate
The Artist,2011.0,7.9,236266.0,"Comedy, Drama, Romance",100.0,Film,PG-13,-1.0,None,Mild,None,Mild,Mild
To Catch a Spy,2021.0,6.3,595.0,"Mystery, Romance",90.0,Film,None,-1.0,No Rate,No Rate,No Rate,No Rate,No Rate
Da Vinci's Demons,2021.0,8.0,75054.0,"Adventure, Biography, Drama",60.0,Series,TV-MA,28.0,Severe,Moderate,Moderate,Mild,Moderate
Creepshow 2,1987.0,6.1,24196.0,"Fantasy, Horror",92.0,Film,R,-1.0,Moderate,Severe,Moderate,Mild,Moderate
The Lego Movie 2: The Second Part,2019.0,6.6,60570.0,"Animation, Adventure, Comedy",107.0,Film,PG,-1.0,None,Mild,None,None,Mild
Blue Heelers,2019.0,6.9,1177.0,"Action, Crime, Drama",60.0,Series,TV-14,510.0,Moderate,Mild,No Rate,No Rate,No Rate
Wildlife,2018.0,6.8,27185.0,Drama,105.0,Film,PG-13,-1.0,Mild,Mild,Mild,Mild,Mild
Terra Nova,2011.0,6.8,81742.0,"Adventure, Drama, Mystery",46.0,Series,TV-14,13.0,None,Moderate,Mild,None,Mild
One Lane Bridge,2011.0,6.5,719.0,"Crime, Drama, Fantasy",-1.0,Series,TV-14,11.0,No Rate,Moderate,Severe,No Rate,No Rate
The Wolfman,2010.0,5.8,104930.0,"Drama, Fantasy, Horror",103.0,Film,R,-1.0,Mild,Severe,Mild,Moderate,Moderate
Killing Me Softly,2002.0,5.5,17793.0,"Drama, Mystery, Romance",100.0,Film,Unrated,-1.0,Severe,Mild,None,Mild,Mild
Then Came You,2018.0,7.0,11540.0,"Adventure, Comedy, Drama",97.0,Film,None,-1.0,No Rate,No Rate,No Rate,No Rate,No Rate
Gummo,1997.0,6.7,33706.0,"Comedy, Drama",89.0,Film,R,-1.0,Moderate,Moderate,Severe,Moderate,Severe
Runt,2020.0,8.1,79.0,"Drama, Thriller",95.0,Film,None,-1.0,No Rate,No Rate,No Rate,No Rate,No Rate
Side Effects,2013.0,7.1,184728.0,"Crime, Drama, Mystery",106.0,Film,R,-1.0,Moderate,Mild,Moderate,Mild,Mild
The Life of David Gale,2003.0,7.5,116309.0,"Crime, Drama, Thriller",130.0,Film,R,-1.0,Moderate,Mild,Moderate,Mild,Moderate
Parenthood,1989.0,7.0,47523.0,"Comedy, Drama",124.0,Film,PG-13,-1.0,Moderate,Mild,Mild,Mild,Mild
Life in a Year,2020.0,6.2,7100.0,"Drama, Romance",107.0,Film,PG-13,-1.0,Mild,None,Mild,Mild,Mild
Countdown,2019.0,5.4,31266.0,"Horror, Thriller",90.0,Film,PG-13,-1.0,Mild,Moderate,Mild,Mild,Severe
Southland,2019.0,8.4,25488.0,"Crime, Drama, Thriller",42.0,Series,TV-MA,43.0,Mild,Severe,Moderate,Mild,No Rate
The Remains of the Day,1993.0,7.8,70212.0,"Drama, Romance",134.0,Film,PG,-1.0,None,None,None,Mild,None
The Family,2013.0,6.3,113996.0,"Comedy, Crime, Thriller",111.0,Film,R,-1.0,Mild,Severe,Moderate,Moderate,Moderate
The Saint,2013.0,7.5,5021.0,"Action, Crime, Drama",50.0,Series,TV-PG,118.0,No Rate,Mild,No Rate,Mild,No Rate
Jiu Jitsu,2020.0,2.9,7602.0,"Action, Sci-Fi, Thriller",102.0,Film,R,-1.0,None,Moderate,Mild,None,Moderate
The Great Wall,2016.0,5.9,129749.0,"Action, Adventure, Fantasy",103.0,Film,PG-13,-1.0,None,Moderate,Mild,None,Moderate
Becker,2016.0,7.2,12466.0,Comedy,30.0,Series,TV-PG,129.0,Mild,None,Mild,Mild,None
Good Luck Chuck,2007.0,5.6,88338.0,"Comedy, Romance",101.0,Film,R,-1.0,Severe,Mild,Severe,Mild,None
Ms Fisher's Modern Murder Mysteries,2007.0,7.2,1811.0,"Crime, Drama, Mystery",86.0,Series,Not Rated,12.0,No Rate,No Rate,No Rate,No Rate,No Rate
Black Monday,2007.0,7.5,5309.0,Comedy,582.0,Series,TV-MA,30.0,Moderate,Mild,Severe,Severe,Mild
War Horse,2011.0,7.2,152238.0,"Action, Adventure, Drama",146.0,Film,PG-13,-1.0,None,Moderate,Mild,Mild,Moderate
Artemis Fowl,2020.0,4.2,25963.0,"Adventure, Family, Fantasy",95.0,Film,PG,-1.0,None,Mild,None,None,Mild
The Movies That Made Us,2020.0,7.8,4772.0,Documentary,45.0,Series,TV-MA,16.0,None,Mild,Moderate,Mild,No Rate
Ferdinand,2017.0,6.7,52919.0,"Animation, Adventure, Comedy",108.0,Film,PG,-1.0,None,Mild,None,None,Mild
Any Given Sunday,1999.0,6.9,115726.0,"Drama, Sport",162.0,Film,R,-1.0,Moderate,Severe,Severe,Moderate,Mild
We Summon the Darkness,2019.0,5.2,9100.0,"Horror, Music, Thriller",91.0,Film,R,-1.0,None,Moderate,Severe,Moderate,Moderate
The Secret Life of Pets 2,2019.0,6.5,56845.0,"Animation, Adventure, Comedy",86.0,Film,PG,-1.0,None,Mild,Mild,None,Mild
Witches of East End,2019.0,7.6,25190.0,"Drama, Fantasy, Horror",60.0,Series,TV-14,23.0,Mild,Moderate,Moderate,Moderate,Moderate
Critical Role,2019.0,9.2,7872.0,"Adventure, Fantasy",180.0,Series,TV-14,295.0,Mild,Mild,Moderate,Mild,Moderate
Bachelor Party,1984.0,6.3,38481.0,Comedy,105.0,Film,R,-1.0,Moderate,None,Moderate,Moderate,None
Akinjeon,2019.0,6.9,10643.0,"Action, Crime, Drama",109.0,Film,Not Rated,-1.0,None,Severe,Severe,Moderate,Moderate
Star Trek: Prodigy,2019.0,-1.0,-1.0,"Animation, Action, Adventure",-1.0,Series,TV-Y7,10.0,No Rate,No Rate,No Rate,No Rate,No Rate
Burlesque,2010.0,6.4,82408.0,"Drama, Music, Musical",119.0,Film,PG-13,-1.0,Mild,None,Mild,Moderate,None
Jodaeiye Nader az Simin,2011.0,8.3,232684.0,Drama,123.0,Film,PG-13,-1.0,None,Mild,Mild,None,Mild
Mudbound,2017.0,7.4,46246.0,"Drama, War",134.0,Film,R,-1.0,Moderate,Severe,Severe,Moderate,Severe
ALF,2017.0,7.4,33191.0,"Comedy, Family, Sci-Fi",30.0,Series,TV-G,103.0,None,None,None,Mild,Mild
Eragon,2006.0,5.1,124300.0,"Action, Adventure, Family",104.0,Film,PG,-1.0,None,Mild,None,None,Mild
Z,1969.0,8.3,25750.0,"Crime, Drama, History",127.0,Film,M,-1.0,Mild,Moderate,Mild,Mild,Mild
Slow West,2015.0,6.9,44430.0,"Action, Adventure, Drama",84.0,Film,R,-1.0,Mild,Moderate,Mild,Mild,Moderate
Parker,2013.0,6.2,119313.0,"Action, Crime, Thriller",118.0,Film,R,-1.0,Mild,Severe,Severe,Mild,Mild
"Everything, Everything",2017.0,6.4,35969.0,"Drama, Romance",96.0,Film,PG-13,-1.0,Mild,None,Mild,None,None
68 Whiskey,2020.0,5.7,1895.0,"Comedy, Drama, War",-1.0,Series,TV-MA,10.0,Moderate,Moderate,Severe,Mild,Mild
Piranha 3DD,2012.0,3.7,41440.0,"Comedy, Horror, Sci-Fi",83.0,Film,R,-1.0,Severe,Severe,Moderate,Severe,Severe
Volcano,1997.0,5.5,74561.0,"Action, Drama, Sci-Fi",104.0,Film,PG-13,-1.0,None,Moderate,Mild,Mild,Moderate
Jaws: The Revenge,1987.0,3.0,44416.0,"Adventure, Horror, Thriller",89.0,Film,PG-13,-1.0,Mild,Moderate,Mild,Mild,Mild
Mississippi Burning,1988.0,7.8,94984.0,"Crime, Drama, History",128.0,Film,R,-1.0,None,Severe,Moderate,Mild,Severe
Lockout,2012.0,6.1,96761.0,"Action, Sci-Fi, Thriller",95.0,Film,PG-13,-1.0,None,Moderate,Moderate,Mild,Moderate
The One,2012.0,6.6,11513.0,"Crime, Drama, Sci-Fi",-1.0,Series,TV-MA,8.0,Mild,Mild,Moderate,Mild,Mild
Eli,2019.0,5.7,32525.0,"Drama, Horror, Mystery",98.0,Film,R,-1.0,None,Moderate,Mild,None,Moderate
Poseidon,2006.0,5.7,101720.0,"Action, Adventure, Thriller",98.0,Film,PG-13,-1.0,Mild,Moderate,Mild,Mild,Moderate
Grand Army,2020.0,7.5,5249.0,Drama,-1.0,Series,TV-MA,9.0,Moderate,Moderate,Severe,Moderate,Moderate
La belle et la bête,2014.0,6.4,20377.0,"Drama, Family, Fantasy",102.0,Film,PG-13,-1.0,Mild,Moderate,Mild,Mild,Severe
Selena,1997.0,6.8,27519.0,"Biography, Drama, Music",127.0,Film,PG,-1.0,Mild,Mild,Mild,Mild,Mild
Ben 10,1997.0,7.3,16138.0,"Animation, Action, Adventure",22.0,Series,TV-Y7-FV,51.0,None,Mild,None,None,Mild
Ant-Man and the Wasp: Quantumania,2023.0,-1.0,-1.0,"Action, Adventure, Comedy",-1.0,Film,None,-1.0,No Rate,No Rate,No Rate,No Rate,No Rate
One Foot in the Grave,2023.0,7.8,6070.0,"Comedy, Drama",90.0,Series,TV-PG,44.0,None,Mild,Moderate,Mild,Mild
Waves,2019.0,7.6,21368.0,"Drama, Romance, Sport",135.0,Film,R,-1.0,Mild,Moderate,Severe,Moderate,Moderate
Against All Odds,1984.0,5.9,11828.0,"Action, Adventure, Crime",128.0,Film,R,-1.0,Moderate,Moderate,Severe,Moderate,Mild
The Chi,1984.0,7.4,5276.0,Drama,60.0,Series,TV-MA,40.0,Moderate,Mild,Severe,Moderate,No Rate
The Beastmaster,1982.0,6.2,22218.0,"Action, Adventure, Fantasy",118.0,Film,PG,-1.0,Moderate,Moderate,Mild,Mild,Moderate
"Scooby Doo, Where Are You!",1982.0,7.9,32289.0,"Animation, Adventure, Comedy",22.0,Series,TV-G,25.0,None,Mild,None,None,Mild
"Janghwa, Hongryeon",2003.0,7.2,59668.0,"Drama, Horror, Mystery",114.0,Film,R,-1.0,None,Moderate,None,Mild,Severe
Pinocchio,2019.0,6.2,11192.0,"Drama, Family, Fantasy",125.0,Film,PG-13,-1.0,None,Mild,None,Mild,Moderate
Private Parts,1997.0,6.9,35756.0,"Biography, Comedy, Drama",109.0,Film,R,-1.0,Moderate,None,Severe,Mild,None
Gräns,2018.0,7.0,27427.0,"Crime, Drama, Fantasy",110.0,Film,R,-1.0,Severe,Moderate,Mild,Mild,Moderate
Playing with Fire,2019.0,5.1,12843.0,"Comedy, Family",96.0,Film,PG,-1.0,Mild,Mild,None,None,Mild
Moonstruck,1987.0,7.1,55577.0,"Comedy, Drama, Romance",102.0,Film,PG,-1.0,Mild,Mild,Mild,Mild,None
Kakegurui,1987.0,7.2,6938.0,"Animation, Drama, Mystery",24.0,Series,TV-14,24.0,Moderate,Moderate,Mild,None,Mild
Takers,2010.0,6.2,60684.0,"Action, Crime, Thriller",107.0,Film,PG-13,-1.0,Mild,Moderate,Moderate,Mild,Moderate
Child's Play 3,1991.0,5.1,38481.0,"Horror, Thriller",90.0,Film,R,-1.0,Mild,Severe,Moderate,Mild,Moderate
People Just Do Nothing,1991.0,8.5,5723.0,"Comedy, Music",30.0,Series,TV-MA,27.0,Mild,None,Moderate,Moderate,None
Legend of the Seeker,1991.0,7.6,34191.0,"Action, Adventure, Drama",44.0,Series,TV-14,44.0,Mild,Moderate,Mild,Mild,Moderate
Invictus,2009.0,7.3,154961.0,"Biography, Drama, History",134.0,Film,PG-13,-1.0,None,Mild,Moderate,Mild,Mild
Rough Night,2017.0,5.2,50012.0,"Comedy, Crime, Thriller",101.0,Film,R,-1.0,Moderate,Mild,Moderate,Moderate,Mild
From Beyond,1986.0,6.7,24678.0,"Horror, Sci-Fi",85.0,Film,R,-1.0,Moderate,Severe,Moderate,Mild,Severe
Better Off Dead...,1985.0,7.1,43038.0,"Comedy, Romance",97.0,Film,PG,-1.0,Mild,Mild,Mild,Mild,None
Head of the Class,1985.0,6.6,2535.0,Comedy,30.0,Series,TV-G,114.0,No Rate,No Rate,No Rate,No Rate,No Rate
Rogue,2020.0,4.0,7377.0,"Action, Horror, Thriller",105.0,Film,R,-1.0,None,Severe,Moderate,None,Moderate
Ghosts of Mars,2001.0,4.9,53030.0,"Action, Horror, Sci-Fi",98.0,Film,R,-1.0,None,Severe,Severe,Moderate,Moderate
The Exception,2016.0,6.8,12388.0,"Drama, Romance, War",107.0,Film,R,-1.0,Moderate,Mild,Mild,Mild,Mild
NOS4A2,2016.0,6.7,8417.0,"Drama, Fantasy, Horror",60.0,Series,TV-14,20.0,Mild,Moderate,Mild,Moderate,Moderate
Naked,1993.0,7.8,37181.0,"Comedy, Drama",131.0,Film,Not Rated,-1.0,Severe,Moderate,Severe,Moderate,Severe
The Color Purple,1985.0,7.8,82552.0,Drama,154.0,Film,PG-13,-1.0,Moderate,Moderate,Mild,Moderate,Moderate
La grande bellezza,2013.0,7.8,84781.0,Drama,141.0,Film,Not Rated,-1.0,Moderate,Mild,Mild,Mild,None
Anger Management,2003.0,6.2,209252.0,Comedy,106.0,Film,PG-13,-1.0,Moderate,Mild,Moderate,Mild,None
Exam,2009.0,6.8,110417.0,"Mystery, Thriller",101.0,Film,Not Rated,-1.0,None,Mild,Moderate,None,Moderate
The Polar Express,2004.0,6.6,188010.0,"Animation, Adventure, Comedy",100.0,Film,G,-1.0,None,None,None,None,Mild
Persian Lessons,2020.0,7.4,5240.0,"Drama, War",127.0,Film,None,-1.0,No Rate,No Rate,No Rate,No Rate,No Rate
Kiss the Girls,1997.0,6.6,70360.0,"Crime, Drama, Mystery",115.0,Film,R,-1.0,Moderate,Severe,Severe,Mild,Severe
The Empire,1997.0,4.0,15736.0,"Action, Drama, History",-1.0,Series,None,8.0,No Rate,No Rate,No Rate,No Rate,No Rate
The Bradshaw Bunch,1997.0,5.8,179.0,"Documentary, Reality-TV",30.0,Series,TV-14,11.0,No Rate,No Rate,No Rate,No Rate,No Rate
Carnivàle,1997.0,8.4,43565.0,"Drama, Fantasy, Mystery",55.0,Series,TV-MA,24.0,Severe,Moderate,Mild,Moderate,Moderate
The Good Dinosaur,2015.0,6.7,108433.0,"Animation, Adventure, Comedy",93.0,Film,PG,-1.0,None,Mild,None,Mild,Moderate
All-Star Weekend,2015.0,-1.0,-1.0,Comedy,-1.0,Film,None,-1.0,No Rate,No Rate,No Rate,No Rate,No Rate
"Quo vadis, Aida?",2020.0,7.9,26097.0,"Drama, History, War",101.0,Film,Approved,-1.0,None,Moderate,Mild,Mild,Moderate
Night Shift,1982.0,6.6,15119.0,Comedy,106.0,Film,R,-1.0,Moderate,Mild,Mild,Mild,Mild
The Unit,1982.0,8.1,21115.0,"Action, Drama, Thriller",60.0,Series,TV-PG,70.0,No Rate,No Rate,No Rate,No Rate,No Rate
Bad Moms,2016.0,6.2,119361.0,Comedy,100.0,Film,R,-1.0,Moderate,None,Severe,Severe,None
We Hunt Together,2016.0,6.9,1233.0,"Crime, Drama, Thriller",45.0,Series,TV-MA,9.0,No Rate,No Rate,Severe,No Rate,No Rate
Cure,1997.0,7.4,13138.0,"Crime, Horror, Mystery",111.0,Film,Not Rated,-1.0,Mild,Severe,Moderate,Moderate,Severe
Bangkok Breaking,1997.0,6.0,189.0,"Action, Crime, Drama",60.0,Series,TV-MA,6.0,No Rate,No Rate,No Rate,No Rate,No Rate
Taken 3,2014.0,6.0,185732.0,"Action, Crime, Thriller",108.0,Film,PG-13,-1.0,None,Moderate,Moderate,Mild,Moderate
Rogue,2007.0,6.2,29286.0,"Action, Drama, Horror",99.0,Film,R,-1.0,Mild,Moderate,Severe,Mild,Moderate
The Great Raid,2005.0,6.7,21983.0,"Action, Drama, War",132.0,Film,R,-1.0,Mild,Severe,Mild,None,Moderate
Knight of Cups,2015.0,5.7,26257.0,"Drama, Romance",118.0,Film,R,-1.0,Moderate,Mild,Moderate,Moderate,Mild
Starsky & Hutch,2004.0,6.1,143081.0,"Comedy, Crime",101.0,Film,PG-13,-1.0,Moderate,Moderate,Moderate,Severe,Mild
Endangered Species,2021.0,4.5,1131.0,"Action, Thriller",101.0,Film,R,-1.0,Moderate,Moderate,Moderate,Mild,Severe
Flight of the Phoenix,2004.0,6.1,53254.0,"Action, Adventure, Drama",113.0,Film,PG-13,-1.0,None,Mild,Mild,Mild,Moderate
Spidey and His Amazing Friends,2004.0,5.8,143.0,"Animation, Action, Adventure",22.0,Series,TV-Y7,21.0,No Rate,No Rate,No Rate,No Rate,No Rate
Unthinkable,2010.0,7.1,86088.0,"Crime, Drama, Thriller",97.0,Film,R,-1.0,None,Severe,Severe,Mild,Severe
Kara Para Ask,2010.0,7.3,5516.0,"Action, Crime, Drama",90.0,Series,TV-MA,54.0,Mild,Moderate,Moderate,Mild,Severe
Summer of 84,2018.0,6.7,37493.0,"Drama, Horror, Mystery",105.0,Film,Not Rated,-1.0,Mild,Moderate,Severe,Mild,Moderate
Two Weeks in Another Town,1962.0,6.4,2458.0,Drama,107.0,Film,Approved,-1.0,Mild,Mild,None,Moderate,Mild
Half Baked,1998.0,6.7,60666.0,"Comedy, Crime",82.0,Film,R,-1.0,Mild,Mild,Severe,Severe,None
The New World,2005.0,6.7,84846.0,"Biography, Drama, History",135.0,Film,PG-13,-1.0,Mild,Mild,Mild,Mild,Mild
Hung,2005.0,7.1,21410.0,"Comedy, Drama",30.0,Series,TV-MA,30.0,Severe,None,Moderate,Mild,None
Shoot 'Em Up,2007.0,6.6,147643.0,"Action, Thriller",86.0,Film,R,-1.0,Moderate,Severe,Severe,Mild,Moderate
Daybreak,2019.0,6.7,17715.0,"Action, Adventure, Comedy",60.0,Series,TV-MA,10.0,Mild,Moderate,Severe,Moderate,Mild
Keeping Up Appearances,2019.0,7.8,14943.0,Comedy,60.0,Series,TV-PG,44.0,None,None,None,Mild,None
La región salvaje,2016.0,6.1,5291.0,"Drama, Horror, Mystery",98.0,Film,Not Rated,-1.0,Severe,Moderate,Moderate,Mild,Mild
Guilty,2020.0,5.4,4180.0,"Drama, Thriller",119.0,Film,TV-MA,-1.0,Moderate,Mild,Moderate,Moderate,Moderate
The Loud House,2020.0,7.1,4588.0,"Animation, Adventure, Comedy",22.0,Series,TV-Y7,132.0,Mild,Mild,Mild,None,Mild
Turning Red,2022.0,-1.0,-1.0,"Animation, Adventure, Comedy",-1.0,Film,None,-1.0,No Rate,No Rate,No Rate,No Rate,No Rate
Vantage Point,2008.0,6.6,147829.0,"Action, Crime, Drama",90.0,Film,PG-13,-1.0,None,Moderate,Mild,Mild,Moderate
Wishmaster,1997.0,5.8,22408.0,"Fantasy, Horror",90.0,Film,R,-1.0,None,Severe,Moderate,Mild,Moderate
WKRP in Cincinnati,1997.0,7.9,8746.0,Comedy,30.0,Series,TV-PG,90.0,None,None,Mild,Mild,None
Leap Year,2010.0,6.5,100385.0,"Comedy, Romance",100.0,Film,PG,-1.0,Mild,Mild,Mild,None,None
Chitty Chitty Bang Bang,1968.0,6.9,43331.0,"Adventure, Family, Fantasy",144.0,Film,G,-1.0,None,Mild,None,Mild,Mild
Mean Streets,1973.0,7.2,104967.0,"Crime, Drama, Thriller",112.0,Film,R,-1.0,Moderate,Moderate,Severe,Moderate,Moderate
Riget,1973.0,8.3,17544.0,"Comedy, Drama, Fantasy",561.0,Series,TV-MA,13.0,Moderate,Severe,Severe,Mild,Severe
Terminator: The Sarah Connor Chronicles,1973.0,7.7,58870.0,"Action, Drama, Fantasy",60.0,Series,TV-PG,31.0,Mild,Moderate,Mild,Mild,Moderate
BROS,2022.0,-1.0,-1.0,"Comedy, Romance",-1.0,Film,None,-1.0,No Rate,No Rate,No Rate,No Rate,No Rate
À l'intérieur,2007.0,6.7,39232.0,Horror,82.0,Film,R,-1.0,None,Severe,Moderate,Mild,Severe
"Ich seh, Ich seh",2014.0,6.7,48564.0,"Horror, Mystery, Thriller",99.0,Film,R,-1.0,Mild,Severe,None,None,Severe
The Silence,2019.0,5.3,41783.0,"Drama, Horror, Sci-Fi",90.0,Film,PG-13,-1.0,None,Moderate,Mild,Mild,Moderate
Effie Gray,2014.0,6.0,5108.0,"Biography, Drama, Romance",104.0,Film,PG-13,-1.0,Mild,Mild,None,Mild,None
The White Tiger,2021.0,7.1,54606.0,"Crime, Drama",125.0,Film,R,-1.0,Mild,Moderate,Severe,Moderate,Moderate
"Where'd You Go, Bernadette",2019.0,6.5,19920.0,"Comedy, Drama",109.0,Film,PG-13,-1.0,Mild,None,Mild,Mild,None
Átame!,1989.0,7.0,27688.0,"Comedy, Crime, Drama",101.0,Film,NC-17,-1.0,Moderate,Moderate,Moderate,Moderate,Mild
White Lines,2020.0,6.6,15831.0,"Crime, Drama, Mystery",60.0,Series,TV-MA,10.0,Severe,Moderate,Severe,Severe,Mild
Eat Pray Love,2010.0,5.8,93261.0,"Biography, Drama, Romance",133.0,Film,PG-13,-1.0,Mild,None,Mild,Mild,None
Miracles from Heaven,2016.0,7.1,23986.0,"Biography, Drama, Family",109.0,Film,PG,-1.0,None,Mild,None,None,Moderate
Swallow,2021.0,3.9,104.0,"Drama, History, Thriller",128.0,Film,TV-14,-1.0,No Rate,No Rate,No Rate,No Rate,No Rate
Bound by Honor,1993.0,8.0,30071.0,"Crime, Drama",180.0,Film,R,-1.0,Moderate,Severe,Severe,Severe,Severe
Blockers,2018.0,6.2,75714.0,Comedy,102.0,Film,R,-1.0,Severe,Mild,Severe,Moderate,None
Vice Principals,2018.0,8.0,23127.0,Comedy,30.0,Series,TV-MA,18.0,Moderate,Moderate,Severe,Moderate,Mild
Petticoat Junction,2018.0,7.0,2836.0,Comedy,30.0,Series,TV-G,222.0,No Rate,No Rate,No Rate,No Rate,No Rate
Dragon Rider,2020.0,5.6,1199.0,"Animation, Adventure, Comedy",91.0,Film,E,-1.0,None,Mild,Mild,Mild,Mild
McLintock!,1963.0,7.2,14055.0,"Comedy, Romance, Western",127.0,Film,Passed,-1.0,None,Mild,Mild,Mild,None
Mad Max Beyond Thunderdome,1985.0,6.3,131650.0,"Action, Adventure, Sci-Fi",107.0,Film,PG-13,-1.0,None,Moderate,Moderate,None,Mild
Reign of Fire,2002.0,6.2,131394.0,"Action, Adventure, Fantasy",101.0,Film,PG-13,-1.0,None,Mild,Mild,Mild,Mild
Snuff Films,2007.0,4.1,61.0,Horror,73.0,Film,None,-1.0,No Rate,No Rate,No Rate,No Rate,No Rate
God: Serengeti,2017.0,6.7,2009.0,"Short, Comedy",4.0,Film,None,-1.0,No Rate,No Rate,No Rate,No Rate,No Rate
The Unforgivable,2021.0,-1.0,-1.0,Drama,112.0,Film,R,-1.0,No Rate,No Rate,No Rate,No Rate,No Rate
Trigger Point,2021.0,4.9,1719.0,"Action, Mystery, Thriller",85.0,Film,Not Rated,-1.0,Mild,Severe,Severe,Severe,Severe
Liv and Maddie,2021.0,6.4,7562.0,"Comedy, Drama, Family",22.0,Series,TV-G,80.0,None,None,None,None,None
I Still Believe,2020.0,6.5,10393.0,"Biography, Drama, Music",116.0,Film,PG,-1.0,None,None,None,None,Mild
Mr. Bean,2020.0,8.5,109230.0,"Comedy, Family",25.0,Series,TV-G,15.0,Mild,None,None,None,None
Blindspotting,2020.0,5.9,965.0,"Comedy, Crime, Drama",30.0,Series,TV-MA,9.0,Moderate,None,Severe,Moderate,Moderate
I Feel Pretty,2018.0,5.6,51927.0,"Comedy, Romance",110.0,Film,PG-13,-1.0,Moderate,None,Mild,Mild,None
H2O: Just Add Water,2018.0,7.2,13860.0,"Drama, Family, Fantasy",23.0,Series,TV-PG,78.0,None,None,None,None,None
A Wife's Nightmare,2014.0,5.9,1195.0,"Drama, Mystery, Thriller",85.0,Film,TV-PG,-1.0,Mild,Mild,Mild,Mild,Mild
Passions,2014.0,6.2,4461.0,Drama,60.0,Series,TV-14,1608.0,No Rate,No Rate,No Rate,No Rate,No Rate
Tenacious D in The Pick of Destiny,2006.0,6.8,105942.0,"Adventure, Comedy, Music",93.0,Film,R,-1.0,Moderate,Mild,Severe,Moderate,Mild
Star Trek: First Contact,1996.0,7.6,121655.0,"Action, Adventure, Drama",111.0,Film,PG-13,-1.0,Mild,Moderate,Mild,Mild,Mild
NewsRadio,1996.0,7.9,14640.0,"Comedy, Romance",23.0,Series,TV-PG,97.0,Mild,No Rate,Mild,No Rate,No Rate
The Time Traveler's Wife,1996.0,-1.0,-1.0,"Animation, Drama, Fantasy",-1.0,Series,None,6.0,No Rate,No Rate,No Rate,No Rate,No Rate
Mute,2018.0,5.5,33148.0,"Mystery, Sci-Fi, Thriller",126.0,Film,TV-MA,-1.0,Moderate,Moderate,Moderate,Mild,Moderate
Ted Bundy: American Boogeyman,2021.0,3.7,380.0,Crime,110.0,Film,None,-1.0,No Rate,No Rate,No Rate,No Rate,No Rate
Conviction,2019.0,6.8,399.0,"Short, Action, Sci-Fi",4.0,Film,None,-1.0,No Rate,No Rate,No Rate,No Rate,No Rate
The Long Home,2019.0,-1.0,-1.0,Drama,96.0,Film,None,-1.0,No Rate,No Rate,No Rate,No Rate,No Rate
Blade Runner: Black Lotus,2019.0,-1.0,-1.0,"Animation, Action, Crime",-1.0,Series,None,13.0,No Rate,No Rate,No Rate,No Rate,No Rate
Chinjeolhan geumjassi,2005.0,7.6,75602.0,"Crime, Drama, Thriller",115.0,Film,R,-1.0,Moderate,Severe,Moderate,Mild,Severe
Red Dawn,2012.0,5.4,75376.0,"Action, Drama",93.0,Film,PG-13,-1.0,Mild,Moderate,Moderate,Mild,Moderate
So I Married an Axe Murderer,1993.0,6.5,36499.0,"Comedy, Romance",93.0,Film,PG-13,-1.0,Mild,Mild,Moderate,Mild,Mild
A Good Old Fashioned Orgy,2011.0,6.1,22068.0,"Comedy, Romance",95.0,Film,R,-1.0,Moderate,None,Severe,Moderate,Mild
The Spectacular Now,2013.0,7.1,148609.0,"Comedy, Drama, Romance",95.0,Film,R,-1.0,Moderate,Mild,Severe,Moderate,Mild
Dokutaa Sutoon,2013.0,8.2,14650.0,"Animation, Action, Adventure",23.0,Series,TV-14,35.0,Mild,Mild,Mild,Mild,Mild
The Longest Ride,2015.0,7.1,79792.0,"Drama, Romance, Western",123.0,Film,PG-13,-1.0,Moderate,Mild,Mild,None,None
The Doctor Blake Mysteries,2015.0,8.1,4046.0,"Crime, Drama, Mystery",57.0,Series,TV-14,46.0,Mild,Mild,None,Mild,Mild
Raising Dion,2015.0,7.2,9872.0,"Drama, Sci-Fi",50.0,Series,TV-G,17.0,Mild,Mild,Mild,Mild,Mild
Hairspray,1988.0,7.0,20888.0,"Comedy, Drama, Family",92.0,Film,PG,-1.0,Mild,None,Mild,Mild,Mild
Paths of Glory,1957.0,8.4,187737.0,"Drama, War",88.0,Film,Approved,-1.0,None,Moderate,Mild,Mild,Moderate
Machete Kills,2013.0,5.6,76964.0,"Action, Crime, Thriller",107.0,Film,R,-1.0,Mild,Severe,Severe,Moderate,Moderate
The Sisterhood of the Traveling Pants,2005.0,6.5,58010.0,"Comedy, Drama, Romance",119.0,Film,PG,-1.0,Mild,None,None,Mild,Mild
Big Jake,1971.0,7.1,12260.0,Western,110.0,Film,PG-13,-1.0,None,Moderate,Moderate,Mild,Moderate
Midnight Sun,2018.0,6.6,27781.0,"Drama, Romance",91.0,Film,PG-13,-1.0,Mild,None,Mild,Mild,None
Back to School,1986.0,6.7,30413.0,"Comedy, Romance, Sport",96.0,Film,PG-13,-1.0,Moderate,Mild,Moderate,Mild,None
A Walk Among the Tombstones,2014.0,6.5,116851.0,"Action, Crime, Drama",114.0,Film,R,-1.0,Moderate,Severe,Severe,Moderate,Severe
Creeped Out,2014.0,6.6,1655.0,"Drama, Family, Fantasy",30.0,Series,TV-Y7,23.0,Mild,Moderate,Mild,None,Severe
Entourage,2015.0,6.6,78414.0,"Comedy, Drama",104.0,Film,R,-1.0,Moderate,Mild,Severe,Severe,Mild
The Gift,2000.0,6.7,66306.0,"Drama, Fantasy, Horror",112.0,Film,R,-1.0,Moderate,Moderate,Moderate,Mild,Severe
No mires para abajo,2008.0,6.0,2818.0,"Drama, Romance",85.0,Film,R,-1.0,Severe,None,Mild,Mild,None
Fatman,2020.0,5.9,19865.0,"Action, Comedy, Fantasy",100.0,Film,R,-1.0,None,Moderate,Moderate,Mild,Moderate
The Banana Splits Movie,2019.0,5.1,3462.0,"Comedy, Horror, Sci-Fi",89.0,Film,R,-1.0,None,Severe,Moderate,Mild,Severe
A Hologram for the King,2016.0,6.1,42874.0,"Comedy, Drama, Romance",98.0,Film,R,-1.0,Moderate,None,Mild,Mild,None
Hart to Hart,2016.0,6.6,7043.0,"Action, Adventure, Crime",60.0,Series,TV-PG,111.0,No Rate,No Rate,No Rate,No Rate,No Rate
Dollhouse,2016.0,7.7,47803.0,"Drama, Mystery, Sci-Fi",44.0,Series,TV-14,27.0,Mild,Moderate,Mild,Mild,Moderate
Zwartboek,2006.0,7.7,74825.0,"Drama, Thriller, War",145.0,Film,R,-1.0,Severe,Severe,Moderate,Moderate,Severe
Hot Summer Nights,2017.0,6.4,15784.0,"Comedy, Crime, Drama",107.0,Film,R,-1.0,Mild,Moderate,Severe,Severe,Moderate
Sharpe,2017.0,8.4,642.0,"Action, Adventure, Drama",-1.0,Series,None,18.0,No Rate,No Rate,No Rate,No Rate,No Rate
Time Bandits,1981.0,7.0,61303.0,"Adventure, Comedy, Fantasy",116.0,Film,PG,-1.0,None,Mild,Mild,Mild,Mild
Detectorists,1981.0,8.6,12545.0,Comedy,30.0,Series,Not Rated,19.0,None,None,Moderate,Mild,None
Bonnie and Clyde,1967.0,7.8,108427.0,"Action, Biography, Crime",111.0,Film,R,-1.0,Mild,Moderate,Mild,Mild,Moderate
Whitstable Pearl,1967.0,6.9,1124.0,"Crime, Drama, Mystery",-1.0,Series,TV-14,6.0,No Rate,Mild,Mild,Mild,No Rate
Dinosaur,2000.0,6.5,56995.0,"Animation, Adventure, Drama",82.0,Film,PG,-1.0,None,Moderate,None,None,Moderate
Centaurworld,2000.0,7.6,1020.0,"Animation, Adventure, Comedy",25.0,Series,TV-Y7,20.0,None,None,None,None,Mild
The Adjustment Bureau,2011.0,7.0,251126.0,"Romance, Sci-Fi, Thriller",106.0,Film,PG-13,-1.0,Mild,Mild,Moderate,Mild,Mild
Silent Hours,2021.0,5.0,132.0,Thriller,120.0,Film,None,-1.0,No Rate,No Rate,No Rate,No Rate,No Rate
Ice Age: Collision Course,2016.0,5.7,61249.0,"Animation, Adventure, Comedy",94.0,Film,PG,-1.0,Mild,Mild,None,None,Mild
Pink Flamingos,1972.0,6.1,23567.0,"Comedy, Crime",93.0,Film,NC-17,-1.0,Severe,Severe,Severe,Moderate,Severe
Kiss Kiss Bang Bang,2005.0,7.5,221172.0,"Comedy, Crime, Mystery",103.0,Film,R,-1.0,Moderate,Severe,Severe,Moderate,Mild
Inhumans,2017.0,5.0,23629.0,"Action, Adventure, Sci-Fi",43.0,Series,TV-PG,8.0,Moderate,Moderate,Mild,None,Mild
Belle de jour,1967.0,7.7,42495.0,"Drama, Romance",100.0,Film,R,-1.0,Moderate,Mild,Mild,Mild,Mild
Three,2005.0,4.9,9520.0,"Drama, Romance, Thriller",95.0,Film,TV-MA,-1.0,Moderate,Moderate,Moderate,Mild,Moderate
Mother's Day,2016.0,5.7,35717.0,"Comedy, Drama, Romance",118.0,Film,PG-13,-1.0,Mild,None,Mild,None,None
Andromeda,2016.0,6.6,13063.0,"Action, Adventure, Drama",43.0,Series,TV-PG,110.0,Mild,Mild,Mild,Mild,Mild
The Beguiled,1971.0,7.2,16846.0,"Drama, Thriller, War",105.0,Film,R,-1.0,Moderate,Moderate,Mild,Mild,Moderate
The Void,2016.0,5.9,33713.0,"Horror, Mystery, Sci-Fi",90.0,Film,Not Rated,-1.0,Mild,Severe,Severe,Mild,Severe
Carnage,2011.0,7.2,123706.0,"Comedy, Drama",80.0,Film,R,-1.0,None,Mild,Moderate,Moderate,Mild
When Hope Calls,2011.0,8.0,693.0,"Drama, Family, Romance",-1.0,Series,TV-G,11.0,No Rate,No Rate,None,No Rate,No Rate
Nathan for You,2011.0,8.9,23048.0,"Documentary, Comedy",30.0,Series,TV-14,32.0,Mild,None,Mild,Mild,None
The Hills Have Eyes II,2007.0,5.1,62546.0,"Horror, Thriller",89.0,Film,R,-1.0,Moderate,Severe,Severe,None,Severe
Doctor Doctor,2007.0,7.8,2563.0,"Comedy, Drama",50.0,Series,Not Rated,48.0,Moderate,Moderate,Moderate,Moderate,Moderate
Striptease,1996.0,4.5,44618.0,"Comedy, Crime, Drama",115.0,Film,R,-1.0,Moderate,Mild,Mild,Mild,Mild
Wrath of the Titans,2012.0,5.7,185495.0,"Action, Adventure, Fantasy",99.0,Film,PG-13,-1.0,None,Moderate,Mild,None,Moderate
The Naked Gun: From the Files of Police Squad!,1988.0,7.6,160852.0,"Comedy, Crime",85.0,Film,PG-13,-1.0,Moderate,Mild,Mild,Mild,None
Drunk History,1988.0,7.8,10130.0,"Comedy, History",22.0,Series,TV-14,72.0,Mild,Mild,Moderate,Severe,Mild
Inspector George Gently,1988.0,8.0,6444.0,"Crime, Drama, Mystery",89.0,Series,TV-MA,25.0,Mild,Mild,Moderate,Severe,No Rate
Flack,1988.0,7.2,4769.0,"Comedy, Drama",60.0,Series,TV-14,12.0,Mild,Mild,Severe,Severe,None
27 Dresses,2008.0,6.1,158973.0,"Comedy, Romance",111.0,Film,PG-13,-1.0,Mild,None,Mild,Mild,None
Selma,2014.0,7.5,89408.0,"Biography, Drama, History",128.0,Film,PG-13,-1.0,Mild,Moderate,Moderate,Mild,Moderate
Krypton,2014.0,6.9,15830.0,"Action, Adventure, Drama",45.0,Series,TV-14,20.0,Moderate,Moderate,Mild,Mild,Moderate
Kidding,2014.0,8.0,17339.0,"Comedy, Drama",30.0,Series,TV-MA,20.0,Moderate,Mild,Moderate,Moderate,Mild
Seberg,2019.0,5.8,7269.0,"Biography, Drama, Thriller",102.0,Film,R,-1.0,Mild,Mild,Moderate,Moderate,Mild
Dirty Rotten Scoundrels,1988.0,7.4,68266.0,"Comedy, Crime",110.0,Film,PG,-1.0,Mild,None,Mild,Mild,None
Bir Zamanlar Çukurova,1988.0,5.5,885.0,Drama,120.0,Series,None,108.0,No Rate,No Rate,No Rate,No Rate,No Rate
Nikita,1990.0,7.3,69949.0,"Action, Thriller",117.0,Film,R,-1.0,Mild,Severe,Moderate,Mild,Moderate
Breakfast on Pluto,2005.0,7.2,21792.0,"Comedy, Drama",128.0,Film,R,-1.0,Moderate,Moderate,Mild,Moderate,Moderate
American Gangster Presents: Big 50 - The Delrhonda Hood Story,2021.0,4.0,149.0,Drama,95.0,Film,None,-1.0,No Rate,No Rate,No Rate,No Rate,No Rate
Bad Blood,2021.0,7.5,8821.0,"Crime, Drama",47.0,Series,TV-MA,14.0,Mild,Severe,Moderate,Moderate,Moderate
Adventureland,2009.0,6.8,156494.0,"Comedy, Drama, Romance",107.0,Film,R,-1.0,Mild,Mild,Moderate,Moderate,None
WarGames,1983.0,7.1,95161.0,"Action, Adventure, Drama",114.0,Film,PG,-1.0,None,None,Mild,Mild,Mild
The White Orchid,2018.0,5.3,1000.0,"Drama, Mystery, Thriller",82.0,Film,TV-MA,-1.0,Mild,Mild,None,Mild,Mild
Never Back Down,2008.0,6.6,99068.0,"Action, Drama, Sport",113.0,Film,PG-13,-1.0,Mild,Moderate,Moderate,Mild,Moderate
Poltergeist III,1988.0,4.7,17936.0,"Horror, Thriller",98.0,Film,PG,-1.0,Mild,Moderate,Mild,Mild,Moderate
Corner Gas,1988.0,8.2,6745.0,Comedy,30.0,Series,TV-14,107.0,None,None,Mild,Mild,None
The Princess Diaries 2: Royal Engagement,2004.0,5.8,77450.0,"Comedy, Family, Romance",113.0,Film,G,-1.0,None,None,None,None,None
Bullitt,1968.0,7.4,65768.0,"Action, Crime, Thriller",114.0,Film,M/PG,-1.0,Mild,Moderate,Mild,None,Moderate
Kolskaya sverhglubokaya,2020.0,4.9,3290.0,"Horror, Thriller",115.0,Film,None,-1.0,No Rate,No Rate,No Rate,No Rate,No Rate
God's Not Dead,2014.0,4.7,41889.0,Drama,113.0,Film,PG,-1.0,None,Mild,None,Mild,Moderate
Food Wars: Shokugeki no Soma,2014.0,8.2,8508.0,"Animation, Comedy, Drama",24.0,Series,TV-14,89.0,Moderate,None,Mild,Mild,None
Norbit,2007.0,4.1,71920.0,"Comedy, Romance",103.0,Film,PG-13,-1.0,Moderate,Mild,Moderate,Mild,None
Bad Hair,2020.0,5.5,3147.0,"Comedy, Horror, Music",102.0,Film,Unrated,-1.0,Moderate,Severe,Moderate,None,Severe
Le dernier mercenaire,2021.0,5.3,7086.0,"Action, Adventure, Comedy",110.0,Film,TV-MA,-1.0,Mild,Moderate,Moderate,Mild,Mild
2 Days in the Valley,1996.0,6.5,19269.0,"Comedy, Crime, Thriller",104.0,Film,R,-1.0,Moderate,Moderate,Moderate,Mild,Mild
Pandorum,2009.0,6.7,147614.0,"Action, Horror, Mystery",108.0,Film,R,-1.0,Mild,Severe,Severe,None,Severe
Mirzapur,2009.0,8.5,63565.0,"Action, Crime, Drama",60.0,Series,TV-MA,19.0,Moderate,Severe,Severe,Severe,Severe
People Just Do Nothing: Big in Japan,2021.0,7.1,1601.0,"Comedy, Music",97.0,Film,R,-1.0,Moderate,Mild,Severe,Severe,None
Old Yeller,1957.0,7.3,12836.0,"Adventure, Drama, Family",83.0,Film,Approved,-1.0,None,Mild,None,None,Moderate
Snabba Cash,1957.0,7.6,7269.0,"Action, Crime, Drama",52.0,Series,TV-MA,7.0,Moderate,Severe,Moderate,Severe,Moderate
The Seventh Victim,1943.0,6.8,6525.0,"Drama, Horror, Mystery",71.0,Film,Approved,-1.0,No Rate,No Rate,No Rate,No Rate,No Rate
2067,2020.0,4.9,7658.0,Sci-Fi,114.0,Film,Not Rated,-1.0,None,Moderate,Severe,None,Moderate
Manhattan,2020.0,7.8,8180.0,"Drama, History, War",55.0,Series,TV-14,23.0,Moderate,No Rate,No Rate,No Rate,Moderate
Wet Hot American Summer,2001.0,6.6,56379.0,"Comedy, Romance",97.0,Film,R,-1.0,Mild,None,Moderate,Moderate,None
Fawlty Towers,2001.0,8.7,88569.0,Comedy,30.0,Series,TV-PG,12.0,Mild,None,Mild,Mild,None
"Hispania, la leyenda",2001.0,6.3,554.0,History,-1.0,Series,None,20.0,No Rate,No Rate,No Rate,No Rate,No Rate
John Q,2002.0,7.1,128820.0,"Crime, Drama, Thriller",116.0,Film,PG-13,-1.0,None,Mild,Moderate,Mild,Moderate
Persona,1966.0,8.1,111181.0,"Drama, Thriller",85.0,Film,Not Rated,-1.0,Moderate,Moderate,Mild,Mild,Moderate
The New Addams Family,1966.0,6.2,2087.0,"Comedy, Family, Horror",30.0,Series,None,65.0,No Rate,No Rate,No Rate,No Rate,No Rate
Glitch,1966.0,7.3,16413.0,"Drama, Horror, Sci-Fi",45.0,Series,TV-MA,18.0,Moderate,Mild,Moderate,Mild,Moderate
Jay and Silent Bob Strike Back,2001.0,6.8,151771.0,Comedy,104.0,Film,R,-1.0,Moderate,Mild,Severe,Moderate,None
Night of the Living Dead,1990.0,6.9,40684.0,Horror,92.0,Film,R,-1.0,Mild,Severe,Moderate,Mild,Moderate
Lucky Number Slevin,2006.0,7.7,306275.0,"Crime, Drama, Thriller",110.0,Film,R,-1.0,Moderate,Severe,Severe,Moderate,Moderate
Strange Days,1995.0,7.2,69623.0,"Action, Crime, Drama",145.0,Film,R,-1.0,Severe,Severe,Severe,Moderate,Severe
Where the Wild Things Are,2009.0,6.7,102926.0,"Adventure, Drama, Family",101.0,Film,PG,-1.0,None,Mild,Mild,None,Moderate
John Tucker Must Die,2006.0,5.8,81998.0,"Comedy, Romance",89.0,Film,PG-13,-1.0,Mild,None,Mild,Mild,None
Newsies,1992.0,6.9,19993.0,"Drama, Family, History",121.0,Film,PG,-1.0,None,Mild,Mild,Mild,Mild
Ratsasan,2018.0,8.4,35222.0,"Action, Crime, Drama",170.0,Film,Not Rated,-1.0,Mild,Severe,Mild,Mild,Severe
Trainwreck,2015.0,6.2,133788.0,"Comedy, Drama, Romance",125.0,Film,R,-1.0,Moderate,Mild,Severe,Severe,None
Zenra kantoku,2015.0,7.7,5525.0,"Biography, Drama",48.0,Series,TV-MA,16.0,Severe,Mild,Moderate,Moderate,Moderate
The Champ,1979.0,6.9,8321.0,"Drama, Sport",121.0,Film,PG,-1.0,Mild,Moderate,Mild,Mild,Severe
The Last Inn,2021.0,2.7,70.0,"Drama, Fantasy, Horror",97.0,Film,TV-MA,-1.0,Severe,No Rate,No Rate,No Rate,No Rate
Our Father,2021.0,5.4,86.0,"Comedy, Drama",96.0,Film,None,-1.0,No Rate,No Rate,No Rate,No Rate,No Rate
King Kong,1933.0,7.9,82705.0,"Adventure, Horror, Sci-Fi",100.0,Film,Passed,-1.0,Mild,Moderate,None,Mild,Moderate
Secret Diary of a Call Girl,1933.0,7.4,13200.0,Drama,30.0,Series,TV-MA,32.0,Severe,None,Severe,Moderate,Moderate
The Square,2017.0,7.2,59680.0,"Comedy, Drama",151.0,Film,R,-1.0,Moderate,Mild,Moderate,Mild,Moderate
Dragonball Evolution,2009.0,2.5,72403.0,"Action, Adventure, Fantasy",85.0,Film,PG,-1.0,Mild,Moderate,Mild,Mild,Moderate
The Captive,2014.0,5.9,32311.0,"Crime, Drama, Mystery",112.0,Film,R,-1.0,None,Mild,Moderate,Mild,Moderate
Ryû to sobakasu no hime,2021.0,7.2,552.0,"Animation, Adventure, Drama",121.0,Film,None,-1.0,No Rate,No Rate,No Rate,No Rate,No Rate
Max Payne,2008.0,5.3,124325.0,"Action, Crime, Drama",100.0,Film,PG-13,-1.0,Mild,Severe,Moderate,Mild,Mild
The Creed of Violence,2008.0,-1.0,-1.0,"Action, Crime, Drama",-1.0,Film,None,-1.0,No Rate,No Rate,No Rate,No Rate,No Rate
Anatomy of a Murder,1959.0,8.0,63564.0,"Drama, Mystery",161.0,Film,Not Rated,-1.0,None,Mild,Mild,Mild,Mild
SAS Australia,1959.0,7.5,141.0,Reality-TV,-1.0,Series,None,25.0,No Rate,No Rate,No Rate,No Rate,No Rate
4: Rise of the Silver Surfer,2007.0,5.6,257269.0,"Action, Adventure, Fantasy",92.0,Film,PG,-1.0,Mild,Mild,Mild,Mild,Mild
King of Thieves,2018.0,5.5,12957.0,"Biography, Crime, Drama",108.0,Film,R,-1.0,Mild,Mild,Severe,Moderate,Mild
The Dukes of Hazzard,2005.0,5.1,77398.0,Comedy,104.0,Film,PG-13,-1.0,Moderate,Mild,Moderate,Mild,None
Act Naturally,2011.0,4.8,776.0,"Comedy, Drama",90.0,Film,Unrated,-1.0,Moderate,None,Moderate,Mild,None
Antares,2004.0,6.1,2943.0,"Drama, Romance",105.0,Film,Unrated,-1.0,Moderate,None,Moderate,None,Mild
Ansatsu kyôshitsu,2004.0,8.0,11713.0,"Animation, Action, Comedy",23.0,Series,TV-14,49.0,Moderate,Moderate,Mild,Mild,Moderate
Priest,2011.0,5.7,117946.0,"Action, Adventure, Fantasy",87.0,Film,PG-13,-1.0,None,Severe,Mild,Mild,Moderate
Operation Finale,2018.0,6.6,37874.0,"Biography, Drama, History",122.0,Film,PG-13,-1.0,None,Moderate,Mild,Mild,Moderate
Take Shelter,2011.0,7.3,97619.0,"Drama, Sci-Fi, Thriller",121.0,Film,R,-1.0,None,Mild,Mild,Mild,Moderate
Las chicas del cable,2011.0,7.6,13282.0,Drama,50.0,Series,TV-14,42.0,Moderate,Mild,Mild,Moderate,Mild
A Perfect Getaway,2009.0,6.5,70472.0,"Drama, Mystery, Thriller",98.0,Film,R,-1.0,Moderate,Severe,Moderate,Moderate,Moderate
Happy Feet,2006.0,6.4,177189.0,"Animation, Adventure, Comedy",108.0,Film,PG,-1.0,Mild,Mild,None,None,Mild
When a Stranger Calls,2006.0,5.1,44661.0,"Horror, Thriller",87.0,Film,PG-13,-1.0,None,Moderate,Mild,Mild,Moderate
A House on the Bayou,2021.0,-1.0,-1.0,"Horror, Thriller",-1.0,Film,None,-1.0,No Rate,No Rate,No Rate,No Rate,No Rate
P.S. I Love You,2007.0,7.0,204769.0,"Comedy, Drama, Romance",126.0,Film,PG-13,-1.0,Mild,None,Mild,Mild,None
Monsters vs. Aliens,2009.0,6.4,154051.0,"Animation, Action, Adventure",94.0,Film,PG,-1.0,None,Mild,None,None,Mild
Friday Night Dinner,2009.0,8.1,16488.0,Comedy,24.0,Series,TV-14,37.0,Mild,None,Moderate,Mild,None
Pan Am,2009.0,7.0,19496.0,"Drama, History, Romance",42.0,Series,TV-PG,14.0,None,Mild,No Rate,No Rate,No Rate
Tangerine,2015.0,7.1,29331.0,"Comedy, Crime, Drama",88.0,Film,R,-1.0,Severe,Mild,Severe,Moderate,Mild
Resident Evil: Afterlife,2010.0,5.8,166654.0,"Action, Adventure, Horror",96.0,Film,R,-1.0,Mild,Severe,Moderate,None,Moderate
Bad Trip,2021.0,6.6,21273.0,Comedy,86.0,Film,Unrated,-1.0,Severe,Moderate,Severe,Mild,Mild
The Oval,2021.0,4.1,1029.0,Drama,60.0,Series,TV-14,50.0,Moderate,No Rate,No Rate,No Rate,No Rate
Wycliffe,2021.0,7.1,702.0,"Crime, Drama, Mystery",50.0,Series,TV-14,37.0,No Rate,No Rate,No Rate,No Rate,No Rate
Gia,1998.0,7.0,43350.0,"Biography, Drama, Romance",120.0,Film,R,-1.0,Severe,Mild,Moderate,Severe,Moderate
The Brood,1979.0,6.8,28061.0,"Horror, Sci-Fi",92.0,Film,R,-1.0,Mild,Severe,Mild,Mild,Severe
Night Raiders,2021.0,6.4,118.0,Sci-Fi,97.0,Film,None,-1.0,No Rate,No Rate,No Rate,No Rate,No Rate
Sam & Cat,2021.0,5.7,8455.0,"Comedy, Drama, Family",30.0,Series,TV-G,35.0,None,Mild,Mild,None,Mild
Roxanne,1987.0,6.6,42989.0,"Comedy, Romance",107.0,Film,PG,-1.0,Mild,Mild,Moderate,Mild,None
The Detour,1987.0,7.7,6531.0,"Adventure, Comedy",30.0,Series,TV-MA,42.0,Mild,Mild,No Rate,No Rate,No Rate
Scooby-Doo! Mystery Incorporated,1987.0,8.0,10448.0,"Animation, Adventure, Comedy",23.0,Series,TV-Y7-FV,52.0,Mild,Mild,None,Mild,Moderate
The Forgiven,2021.0,6.8,62.0,Drama,117.0,Film,None,-1.0,No Rate,No Rate,No Rate,No Rate,No Rate
America: The Motion Picture,2021.0,5.6,5365.0,"Animation, Action, Adventure",98.0,Film,TV-MA,-1.0,Moderate,Severe,Severe,Mild,Mild
Resort to Love,2021.0,5.7,4562.0,"Comedy, Romance",101.0,Film,PG,-1.0,Mild,None,None,Mild,None
Killjoys,2021.0,7.2,21218.0,"Action, Adventure, Sci-Fi",42.0,Series,TV-MA,50.0,Moderate,Moderate,Mild,Mild,Mild
AVPR: Aliens vs Predator - Requiem,2007.0,4.6,120131.0,"Action, Horror, Sci-Fi",94.0,Film,R,-1.0,Mild,Severe,Moderate,Mild,Severe
"Endings, Beginnings",2019.0,5.7,5042.0,Drama,110.0,Film,Unrated,-1.0,Moderate,None,Moderate,Moderate,None
La cara oculta,2011.0,7.4,40729.0,"Drama, Mystery, Thriller",97.0,Film,R,-1.0,Severe,Mild,Mild,Mild,Moderate
Dumb and Dumber To,2014.0,5.6,133162.0,Comedy,109.0,Film,PG-13,-1.0,Moderate,Mild,Moderate,Mild,Mild
Brawl in Cell Block 99,2017.0,7.2,62894.0,"Action, Crime, Drama",132.0,Film,Not Rated,-1.0,Mild,Severe,Moderate,Mild,Severe
Lake Mungo,2008.0,6.3,20647.0,"Drama, Horror, Mystery",87.0,Film,R,-1.0,Moderate,Moderate,None,Mild,Severe
Alpha,2018.0,6.7,59238.0,"Action, Adventure, Drama",96.0,Film,PG-13,-1.0,None,Mild,None,None,Moderate
The Kindergarten Teacher,2018.0,6.7,14388.0,"Drama, Thriller",96.0,Film,R,-1.0,Moderate,None,Mild,Mild,None
Tenki no ko,2019.0,7.5,31527.0,"Animation, Drama, Fantasy",112.0,Film,PG-13,-1.0,Mild,Mild,Mild,Mild,Mild
Dalkomhan insaeng,2005.0,7.5,38677.0,"Action, Crime, Drama",119.0,Film,Not Rated,-1.0,None,Severe,Severe,Mild,Moderate
Four Rooms,1995.0,6.8,101583.0,Comedy,98.0,Film,R,-1.0,Moderate,Moderate,Severe,Moderate,Moderate
Tate no Yuusha no Nariagari,1995.0,8.1,9023.0,"Animation, Action, Adventure",24.0,Series,TV-14,26.0,Mild,Moderate,Mild,Mild,Moderate
Ma Rainey's Black Bottom,2020.0,6.9,47046.0,"Drama, Music",94.0,Film,R,-1.0,Mild,Mild,Moderate,Mild,Mild
My Struggle,2021.0,8.7,74.0,Biography,-1.0,Film,None,-1.0,No Rate,No Rate,No Rate,No Rate,No Rate
The Whole Truth,2016.0,6.2,27223.0,"Crime, Drama, Mystery",93.0,Film,R,-1.0,Mild,Mild,Mild,Mild,Mild
Mallrats,1995.0,7.1,119801.0,"Comedy, Romance",94.0,Film,R,-1.0,Moderate,Mild,Severe,Moderate,None
The Bureau of Magical Things,1995.0,6.8,1608.0,"Family, Fantasy, Mystery",25.0,Series,TV-G,40.0,None,None,None,None,None
Mommy,2014.0,8.1,54020.0,Drama,139.0,Film,R,-1.0,Mild,Moderate,Severe,Moderate,Moderate
The Assistant,2019.0,6.3,19964.0,Drama,87.0,Film,R,-1.0,None,None,Mild,Mild,Mild
The Personal History of David Copperfield,2019.0,6.4,17770.0,"Comedy, Drama",119.0,Film,PG,-1.0,None,Mild,None,Mild,Mild
The Family Man,2000.0,6.8,106632.0,"Comedy, Drama, Fantasy",125.0,Film,PG-13,-1.0,Mild,None,Mild,Mild,None
Elle,2016.0,7.1,64036.0,"Crime, Drama, Thriller",130.0,Film,R,-1.0,Severe,Severe,Moderate,Mild,Severe
Daddy Day Care,2003.0,5.6,66308.0,"Comedy, Family",92.0,Film,PG,-1.0,None,Mild,Mild,None,None
Alvin and the Chipmunks: The Road Chip,2015.0,5.0,18357.0,"Animation, Adventure, Comedy",92.0,Film,PG,-1.0,Mild,Mild,Mild,Mild,Mild
The Red Sea Diving Resort,2019.0,6.6,26953.0,"Drama, History, Thriller",129.0,Film,TV-MA,-1.0,Mild,Moderate,Moderate,Mild,Severe
How High,2001.0,6.3,56036.0,"Comedy, Fantasy",93.0,Film,R,-1.0,Moderate,Mild,Severe,Severe,None
Chugyeokja,2008.0,7.8,62423.0,"Action, Crime, Thriller",125.0,Film,Not Rated,-1.0,Mild,Severe,Moderate,Mild,Severe
Forever,2008.0,8.3,55231.0,"Crime, Drama, Fantasy",43.0,Series,TV-PG,22.0,None,Moderate,Mild,Mild,Moderate
The Human Centipede II (Full Sequence),2011.0,3.8,37492.0,Horror,91.0,Film,Not Rated,-1.0,Severe,Severe,Severe,Mild,Severe
Double Indemnity,1944.0,8.3,150448.0,"Crime, Drama, Film-Noir",107.0,Film,Passed,-1.0,None,Mild,None,Mild,Mild
Before the Devil Knows You're Dead,2007.0,7.3,100668.0,"Crime, Drama, Thriller",117.0,Film,R,-1.0,Severe,Moderate,Severe,Severe,Severe
Queen Bees,2021.0,6.0,887.0,"Comedy, Drama, Romance",100.0,Film,PG-13,-1.0,None,None,Mild,Moderate,None
Death Race,2008.0,6.3,203578.0,"Action, Sci-Fi, Thriller",105.0,Film,R,-1.0,Mild,Severe,Severe,Mild,Moderate
Smokey and the Bandit,1977.0,7.0,48070.0,"Action, Adventure, Comedy",96.0,Film,PG,-1.0,Mild,Mild,Moderate,Mild,None
Dante's Peak,1997.0,6.0,86689.0,"Action, Adventure, Thriller",108.0,Film,PG-13,-1.0,Mild,Moderate,Mild,Mild,Moderate
"Doogie Howser, M.D.",1997.0,6.5,8443.0,"Comedy, Drama, Family",30.0,Series,TV-PG,97.0,None,Mild,None,Mild,Mild
Strange But True,2019.0,5.9,4151.0,Thriller,96.0,Film,PG-13,-1.0,Mild,Mild,Moderate,Moderate,Moderate
Yes Day,2021.0,5.7,20492.0,"Comedy, Family",86.0,Film,PG,-1.0,None,Mild,None,None,None
I Spit on Your Grave: Deja Vu,2019.0,2.3,2463.0,"Horror, Thriller",148.0,Film,Not Rated,-1.0,Severe,Severe,Severe,Mild,Moderate
The Jungle Book,1967.0,7.6,173033.0,"Animation, Adventure, Comedy",78.0,Film,G,-1.0,None,Mild,None,None,Mild
Smokin' Aces,2006.0,6.7,141825.0,"Action, Comedy, Crime",109.0,Film,R,-1.0,Moderate,Severe,Severe,Severe,Severe
Mannequin,1987.0,5.9,30803.0,"Comedy, Fantasy, Romance",90.0,Film,PG,-1.0,Mild,Mild,Mild,Mild,None
Treasure Planet,2002.0,7.2,110023.0,"Animation, Adventure, Family",95.0,Film,PG,-1.0,None,Mild,None,Mild,Mild
Gokushufudo,2002.0,7.3,3076.0,"Animation, Action, Comedy",16.0,Series,TV-14,10.0,None,Mild,Moderate,Mild,None
Blues Brothers 2000,1998.0,4.9,32611.0,"Action, Comedy, Crime",123.0,Film,PG-13,-1.0,Mild,Mild,Mild,Mild,None
Easy Rider,1969.0,7.3,105849.0,"Adventure, Drama",95.0,Film,R,-1.0,Mild,Moderate,Mild,Severe,Mild
Miranda,1969.0,8.2,14376.0,Comedy,30.0,Series,TV-MA,20.0,Mild,None,Mild,Mild,None
The Ridiculous 6,2015.0,4.8,46822.0,"Action, Adventure, Comedy",119.0,Film,TV-14,-1.0,Moderate,Moderate,Moderate,Mild,Mild
Shrek Forever After,2010.0,6.3,193816.0,"Animation, Adventure, Comedy",93.0,Film,PG,-1.0,Mild,Mild,Mild,Mild,Mild
Heavenly Creatures,1994.0,7.3,61972.0,"Biography, Crime, Drama",99.0,Film,R,-1.0,Moderate,Moderate,Mild,Mild,Moderate
The Brothers Grimm,2005.0,5.9,118683.0,"Action, Adventure, Comedy",118.0,Film,PG-13,-1.0,None,Moderate,Mild,Mild,Moderate
Olympus Has Fallen,2013.0,6.5,266391.0,"Action, Thriller",119.0,Film,R,-1.0,None,Severe,Severe,Mild,Severe
From Dusk Till Dawn: The Series,2013.0,6.9,19852.0,"Action, Crime, Fantasy",45.0,Series,TV-MA,30.0,Moderate,Severe,Moderate,Moderate,Severe
Nurse Jackie,2013.0,7.7,25825.0,"Comedy, Drama",27.0,Series,TV-MA,80.0,Moderate,Moderate,Severe,Severe,Moderate
The Little Vampire,2000.0,5.8,10173.0,"Adventure, Comedy, Family",95.0,Film,PG,-1.0,No Rate,Mild,None,Mild,Mild
Rounders,1998.0,7.3,146609.0,"Crime, Drama",121.0,Film,R,-1.0,Moderate,Moderate,Severe,Moderate,Mild
The Girl Who Got Away,2021.0,5.7,3478.0,"Horror, Thriller",116.0,Film,TV-MA,-1.0,Mild,Severe,Moderate,No Rate,No Rate
Sudden Impact,1983.0,6.6,43170.0,"Action, Crime, Thriller",117.0,Film,R,-1.0,Moderate,Severe,Moderate,Moderate,Severe
The Boy Next Door,2015.0,4.7,40671.0,Thriller,91.0,Film,R,-1.0,Severe,Severe,Severe,Mild,Severe
The Lego Batman Movie,2017.0,7.3,138551.0,"Animation, Action, Adventure",104.0,Film,PG,-1.0,None,Mild,Mild,None,Mild
Nanny McPhee,2005.0,6.6,72220.0,"Comedy, Family, Fantasy",97.0,Film,PG,-1.0,None,Mild,None,None,None
Seulgiroun Euisasaenghal,2005.0,8.8,3743.0,"Comedy, Drama",84.0,Series,TV-14,24.0,No Rate,None,None,None,None
Deadly Cuts,2021.0,7.2,52.0,Comedy,90.0,Film,None,-1.0,No Rate,No Rate,No Rate,No Rate,No Rate
Liar,2021.0,7.1,8209.0,"Crime, Drama, Thriller",45.0,Series,TV-14,12.0,Mild,Mild,Mild,Mild,Moderate
Tra(sgre)dire,2000.0,5.5,5389.0,"Comedy, Drama",91.0,Film,Not Rated,-1.0,Severe,None,Mild,Mild,None
B Positive,2000.0,6.0,1906.0,"Comedy, Drama",22.0,Series,TV-14,22.0,Mild,None,None,Moderate,None
Roma città aperta,1945.0,8.1,25141.0,"Drama, Thriller, War",103.0,Film,Not Rated,-1.0,Mild,Moderate,None,Mild,Severe
Swingers,1996.0,7.2,79641.0,"Comedy, Drama",96.0,Film,R,-1.0,Mild,None,Severe,Moderate,None
Dancing with the Stars,1996.0,4.7,9647.0,"Family, Game-Show, Music",60.0,Series,TV-PG,478.0,Mild,None,None,None,None
Las Vegas,1996.0,7.4,26702.0,"Crime, Drama",60.0,Series,TV-14,106.0,Mild,No Rate,No Rate,Mild,Mild
The Counselor,2013.0,5.3,98660.0,"Crime, Drama, Thriller",117.0,Film,R,-1.0,Moderate,Severe,Severe,Moderate,Severe
Velvet,2013.0,8.1,5646.0,Drama,43.0,Series,TV-14,55.0,Severe,No Rate,Moderate,Moderate,Severe
Push,2009.0,6.1,108415.0,"Action, Sci-Fi, Thriller",111.0,Film,PG-13,-1.0,None,Moderate,Moderate,Moderate,Moderate
The Dead Center,2018.0,5.8,2458.0,"Horror, Mystery, Thriller",92.0,Film,Not Rated,-1.0,None,Severe,Mild,Mild,Moderate
Angel Heart,1987.0,7.3,84448.0,"Horror, Mystery, Thriller",113.0,Film,X,-1.0,Severe,Severe,Moderate,Moderate,Severe
Jurassic World: Camp Cretaceous,1987.0,7.6,5950.0,"Animation, Action, Adventure",24.0,Series,TV-PG,26.0,None,Mild,None,None,Moderate
Z-O-M-B-I-E-S,2018.0,6.2,4532.0,"Family, Musical, Romance",94.0,Film,TV-G,-1.0,None,Mild,None,None,Mild
Rock of Ages,2012.0,5.9,75925.0,"Comedy, Drama, Musical",123.0,Film,PG-13,-1.0,Moderate,Mild,Moderate,Moderate,None
Ella Enchanted,2004.0,6.3,65283.0,"Comedy, Family, Fantasy",96.0,Film,PG,-1.0,None,Mild,None,None,None
Letters to Juliet,2010.0,6.5,96436.0,"Adventure, Comedy, Drama",105.0,Film,PG,-1.0,None,None,Mild,Mild,None
Nymphomaniac: Vol. II,2013.0,6.7,89446.0,Drama,124.0,Film,Not Rated,-1.0,Severe,Severe,Severe,Mild,Severe
Heavy Metal 2000,2000.0,5.4,8161.0,"Animation, Action, Adventure",88.0,Film,R,-1.0,Moderate,Moderate,Mild,Mild,Severe
Timeline,2003.0,5.7,61966.0,"Action, Adventure, Sci-Fi",116.0,Film,PG-13,-1.0,None,Moderate,Moderate,Mild,Moderate
The Vicar of Dibley,2003.0,8.0,12777.0,Comedy,60.0,Series,TV-PG,30.0,Mild,None,Mild,Mild,None
Petite maman,2021.0,7.3,1106.0,"Drama, Fantasy",72.0,Film,None,-1.0,No Rate,No Rate,No Rate,No Rate,No Rate
Great White,2021.0,4.1,5315.0,"Horror, Thriller",91.0,Film,None,-1.0,No Rate,No Rate,No Rate,No Rate,No Rate
Motherland,2021.0,7.8,4103.0,Comedy,30.0,Series,TV-MA,19.0,Mild,None,Moderate,Mild,None
Youth,2015.0,7.3,74786.0,"Comedy, Drama, Music",124.0,Film,R,-1.0,Moderate,None,Mild,Mild,Mild
Annie Hall,1977.0,8.0,258522.0,"Comedy, Romance",93.0,Film,PG,-1.0,Moderate,None,Mild,Mild,None
Red Eye,2005.0,6.5,116263.0,Thriller,85.0,Film,PG-13,-1.0,None,Moderate,Mild,Mild,Moderate
Dangerous Liaisons,1988.0,7.6,67388.0,"Drama, Romance",119.0,Film,R,-1.0,Moderate,Mild,Mild,None,Mild
Spider-Man 4: Fan Film,2021.0,-1.0,-1.0,"Action, Adventure, Drama",-1.0,Film,None,-1.0,No Rate,No Rate,No Rate,No Rate,No Rate
Ride Along,2014.0,6.2,108532.0,"Action, Comedy, Crime",99.0,Film,PG-13,-1.0,Mild,Moderate,Moderate,Moderate,Mild
The Silencing,2020.0,6.2,18068.0,"Action, Crime, Thriller",93.0,Film,R,-1.0,Mild,Moderate,Mild,Moderate,Moderate
After.Life,2009.0,5.9,37850.0,"Drama, Mystery, Thriller",104.0,Film,R,-1.0,Moderate,Moderate,Moderate,Mild,Moderate
Queen & Slim,2019.0,7.1,28319.0,"Crime, Drama, Romance",132.0,Film,R,-1.0,Moderate,Moderate,Severe,Moderate,Moderate
Central Intelligence,2016.0,6.3,170350.0,"Action, Comedy, Crime",107.0,Film,PG-13,-1.0,Moderate,Moderate,Moderate,Mild,Mild
Cat People,1942.0,7.3,21459.0,"Fantasy, Horror, Thriller",73.0,Film,Not Rated,-1.0,Mild,Mild,None,Mild,Mild
All My Children,1942.0,6.6,2788.0,"Drama, Romance, Mystery",60.0,Series,TV-PG,4050.0,Severe,Severe,Severe,Severe,Severe
Grandma's Boy,2006.0,7.0,80496.0,Comedy,94.0,Film,R,-1.0,Moderate,Mild,Severe,Severe,None
The Vow,2012.0,6.8,188981.0,"Drama, Romance",104.0,Film,PG-13,-1.0,Moderate,Mild,Mild,Mild,Moderate
St. Elsewhere,2012.0,7.9,4168.0,"Comedy, Drama",60.0,Series,TV-PG,137.0,No Rate,No Rate,No Rate,No Rate,No Rate
Hunter Hunter,2020.0,6.4,7919.0,"Horror, Thriller",93.0,Film,Unrated,-1.0,Mild,Severe,None,Mild,Severe
Algoissjiman,2021.0,7.3,2324.0,"Drama, Romance",70.0,Series,None,10.0,No Rate,No Rate,No Rate,No Rate,No Rate
The Man in the Moon,1991.0,7.3,16228.0,"Drama, Romance",99.0,Film,PG-13,-1.0,Mild,Moderate,Mild,None,Mild
Salvation,1991.0,7.0,20790.0,"Drama, Sci-Fi, Thriller",43.0,Series,TV-14,26.0,Mild,No Rate,No Rate,No Rate,No Rate
The Kid Detective,2020.0,7.0,14680.0,"Comedy, Drama, Mystery",100.0,Film,R,-1.0,Mild,Mild,Moderate,Moderate,Mild
CHiPs,2020.0,6.4,9074.0,"Crime, Drama, Mystery",60.0,Series,TV-PG,139.0,No Rate,No Rate,No Rate,No Rate,No Rate
Happy Death Day 2U,2019.0,6.2,67012.0,"Comedy, Horror, Mystery",100.0,Film,PG-13,-1.0,Mild,Moderate,Moderate,Mild,Moderate
El orfanato,2007.0,7.4,151461.0,"Drama, Horror, Mystery",105.0,Film,R,-1.0,None,Moderate,Mild,Mild,Moderate
Salt,2010.0,6.4,304766.0,"Action, Thriller",100.0,Film,PG-13,-1.0,Mild,Severe,Moderate,Mild,Moderate
Moxie,2021.0,6.7,22231.0,"Comedy, Drama, Music",111.0,Film,PG-13,-1.0,Mild,None,Mild,Mild,None
Tin Star,2021.0,7.3,13236.0,"Crime, Drama, Thriller",60.0,Series,TV-MA,25.0,Moderate,Severe,Severe,Moderate,Moderate
Gandhi,1982.0,8.0,223910.0,"Biography, Drama, History",191.0,Film,PG,-1.0,None,Moderate,Mild,None,Moderate
Naked and Afraid of Love,1982.0,3.1,155.0,"Reality-TV, Romance",60.0,Series,None,11.0,No Rate,No Rate,No Rate,No Rate,No Rate
"Sex, Lies, and Videotape",1989.0,7.2,52896.0,Drama,100.0,Film,R,-1.0,Mild,None,Moderate,Mild,Mild
Yes Man,2008.0,6.8,347718.0,"Comedy, Romance",104.0,Film,PG-13,-1.0,Moderate,Mild,Moderate,Moderate,None
Star Trek: Nemesis,2002.0,6.4,76729.0,"Action, Adventure, Sci-Fi",116.0,Film,PG-13,-1.0,Mild,Moderate,Mild,Mild,Moderate
The Crying Game,1992.0,7.3,53664.0,"Crime, Drama, Romance",112.0,Film,R,-1.0,Moderate,Moderate,Severe,Moderate,Severe
Toy Boy,1992.0,6.4,6110.0,"Action, Adventure, Crime",-1.0,Series,TV-MA,21.0,Moderate,Moderate,Moderate,Moderate,Mild
Maze Runner: The Scorch Trials,2015.0,6.3,234897.0,"Action, Adventure, Sci-Fi",131.0,Film,PG-13,-1.0,None,Moderate,Moderate,Mild,Moderate
Network,1976.0,8.1,152766.0,Drama,121.0,Film,R,-1.0,Mild,Mild,Moderate,Mild,Moderate
The First Purge,2018.0,5.2,60219.0,"Action, Horror, Sci-Fi",97.0,Film,R,-1.0,Mild,Severe,Severe,Moderate,Moderate
The Collector,2009.0,6.4,62207.0,"Horror, Thriller",90.0,Film,R,-1.0,Moderate,Severe,Moderate,Mild,Severe
13 Ghosts,1960.0,6.1,5929.0,"Horror, Mystery",85.0,Film,Not Rated,-1.0,None,Mild,None,None,Moderate
Star Trek: Strange New Worlds,1960.0,-1.0,-1.0,"Action, Adventure, Sci-Fi",-1.0,Series,None,10.0,No Rate,No Rate,No Rate,No Rate,No Rate
The Survivalist,2015.0,6.4,16592.0,"Drama, Sci-Fi, Thriller",104.0,Film,Not Rated,-1.0,Severe,Severe,None,Mild,Severe
Rookie Blue,2015.0,7.7,16620.0,"Action, Crime, Drama",42.0,Series,TV-14,74.0,Mild,Moderate,Mild,Moderate,Mild
Open Range,2003.0,7.4,69970.0,"Action, Drama, Romance",139.0,Film,R,-1.0,None,Moderate,Moderate,Mild,Mild
Black Christmas,2019.0,3.4,13909.0,"Horror, Mystery, Thriller",92.0,Film,PG-13,-1.0,Mild,Moderate,Mild,Mild,Mild
The Knick,2019.0,8.5,45989.0,"Drama, History",58.0,Series,TV-MA,21.0,Moderate,Severe,Moderate,Severe,Severe
The Highwaymen,2019.0,6.9,83898.0,"Biography, Crime, Drama",132.0,Film,R,-1.0,None,Moderate,Mild,Moderate,Moderate
Patriot,2019.0,8.3,13306.0,"Comedy, Drama, Thriller",58.0,Series,TV-MA,18.0,Moderate,Moderate,Severe,Moderate,Moderate
The Good Shepherd,2006.0,6.7,100949.0,"Drama, History, Thriller",167.0,Film,R,-1.0,Moderate,Moderate,Moderate,Mild,Moderate
Home,2015.0,6.6,97439.0,"Animation, Adventure, Comedy",94.0,Film,PG,-1.0,None,Mild,None,None,Mild
Our Girl,2015.0,7.7,3829.0,"Action, Drama, Thriller",60.0,Series,TV-14,28.0,No Rate,No Rate,No Rate,No Rate,No Rate
The Gambler,2014.0,6.1,68871.0,"Crime, Drama, Thriller",111.0,Film,R,-1.0,Moderate,Mild,Severe,Mild,Mild
The Innocents,1961.0,7.8,28792.0,Horror,100.0,Film,Not Rated,-1.0,None,Mild,None,None,Moderate
Seeking a Friend for the End of the World,2012.0,6.7,110973.0,"Adventure, Comedy, Drama",101.0,Film,R,-1.0,Mild,Moderate,Mild,Moderate,Moderate
Nocturne,2020.0,5.7,7328.0,"Horror, Mystery, Thriller",90.0,Film,Not Rated,-1.0,Mild,Moderate,Moderate,Mild,Moderate
Cloudy with a Chance of Meatballs,2009.0,6.9,216940.0,"Animation, Adventure, Comedy",90.0,Film,PG,-1.0,None,Mild,Mild,None,Mild
In the Tall Grass,2019.0,5.4,51569.0,"Horror, Mystery, Sci-Fi",101.0,Film,TV-MA,-1.0,Mild,Severe,Moderate,None,Moderate
Borat: Cultural Learnings of America for Make Benefit Glorious Nation of Kazakhstan,2006.0,7.3,391697.0,Comedy,84.0,Film,R,-1.0,Severe,Mild,Moderate,Mild,Mild
Never Rarely Sometimes Always,2020.0,7.4,23959.0,Drama,101.0,Film,PG-13,-1.0,Mild,Mild,Mild,Mild,Moderate
American Mary,2012.0,6.3,24525.0,"Drama, Horror",103.0,Film,R,-1.0,Severe,Severe,Severe,Moderate,Severe
We Were Soldiers,2002.0,7.2,135572.0,"Action, Drama, History",138.0,Film,R,-1.0,Mild,Severe,Moderate,Mild,Severe
The Grudge,2020.0,4.3,23108.0,"Fantasy, Horror",94.0,Film,R,-1.0,None,Severe,Moderate,Mild,Severe
The Fundamentals of Caring,2016.0,7.3,67258.0,"Comedy, Drama",97.0,Film,TV-MA,-1.0,Mild,None,Severe,Mild,None
Newness,2017.0,6.3,15660.0,"Drama, Romance",117.0,Film,Unrated,-1.0,Moderate,Mild,Moderate,Moderate,Mild
Dreamcatcher,2003.0,5.5,90767.0,"Drama, Horror, Sci-Fi",136.0,Film,R,-1.0,Mild,Severe,Moderate,Mild,Severe
Tarzan,1999.0,7.3,213346.0,"Animation, Adventure, Drama",88.0,Film,G,-1.0,None,Mild,None,Mild,Moderate
Don't Tell Mom the Babysitter's Dead,1991.0,6.3,31676.0,Comedy,102.0,Film,PG-13,-1.0,Mild,None,Moderate,Moderate,None
The Man from Earth,2007.0,7.9,181233.0,"Drama, Fantasy, Mystery",87.0,Film,Not Rated,-1.0,None,None,No Rate,Mild,Mild
The Judge,2014.0,7.4,185410.0,"Crime, Drama",141.0,Film,R,-1.0,Mild,None,Moderate,Mild,None
The Imaginarium of Doctor Parnassus,2009.0,6.8,146954.0,"Adventure, Comedy, Fantasy",123.0,Film,PG-13,-1.0,Mild,Moderate,Mild,Moderate,Moderate
The Chronicles of Narnia: Prince Caspian,2008.0,6.5,201807.0,"Action, Adventure, Family",150.0,Film,PG,-1.0,None,Moderate,None,None,Moderate
The Little Girl Who Lives Down the Lane,1976.0,7.0,14452.0,"Drama, Horror, Mystery",91.0,Film,PG,-1.0,Moderate,Moderate,Mild,Mild,Moderate
Billy Elliot,2000.0,7.7,130745.0,"Drama, Music",110.0,Film,R,-1.0,Mild,Mild,Severe,Mild,Mild
Carriers,2009.0,6.0,45437.0,"Action, Adventure, Drama",85.0,Film,PG-13,-1.0,None,Moderate,Moderate,Mild,Mild
Red Riding Hood,2011.0,5.5,110201.0,"Fantasy, Horror, Mystery",100.0,Film,PG-13,-1.0,Mild,Moderate,Mild,Mild,Moderate
According to Jim,2011.0,6.4,35174.0,"Comedy, Romance",30.0,Series,TV-PG,182.0,Mild,Mild,Mild,Mild,None
Rurôni Kenshin: Sai shûshô - The Beginning,2021.0,7.5,5981.0,"Action, Adventure, Drama",137.0,Film,TV-MA,-1.0,None,Severe,None,Mild,Mild
Prozac Nation,2001.0,6.3,17724.0,"Biography, Drama, Romance",95.0,Film,R,-1.0,Mild,None,Mild,Mild,Mild
Finding Dory,2016.0,7.3,255557.0,"Animation, Adventure, Comedy",97.0,Film,PG,-1.0,None,None,None,None,Mild
Society,1989.0,6.5,16926.0,"Comedy, Horror",99.0,Film,R,-1.0,Moderate,Severe,Moderate,Mild,Moderate
Kings,2017.0,5.1,3345.0,"Crime, Drama, Romance",86.0,Film,R,-1.0,Moderate,Severe,Moderate,Mild,Moderate
White House Down,2013.0,6.3,213712.0,"Action, Drama, Thriller",131.0,Film,PG-13,-1.0,None,Moderate,Moderate,Mild,Moderate
Little Women,1949.0,7.3,7092.0,"Drama, Family, Romance",122.0,Film,Approved,-1.0,None,None,None,No Rate,Mild
On the Basis of Sex,2018.0,7.1,32093.0,"Biography, Drama",120.0,Film,PG-13,-1.0,None,None,Mild,Mild,None
Ms. Marvel,2018.0,-1.0,-1.0,"Action, Adventure, Comedy",-1.0,Series,None,6.0,No Rate,No Rate,No Rate,No Rate,No Rate
Midnight Cowboy,1969.0,7.8,106739.0,Drama,113.0,Film,X,-1.0,Severe,Moderate,Moderate,Mild,Moderate
Întregalde,2021.0,7.2,407.0,"Comedy, Drama",104.0,Film,None,-1.0,No Rate,No Rate,No Rate,No Rate,No Rate
Rare Beasts,2019.0,5.6,865.0,"Comedy, Drama, Romance",87.0,Film,None,-1.0,No Rate,No Rate,No Rate,No Rate,No Rate
Whip It,2009.0,6.9,65845.0,"Drama, Sport",111.0,Film,PG-13,-1.0,Mild,Mild,Moderate,Moderate,Mild
Tales of Halloween,2015.0,5.5,12568.0,"Adventure, Comedy, Fantasy",97.0,Film,R,-1.0,Mild,Severe,Moderate,Mild,Severe
Breathe,2017.0,7.2,20767.0,"Biography, Drama, Romance",118.0,Film,PG-13,-1.0,None,Mild,Mild,Mild,Moderate
Brimstone,2016.0,7.1,38672.0,"Drama, Mystery, Thriller",148.0,Film,R,-1.0,Severe,Severe,Moderate,Mild,Severe
What I Like About You,2016.0,6.6,12887.0,Comedy,30.0,Series,TV-PG,86.0,No Rate,No Rate,Mild,No Rate,No Rate
The Time Machine,2002.0,6.0,121826.0,"Action, Adventure, Sci-Fi",96.0,Film,PG-13,-1.0,None,Mild,Mild,None,Mild
Perfect,1985.0,4.6,5077.0,"Drama, Romance",115.0,Film,R,-1.0,Mild,None,Moderate,Mild,None
Il commissario Montalbano,1985.0,8.3,3485.0,"Crime, Drama, Mystery",95.0,Series,TV-14,37.0,Moderate,No Rate,Moderate,Moderate,Severe
Only the Brave,2017.0,7.6,63918.0,"Action, Biography, Drama",134.0,Film,PG-13,-1.0,Mild,Mild,Moderate,Mild,Moderate
Margin Call,2011.0,7.1,122482.0,"Drama, Thriller",107.0,Film,R,-1.0,None,None,Severe,Mild,None
The Thundermans,2011.0,5.8,4255.0,"Action, Comedy, Drama",23.0,Series,TV-G,98.0,None,Mild,None,None,Mild
Star Trek II: The Wrath of Khan,1982.0,7.7,116792.0,"Action, Adventure, Sci-Fi",113.0,Film,PG,-1.0,None,Moderate,Mild,Mild,Moderate
The General's Daughter,1999.0,6.4,56455.0,"Crime, Drama, Mystery",116.0,Film,R,-1.0,Severe,Severe,Moderate,Mild,Severe
Philadelphia,1993.0,7.7,232616.0,Drama,125.0,Film,PG-13,-1.0,Mild,None,Moderate,Mild,Mild
Slender Man,2018.0,3.2,31629.0,"Horror, Mystery, Thriller",93.0,Film,PG-13,-1.0,Mild,Moderate,Mild,Mild,Moderate
Ghost Rider: Spirit of Vengeance,2011.0,4.3,115071.0,"Action, Fantasy, Thriller",96.0,Film,PG-13,-1.0,Mild,Moderate,Mild,Mild,Moderate
Gypsy,2017.0,6.8,15367.0,"Drama, Thriller",51.0,Series,TV-MA,10.0,Moderate,Mild,Mild,Moderate,None
Dead Silence,2007.0,6.2,90723.0,"Horror, Mystery, Thriller",89.0,Film,R,-1.0,None,Moderate,Mild,Mild,Severe
Rudy,1993.0,7.5,60323.0,"Biography, Drama, Sport",114.0,Film,PG,-1.0,None,Mild,Moderate,Mild,Mild
A Fish Called Wanda,1988.0,7.5,137094.0,"Comedy, Crime",108.0,Film,R,-1.0,Moderate,Mild,Moderate,Mild,None
Lord of War,2005.0,7.6,303622.0,"Action, Crime, Drama",122.0,Film,R,-1.0,Moderate,Severe,Severe,Severe,Moderate
Mask,1985.0,7.2,27569.0,"Biography, Drama",120.0,Film,PG-13,-1.0,Mild,Mild,Moderate,Moderate,Moderate
Alex Rider,1985.0,7.6,10190.0,"Action, Adventure, Drama",45.0,Series,TV-14,10.0,Mild,Mild,Mild,Mild,Moderate
The Quick and the Dead,1995.0,6.4,89706.0,"Action, Romance, Thriller",107.0,Film,R,-1.0,Mild,Severe,Mild,Mild,Moderate
Never Been Kissed,1999.0,6.1,86966.0,"Comedy, Drama, Romance",107.0,Film,PG-13,-1.0,Mild,None,Mild,Mild,None
Miss Congeniality,2000.0,6.3,197452.0,"Action, Comedy, Crime",109.0,Film,PG-13,-1.0,Mild,Mild,Mild,Mild,Mild
From Hell,2001.0,6.8,150921.0,"Horror, Mystery, Thriller",122.0,Film,R,-1.0,Severe,Severe,Moderate,Moderate,Severe
The Poughkeepsie Tapes,2007.0,6.0,17759.0,"Horror, Mystery, Thriller",81.0,Film,R,-1.0,Severe,Severe,Mild,None,Severe
Big Love,2007.0,7.6,20898.0,Drama,60.0,Series,TV-MA,53.0,Moderate,Moderate,Moderate,Mild,Moderate
Belle,2013.0,7.3,29490.0,"Biography, Drama, Romance",100.0,Film,PG,-1.0,None,Mild,Mild,Mild,Mild
Sliders,2013.0,7.4,17567.0,"Adventure, Fantasy, Sci-Fi",60.0,Series,TV-PG,87.0,None,Mild,Mild,Mild,Mild
The Beverly Hillbillies,1993.0,5.0,18032.0,"Comedy, Family",92.0,Film,PG,-1.0,Mild,Mild,Mild,Mild,Mild
Boxing Day,2021.0,-1.0,-1.0,"Comedy, Romance",-1.0,Film,None,-1.0,No Rate,No Rate,No Rate,No Rate,No Rate
Mike & Molly,2021.0,6.4,24086.0,Comedy,30.0,Series,TV-14,127.0,Moderate,None,Moderate,Moderate,None
Hot in Cleveland,2021.0,7.3,12945.0,Comedy,30.0,Series,TV-PG,129.0,Moderate,No Rate,Mild,Moderate,None
Melissa & Joey,2021.0,7.0,18234.0,"Comedy, Romance",30.0,Series,TV-14,104.0,Mild,None,Mild,Mild,None
Designing Women,2021.0,7.1,5249.0,Comedy,30.0,Series,TV-PG,163.0,No Rate,No Rate,No Rate,No Rate,No Rate
"Yes, God, Yes",2019.0,6.1,13074.0,"Comedy, Drama",78.0,Film,R,-1.0,Moderate,None,Mild,Mild,None
Qismat 2,2021.0,7.5,714.0,"Drama, Romance",155.0,Film,None,-1.0,No Rate,No Rate,No Rate,No Rate,No Rate
'Allo 'Allo!,2021.0,8.3,24463.0,"Comedy, History, War",45.0,Series,None,85.0,No Rate,No Rate,No Rate,No Rate,No Rate
Monsterland,2021.0,5.6,2503.0,"Drama, Fantasy, Horror",50.0,Series,TV-MA,8.0,Mild,Severe,Severe,No Rate,Severe
Wander,2020.0,4.9,8064.0,Thriller,94.0,Film,R,-1.0,None,Mild,None,Mild,Moderate
L'amica geniale,2020.0,8.6,11537.0,Drama,60.0,Series,TV-MA,20.0,Moderate,Moderate,Mild,Mild,Moderate
Whiskey Cavalier,2019.0,7.1,9126.0,"Action, Adventure, Comedy",-1.0,Series,TV-14,13.0,Mild,Severe,Severe,Severe,Severe
The Professor and the Madman,2019.0,7.3,40879.0,"Biography, Drama",124.0,Film,Not Rated,-1.0,None,Moderate,None,None,Mild
Land,2021.0,6.6,5742.0,"Adventure, Drama",89.0,Film,PG-13,-1.0,Mild,Mild,Mild,None,Mild
Majo no takkyûbin,1989.0,7.9,133758.0,"Animation, Adventure, Drama",103.0,Film,G,-1.0,None,None,None,None,None
Alice Through the Looking Glass,2016.0,6.2,100442.0,"Adventure, Family, Fantasy",113.0,Film,PG,-1.0,None,Mild,None,None,Mild
Flatliners,1990.0,6.6,83704.0,"Drama, Horror, Sci-Fi",115.0,Film,R,-1.0,Moderate,Moderate,Moderate,Mild,Moderate
Pitch Black,2000.0,7.1,231880.0,"Action, Horror, Sci-Fi",109.0,Film,R,-1.0,None,Moderate,Moderate,Mild,Severe
Devil,2010.0,6.2,140079.0,"Horror, Mystery, Thriller",80.0,Film,PG-13,-1.0,Mild,Moderate,Mild,Mild,Severe
The Last Detective,2010.0,7.7,1345.0,"Comedy, Crime, Drama",90.0,Series,None,17.0,No Rate,No Rate,No Rate,No Rate,No Rate
Friends: The Reunion,2021.0,8.1,52354.0,"Documentary, Biography, Comedy",104.0,Film,TV-14,-1.0,None,None,Mild,None,None
R.I.P.D.,2013.0,5.6,124870.0,"Action, Adventure, Comedy",96.0,Film,PG-13,-1.0,Mild,Moderate,Moderate,Mild,Mild
The Hangover Part III,2013.0,5.8,303010.0,"Comedy, Crime",100.0,Film,R,-1.0,Moderate,Moderate,Severe,Moderate,Moderate
Deadly Class,2013.0,7.6,15628.0,"Action, Adventure, Comedy",60.0,Series,TV-MA,10.0,Moderate,Severe,Severe,Severe,Moderate
Body Heat,1981.0,7.4,33458.0,"Crime, Drama, Romance",113.0,Film,R,-1.0,Moderate,Mild,Mild,Mild,Mild
Wild at Heart,1990.0,7.2,89151.0,"Comedy, Crime, Drama",125.0,Film,R,-1.0,Severe,Severe,Severe,Moderate,Severe
The Darkest Hour,2011.0,4.9,59878.0,"Action, Adventure, Horror",89.0,Film,PG-13,-1.0,None,Moderate,Mild,Mild,Moderate
Sex Drive,2008.0,6.5,86059.0,"Comedy, Romance",109.0,Film,R,-1.0,Severe,Mild,Severe,Moderate,Mild
Wu Assassins,2019.0,6.4,11167.0,"Action, Crime, Drama",44.0,Series,TV-MA,10.0,None,Moderate,Moderate,Mild,Mild
Hellraiser III: Hell on Earth,1992.0,5.5,29195.0,Horror,97.0,Film,R,-1.0,Moderate,Severe,Severe,Moderate,Severe
Teen Titans,1992.0,7.9,29072.0,"Animation, Action, Adventure",30.0,Series,TV-Y7-FV,66.0,None,Mild,None,None,Mild
Broad City,1992.0,8.4,28943.0,Comedy,22.0,Series,TV-14,50.0,Moderate,None,Moderate,Severe,Mild
Disenchanted,2022.0,-1.0,-1.0,"Animation, Adventure, Comedy",-1.0,Film,None,-1.0,No Rate,No Rate,No Rate,No Rate,No Rate
Mike and Dave Need Wedding Dates,2016.0,6.0,86157.0,"Comedy, Romance",98.0,Film,R,-1.0,Moderate,Mild,Severe,Moderate,None
The Hunchback of Notre Dame,1996.0,7.0,148870.0,"Animation, Drama, Family",91.0,Film,G,-1.0,Mild,Moderate,Mild,Mild,Moderate
Enemy at the Gates,2001.0,7.6,252026.0,"Drama, History, War",131.0,Film,R,-1.0,Moderate,Severe,Mild,Mild,Moderate
Accepted,2006.0,6.4,128887.0,Comedy,93.0,Film,PG-13,-1.0,Mild,Mild,Moderate,Mild,None
McMafia,2006.0,7.7,14696.0,"Crime, Drama, Thriller",60.0,Series,TV-14,9.0,Mild,Moderate,Moderate,Mild,Moderate
The Exorcism of Emily Rose,2005.0,6.7,124490.0,"Drama, Horror, Thriller",119.0,Film,PG-13,-1.0,None,Moderate,Mild,Mild,Severe
The Awakening,2011.0,6.5,65122.0,"Horror, Thriller",102.0,Film,R,-1.0,Mild,Moderate,Mild,Mild,Moderate
Clerks,1994.0,7.7,216743.0,Comedy,92.0,Film,R,-1.0,Moderate,Mild,Severe,Moderate,None
Bad Boys II,2003.0,6.6,240418.0,"Action, Comedy, Crime",147.0,Film,R,-1.0,Moderate,Severe,Severe,Moderate,Moderate
The Croods: Family Tree,2003.0,7.3,107.0,"Animation, Short, Adventure",11.0,Series,TV-Y7,6.0,No Rate,No Rate,No Rate,No Rate,No Rate
Black Sunday,1977.0,6.8,7515.0,"Adventure, Crime, Drama",143.0,Film,R,-1.0,None,Severe,Mild,Mild,Moderate
IO,2019.0,4.7,32827.0,"Adventure, Drama, Sci-Fi",96.0,Film,TV-14,-1.0,Mild,None,Mild,None,Mild
Deadpool 3,2019.0,-1.0,-1.0,"Action, Comedy, Sci-Fi",-1.0,Film,None,-1.0,No Rate,No Rate,No Rate,No Rate,No Rate
Rescue Me,2019.0,8.3,25738.0,"Comedy, Drama",60.0,Series,TV-MA,95.0,Severe,Moderate,Severe,Severe,Severe
The Bridge,2019.0,7.6,18528.0,"Crime, Drama, Mystery",43.0,Series,TV-MA,26.0,Mild,Severe,Moderate,Moderate,Moderate
The Bourne Ultimatum,2007.0,8.0,617345.0,"Action, Adventure, Mystery",115.0,Film,PG-13,-1.0,None,Moderate,Mild,Mild,Moderate
Romy and Michele's High School Reunion,1997.0,6.2,44930.0,Comedy,92.0,Film,R,-1.0,Mild,None,Mild,Mild,None
While You Were Sleeping,1995.0,6.7,96463.0,"Comedy, Drama, Romance",103.0,Film,PG,-1.0,Mild,None,Mild,Mild,None
The Newsreader,1995.0,7.6,634.0,Drama,-1.0,Series,None,6.0,No Rate,No Rate,No Rate,No Rate,No Rate
Every Which Way but Loose,1978.0,6.3,26080.0,"Action, Comedy",114.0,Film,PG,-1.0,Moderate,Mild,Moderate,Moderate,Mild
Macbeth,2015.0,6.6,54784.0,"Drama, History, War",113.0,Film,R,-1.0,Mild,Severe,None,Mild,Moderate
Tumbbad,2018.0,8.3,37344.0,"Drama, Fantasy, Horror",104.0,Film,Not Rated,-1.0,Mild,Moderate,Mild,Mild,Moderate
Alone in the Dark,1982.0,6.1,5378.0,"Horror, Thriller",92.0,Film,R,-1.0,Moderate,Moderate,Mild,None,Moderate
Westworld,1973.0,7.0,55319.0,"Action, Sci-Fi, Thriller",88.0,Film,PG,-1.0,Mild,Moderate,Mild,Mild,Moderate
In the Cut,2003.0,5.3,23076.0,"Mystery, Thriller",119.0,Film,R,-1.0,Severe,Severe,Severe,Mild,Severe
Keeping Faith,2003.0,7.1,4636.0,"Drama, Mystery, Thriller",60.0,Series,Not Rated,20.0,No Rate,No Rate,No Rate,No Rate,No Rate
L.A. Law,2003.0,7.0,5264.0,Drama,46.0,Series,TV-PG,171.0,Moderate,No Rate,Moderate,Moderate,No Rate
Escape Plan,2013.0,6.7,235362.0,"Action, Thriller",115.0,Film,R,-1.0,None,Severe,Severe,Mild,Mild
Sleeping with the Enemy,1991.0,6.3,54035.0,"Drama, Thriller",99.0,Film,R,-1.0,Mild,Moderate,Mild,Mild,Moderate
Messiah,2020.0,7.6,40704.0,"Drama, Mystery, Thriller",43.0,Series,TV-MA,10.0,Mild,Mild,Moderate,Mild,Mild
Deep Rising,1998.0,6.1,35602.0,"Action, Adventure, Horror",106.0,Film,R,-1.0,Mild,Severe,Mild,Mild,Moderate
Day of the Dead,1985.0,7.1,66401.0,"Horror, Thriller",101.0,Film,Not Rated,-1.0,None,Severe,Severe,Mild,Severe
Your Place or Mine,1985.0,-1.0,-1.0,"Comedy, Romance",-1.0,Film,None,-1.0,No Rate,No Rate,No Rate,No Rate,No Rate
22 Jump Street,2014.0,7.0,358915.0,"Action, Comedy, Crime",112.0,Film,R,-1.0,Moderate,Moderate,Severe,Moderate,Mild
Doctor Zhivago,1965.0,8.0,72957.0,"Drama, Romance, War",197.0,Film,PG-13,-1.0,Mild,Moderate,Mild,Mild,Moderate
Terror Train,1980.0,5.8,11159.0,"Horror, Mystery, Thriller",97.0,Film,R,-1.0,Moderate,Severe,Moderate,Mild,Moderate
Code 404,1980.0,6.3,1717.0,"Action, Comedy, Crime",25.0,Series,None,13.0,No Rate,No Rate,No Rate,No Rate,No Rate
Extinction,2018.0,5.8,50067.0,"Action, Drama, Sci-Fi",95.0,Film,TV-MA,-1.0,None,Moderate,Mild,None,Moderate
The Last Picture Show,1971.0,8.0,45203.0,"Drama, Romance",118.0,Film,R,-1.0,Moderate,Mild,Mild,Mild,None
Skam,1971.0,8.6,30748.0,"Drama, Romance",30.0,Series,Not Rated,43.0,Moderate,Mild,Mild,Moderate,Mild
The Insider,1999.0,7.8,166344.0,"Biography, Drama, Thriller",157.0,Film,R,-1.0,None,Mild,Moderate,Mild,Mild
Kodachrome,2017.0,6.8,14642.0,Drama,105.0,Film,TV-MA,-1.0,None,None,Moderate,Moderate,None
The Dead Zone,1983.0,7.2,66644.0,"Drama, Horror, Sci-Fi",103.0,Film,R,-1.0,Mild,Moderate,Mild,Mild,Moderate
Tribes of Europa,1983.0,6.8,10729.0,"Action, Adventure, Drama",-1.0,Series,TV-MA,6.0,Moderate,Moderate,Mild,Mild,Moderate
What Lies Beneath,2000.0,6.6,121865.0,"Drama, Horror, Mystery",130.0,Film,PG-13,-1.0,Mild,Moderate,Mild,Mild,Moderate
The Hate U Give,2018.0,7.5,33758.0,"Crime, Drama",133.0,Film,PG-13,-1.0,None,Moderate,Moderate,Mild,Severe
Pale Rider,1985.0,7.3,56565.0,"Drama, Western",115.0,Film,R,-1.0,Mild,Severe,Mild,Mild,Moderate
The Last Black Man in San Francisco,2019.0,7.3,16962.0,Drama,121.0,Film,R,-1.0,Mild,Mild,Severe,Mild,Mild
Distancia de rescate,2021.0,5.1,677.0,"Drama, Horror, Mystery",93.0,Film,R,-1.0,Mild,No Rate,No Rate,No Rate,No Rate
The Wrestler,2008.0,7.9,297304.0,"Drama, Sport",109.0,Film,R,-1.0,Severe,Severe,Moderate,Moderate,Moderate
12 Strong,2018.0,6.6,74061.0,"Action, Drama, History",130.0,Film,R,-1.0,None,Severe,Moderate,Mild,Moderate
Always Be My Maybe,2019.0,6.8,51053.0,"Comedy, Romance",101.0,Film,PG-13,-1.0,Mild,Mild,Moderate,Moderate,None
Magic Mike XXL,2015.0,5.6,54253.0,"Comedy, Drama, Music",115.0,Film,R,-1.0,Moderate,Mild,Severe,Moderate,None
Attack the Block,2011.0,6.7,104078.0,"Action, Adventure, Comedy",88.0,Film,R,-1.0,Mild,Severe,Severe,Severe,Moderate
Kung Fu,2011.0,5.3,2874.0,"Action, Adventure, Drama",-1.0,Series,TV-14,14.0,Mild,Moderate,No Rate,No Rate,No Rate
Inheritance,2020.0,5.5,11263.0,"Drama, Mystery, Thriller",111.0,Film,TV-MA,-1.0,None,Mild,Moderate,Mild,Moderate
Deadly Illusions,2021.0,3.7,11038.0,"Drama, Thriller",114.0,Film,R,-1.0,Moderate,Moderate,Mild,Mild,Moderate
Horrible Bosses 2,2014.0,6.3,164781.0,"Comedy, Crime",108.0,Film,R,-1.0,Moderate,Moderate,Severe,Mild,None
The Fairly OddParents,2014.0,7.2,36564.0,"Animation, Adventure, Comedy",30.0,Series,TV-Y7,159.0,Mild,Mild,Mild,None,Mild
Kara Sevda,2014.0,7.3,7727.0,"Drama, Romance",90.0,Series,TV-14,74.0,Mild,Severe,Moderate,Moderate,Moderate
Yumieui Sepodeul,2014.0,8.9,718.0,"Comedy, Romance",70.0,Series,None,14.0,No Rate,No Rate,No Rate,No Rate,No Rate
The Conversation,1974.0,7.8,106092.0,"Drama, Mystery, Thriller",113.0,Film,PG,-1.0,Mild,Moderate,Mild,Mild,Moderate
Star Trek: The Motion Picture,1979.0,6.4,86322.0,"Adventure, Mystery, Sci-Fi",132.0,Film,G,-1.0,None,Mild,Mild,None,Mild
Funny Games,1997.0,7.6,69536.0,"Crime, Drama, Thriller",108.0,Film,Not Rated,-1.0,Mild,Severe,Mild,Mild,Severe
Jungle,2017.0,6.7,53145.0,"Action, Adventure, Biography",115.0,Film,R,-1.0,Mild,Mild,Moderate,Mild,Moderate
Poltergeist,2015.0,4.9,56692.0,"Horror, Thriller",93.0,Film,PG-13,-1.0,Mild,Mild,Mild,Mild,Moderate
Blair Witch,2016.0,5.0,43679.0,"Horror, Mystery, Thriller",89.0,Film,R,-1.0,None,Moderate,Severe,Mild,Severe
Gwendoline,1984.0,5.3,2858.0,"Action, Adventure, Comedy",105.0,Film,R,-1.0,Moderate,Moderate,Mild,Mild,Mild
Bride Wars,2009.0,5.5,104026.0,"Comedy, Romance",89.0,Film,PG,-1.0,Mild,None,Mild,Mild,None
I Dream of Jeannie,2009.0,7.4,14582.0,"Comedy, Family, Fantasy",30.0,Series,TV-G,139.0,None,None,None,None,None
La Strada,1954.0,8.0,60963.0,Drama,108.0,Film,Not Rated,-1.0,None,Mild,Mild,Moderate,Mild
Beforeigners,1954.0,7.8,7612.0,"Crime, Drama, Sci-Fi",45.0,Series,TV-14,12.0,Moderate,Moderate,No Rate,Moderate,No Rate
How to Train Your Dragon: The Hidden World,2019.0,7.5,115487.0,"Animation, Action, Adventure",104.0,Film,PG,-1.0,None,Mild,None,None,Mild
I Love Lucy,2019.0,8.4,23300.0,"Comedy, Family",30.0,Series,TV-G,181.0,None,None,None,Mild,None
It's a Mad Mad Mad Mad World,1963.0,7.5,39857.0,"Action, Adventure, Comedy",210.0,Film,G,-1.0,None,Mild,None,Mild,None
All the Money in the World,2017.0,6.8,80525.0,"Biography, Crime, Drama",132.0,Film,R,-1.0,Mild,Moderate,Mild,Moderate,Moderate
Klaus,2019.0,8.2,120667.0,"Animation, Adventure, Comedy",96.0,Film,PG,-1.0,None,None,None,None,Mild
Heavy Metal,1981.0,6.7,33533.0,"Animation, Adventure, Fantasy",86.0,Film,R,-1.0,Severe,Severe,Moderate,Moderate,Moderate
The Wrong Missy,2020.0,5.7,36072.0,"Comedy, Romance",90.0,Film,TV-MA,-1.0,Moderate,Mild,Severe,Moderate,Mild
Fences,2016.0,7.2,103351.0,Drama,139.0,Film,PG-13,-1.0,None,Mild,Moderate,Mild,Mild
Warrior Queen,1987.0,3.3,779.0,Drama,79.0,Film,R,-1.0,Moderate,Moderate,None,Mild,Mild
Zombie Strippers!,2008.0,4.1,18110.0,"Comedy, Horror, Sci-Fi",94.0,Film,R,-1.0,Moderate,Severe,Severe,Moderate,Moderate
Year One,2009.0,4.9,95446.0,Comedy,97.0,Film,PG-13,-1.0,Moderate,Moderate,Moderate,Mild,Mild
Little Shop of Horrors,2009.0,-1.0,-1.0,"Comedy, Horror, Musical",-1.0,Film,None,-1.0,No Rate,No Rate,No Rate,No Rate,No Rate
Observe and Report,2009.0,5.8,62197.0,"Comedy, Crime, Drama",86.0,Film,R,-1.0,Severe,Moderate,Severe,Severe,Mild
Taxi,2004.0,4.5,41434.0,"Action, Comedy, Crime",97.0,Film,PG-13,-1.0,Moderate,Moderate,Moderate,Mild,None
Species II,1998.0,4.4,28643.0,"Action, Horror, Sci-Fi",93.0,Film,R,-1.0,Severe,Severe,Moderate,Mild,Severe
Shigatsu wa kimi no uso,1998.0,8.6,22719.0,"Animation, Drama, Music",23.0,Series,TV-PG,23.0,Mild,Mild,Mild,Mild,Moderate
Riviera,1998.0,6.7,7383.0,"Drama, Thriller",60.0,Series,TV-MA,28.0,Moderate,Moderate,Mild,Moderate,Mild
Paddington,2014.0,7.3,105614.0,"Animation, Adventure, Comedy",95.0,Film,PG,-1.0,None,Mild,None,Mild,Mild
The Clovehitch Killer,2018.0,6.6,22808.0,"Crime, Drama, Mystery",109.0,Film,Unrated,-1.0,Moderate,Moderate,Mild,None,Moderate
Kiseijû: Sei no kakuritsu,2018.0,8.3,30877.0,"Animation, Action, Horror",22.0,Series,TV-MA,24.0,Moderate,Severe,Mild,Mild,Severe
Breach,2020.0,3.0,16444.0,"Action, Horror, Sci-Fi",92.0,Film,R,-1.0,Severe,Severe,Severe,Moderate,Moderate
Do lok tin si,1995.0,7.7,33181.0,"Comedy, Crime, Drama",99.0,Film,Not Rated,-1.0,Moderate,Moderate,Mild,Moderate,Mild
Buffalo '66,1998.0,7.5,51663.0,"Comedy, Drama, Romance",110.0,Film,R,-1.0,Mild,Moderate,Moderate,Mild,Moderate
A Room with a View,1985.0,7.3,41885.0,"Drama, Romance",117.0,Film,Not Rated,-1.0,Moderate,Mild,None,Mild,Mild
The Rocketeer,1991.0,6.5,55673.0,"Action, Adventure, Family",108.0,Film,PG,-1.0,None,Mild,Mild,Mild,Mild
Safe Haven,2013.0,6.7,107820.0,"Drama, Romance, Thriller",115.0,Film,PG-13,-1.0,Mild,Mild,Mild,Mild,Moderate
Cool Hand Luke,1967.0,8.1,170487.0,"Crime, Drama",127.0,Film,GP,-1.0,Mild,Mild,Mild,Mild,Moderate
The Terminal Man,1974.0,5.7,2221.0,"Horror, Sci-Fi, Thriller",107.0,Film,PG,-1.0,None,None,None,None,None
This Way Up,1974.0,7.8,4538.0,Comedy,25.0,Series,None,12.0,No Rate,No Rate,No Rate,No Rate,No Rate
The Big Chill,1983.0,7.2,35267.0,"Comedy, Drama",105.0,Film,R,-1.0,Mild,None,Moderate,Moderate,Mild
Curse of Chucky,2013.0,5.6,36923.0,"Adventure, Comedy, Fantasy",97.0,Film,R,-1.0,Mild,Severe,Moderate,Mild,Moderate
RoboCop,2014.0,6.1,221688.0,"Action, Crime, Sci-Fi",117.0,Film,PG-13,-1.0,Mild,Moderate,Moderate,Mild,Moderate
Jack Whitehall: Travels with My Father,2014.0,7.6,4867.0,"Documentary, Comedy",30.0,Series,TV-MA,18.0,Mild,None,Severe,Mild,None
Serenity,2019.0,5.4,39075.0,"Drama, Mystery, Thriller",106.0,Film,R,-1.0,Moderate,Mild,Moderate,Mild,Mild
Come from Away,2021.0,8.8,1571.0,"Comedy, Drama, Musical",106.0,Film,TV-14,-1.0,None,None,Moderate,Mild,None
Neighbors,2014.0,6.3,298106.0,Comedy,97.0,Film,R,-1.0,Severe,Mild,Severe,Severe,None
The Rhythm Section,2020.0,5.4,15846.0,"Action, Drama, Mystery",109.0,Film,R,-1.0,Mild,Moderate,Moderate,Moderate,Moderate
DCI Banks,2020.0,7.6,6723.0,"Crime, Drama, Mystery",45.0,Series,TV-14,32.0,Severe,Moderate,Mild,Moderate,Moderate
The Lone Ranger,2013.0,6.4,227651.0,"Action, Adventure, Western",150.0,Film,PG-13,-1.0,None,Moderate,Mild,Mild,Moderate
Yeoshingangrim,2013.0,8.1,4064.0,"Comedy, Drama, Romance",70.0,Series,TV-Y,16.0,None,Mild,None,Mild,Mild
Speed Racer,2008.0,6.0,71302.0,"Action, Adventure, Comedy",135.0,Film,PG,-1.0,None,Mild,Mild,None,Mild
The Beach Bum,2019.0,5.5,20683.0,Comedy,95.0,Film,R,-1.0,Severe,Mild,Severe,Severe,Mild
American Pie 2,2001.0,6.4,247420.0,Comedy,108.0,Film,R,-1.0,Severe,Mild,Severe,Moderate,None
Agatha Raisin,2001.0,7.3,3744.0,"Comedy, Drama, Mystery",60.0,Series,Not Rated,20.0,Moderate,Moderate,Mild,Mild,Moderate
Battlestar Galactica,2001.0,7.2,14802.0,"Action, Adventure, Sci-Fi",60.0,Series,TV-PG,21.0,No Rate,No Rate,None,No Rate,No Rate
Y: 1883,2001.0,-1.0,-1.0,"Drama, Western",-1.0,Series,None,10.0,No Rate,No Rate,No Rate,No Rate,No Rate
Sesame Street,2001.0,8.1,12941.0,"Animation, Adventure, Comedy",55.0,Series,TV-Y,2257.0,None,None,None,None,Mild
Episodes,2001.0,7.8,34233.0,Comedy,30.0,Series,TV-MA,41.0,Moderate,None,Severe,Mild,No Rate
Above Suspicion,2019.0,5.6,4689.0,"Action, Biography, Crime",104.0,Film,R,-1.0,Mild,Severe,Moderate,Severe,Moderate
Killer Joe,2011.0,6.7,75709.0,"Crime, Drama, Thriller",102.0,Film,Unrated,-1.0,Severe,Severe,Severe,Moderate,Severe
"Legally Blonde 2: Red, White & Blonde",2003.0,4.8,64245.0,Comedy,95.0,Film,PG-13,-1.0,None,None,Mild,None,None
DC League of Super-Pets,2022.0,-1.0,-1.0,"Animation, Action, Adventure",-1.0,Film,None,-1.0,No Rate,No Rate,No Rate,No Rate,No Rate
King Kong,1976.0,5.9,31536.0,"Adventure, Horror",134.0,Film,PG,-1.0,Mild,Moderate,Mild,Mild,Moderate
G.I. Jane,1997.0,6.0,77700.0,"Action, Drama, War",125.0,Film,R,-1.0,Mild,Moderate,Moderate,Mild,Mild
The Fountain,2006.0,7.2,234133.0,"Drama, Mystery, Romance",97.0,Film,PG-13,-1.0,Mild,Moderate,Mild,None,Moderate
Dinner for Schmucks,2010.0,5.9,104056.0,Comedy,114.0,Film,PG-13,-1.0,Moderate,Mild,Moderate,Mild,Mild
Mortal Kombat Legends: Battle of the Realms,2021.0,6.6,4097.0,"Animation, Action, Adventure",80.0,Film,R,-1.0,None,Severe,Moderate,None,Moderate
The Return of the Texas Chainsaw Massacre,1994.0,3.3,21413.0,"Comedy, Horror, Thriller",87.0,Film,R,-1.0,Mild,Mild,Severe,Mild,Moderate
Madeo,2009.0,7.8,58858.0,"Crime, Drama, Mystery",129.0,Film,R,-1.0,Moderate,Moderate,Moderate,Mild,Moderate
Get Shorty,1995.0,6.9,80782.0,"Comedy, Crime, Thriller",105.0,Film,R,-1.0,Mild,Moderate,Severe,Moderate,None
The Flower of Evil,2020.0,8.7,4889.0,"Crime, Mystery, Romance",70.0,Series,None,17.0,No Rate,No Rate,No Rate,No Rate,No Rate
I Am Mother,2019.0,6.7,83654.0,"Drama, Mystery, Sci-Fi",113.0,Film,TV-14,-1.0,None,Moderate,Mild,None,Mild
Den 12. mann,2017.0,7.4,23841.0,"Drama, History, Thriller",135.0,Film,Unrated,-1.0,None,Severe,None,Mild,Severe
Staten Island Summer,2015.0,5.6,6942.0,"Comedy, Drama",108.0,Film,R,-1.0,Mild,Mild,Severe,Severe,None
V/H/S Viral,2014.0,4.2,15950.0,"Horror, Thriller",81.0,Film,R,-1.0,Moderate,Severe,Severe,Moderate,Severe
Little Monsters,1989.0,6.1,12406.0,"Adventure, Comedy, Family",100.0,Film,PG,-1.0,Mild,Moderate,Moderate,Mild,Moderate
Fun Size,2012.0,5.4,14231.0,"Adventure, Comedy",86.0,Film,PG-13,-1.0,Mild,Mild,Mild,Mild,Mild
Bottle Rocket,1996.0,7.0,73454.0,"Comedy, Crime, Drama",91.0,Film,R,-1.0,Mild,Mild,Moderate,Mild,None
Zathura: A Space Adventure,2005.0,6.2,98983.0,"Action, Adventure, Comedy",101.0,Film,PG,-1.0,None,Mild,Mild,None,Moderate
Electric Dreams,2005.0,7.3,15113.0,Sci-Fi,60.0,Series,TV-MA,10.0,Severe,Moderate,Moderate,Mild,Mild
Picture of Beauty,2017.0,3.4,988.0,"Drama, Romance",70.0,Film,None,-1.0,No Rate,No Rate,No Rate,No Rate,No Rate
Hell's Kitchen,2017.0,7.1,19863.0,"Game-Show, Reality-TV",42.0,Series,TV-14,312.0,None,Mild,Severe,Mild,Mild
Escape Room,2017.0,4.2,11494.0,"Horror, Thriller",81.0,Film,R,-1.0,Moderate,Moderate,Moderate,Mild,Moderate
Everybody Hates Chris,2017.0,7.4,35802.0,"Comedy, Drama, Music",22.0,Series,TV-PG,88.0,None,Mild,Mild,Mild,None
Menace II Society,1993.0,7.5,55261.0,"Crime, Drama, Thriller",97.0,Film,R,-1.0,Mild,Severe,Severe,Severe,Severe
Hachi: A Dog's Tale,2009.0,8.1,267501.0,"Biography, Drama, Family",93.0,Film,G,-1.0,None,None,None,None,Mild
L'amant,1992.0,6.9,20291.0,"Biography, Drama, Romance",115.0,Film,R,-1.0,Severe,Mild,Mild,Moderate,Mild
Dalziel and Pascoe,1992.0,7.3,2643.0,"Crime, Mystery, Drama",120.0,Series,TV-14,61.0,No Rate,No Rate,No Rate,No Rate,No Rate
The 13th Warrior,1999.0,6.6,120562.0,"Action, Adventure, History",102.0,Film,R,-1.0,None,Moderate,None,Mild,Moderate
The Man in the Iron Mask,1998.0,6.5,161678.0,"Action, Adventure, Drama",132.0,Film,PG-13,-1.0,Mild,Mild,Mild,None,None
Ai no korîda,1976.0,6.6,19770.0,"Drama, Romance",109.0,Film,X,-1.0,Severe,Severe,Moderate,Mild,Severe
En kongelig affære,2012.0,7.5,46003.0,"Biography, Drama, History",137.0,Film,R,-1.0,Moderate,Mild,Mild,Mild,Mild
Psycho II,1983.0,6.5,26021.0,"Crime, Horror, Mystery",113.0,Film,R,-1.0,Mild,Severe,Mild,Mild,Severe
Dragon Ball: Doragon bôru,1983.0,8.5,52390.0,"Animation, Action, Adventure",24.0,Series,TV-14,153.0,Moderate,Moderate,Mild,Mild,Mild
Stuart Little,1999.0,5.9,130074.0,"Adventure, Comedy, Family",84.0,Film,PG,-1.0,None,Mild,Mild,None,Mild
Rocky III,1982.0,6.8,181885.0,"Drama, Sport",99.0,Film,PG,-1.0,None,Moderate,Mild,Mild,Moderate
Super Troopers,2001.0,7.1,100571.0,"Comedy, Crime, Mystery",100.0,Film,R,-1.0,Moderate,Mild,Severe,Moderate,None
Republic of Doyle,2001.0,7.4,3727.0,"Comedy, Crime, Drama",60.0,Series,TV-14,78.0,Mild,Mild,No Rate,Moderate,No Rate
City of Lies,2018.0,6.5,10515.0,"Biography, Crime, Drama",112.0,Film,R,-1.0,Mild,Moderate,Severe,Moderate,Mild
Team America: World Police,2004.0,7.2,164565.0,"Action, Comedy",98.0,Film,R,-1.0,Severe,Severe,Severe,Mild,Mild
O Menino que Matou Meus Pais,2021.0,6.2,2047.0,"Crime, Drama, Thriller",80.0,Film,None,-1.0,No Rate,No Rate,No Rate,No Rate,No Rate
Gamer,2009.0,5.8,132645.0,"Action, Sci-Fi, Thriller",95.0,Film,R,-1.0,Severe,Severe,Severe,Moderate,Severe
Chronicle,2012.0,7.0,245159.0,"Action, Drama, Sci-Fi",89.0,Film,PG-13,-1.0,Mild,Moderate,Moderate,Mild,Severe
Dark Angel,2012.0,7.4,31796.0,"Action, Drama, Mystery",60.0,Series,TV-14,42.0,No Rate,No Rate,No Rate,No Rate,No Rate
Exorcist: The Beginning,2004.0,5.1,36050.0,"Horror, Mystery, Thriller",114.0,Film,R,-1.0,Mild,Severe,Moderate,Mild,Severe
The Room,2019.0,6.0,18162.0,"Drama, Horror, Mystery",100.0,Film,Not Rated,-1.0,Moderate,Mild,Mild,Mild,Mild
What About Bob?,1991.0,7.0,66024.0,Comedy,99.0,Film,PG,-1.0,None,Mild,Mild,None,None
A Million Little Pieces,2018.0,6.2,2459.0,Drama,113.0,Film,R,-1.0,Severe,Mild,Moderate,Severe,Moderate
Remember Me,2010.0,7.1,142430.0,"Drama, Romance",113.0,Film,PG-13,-1.0,Moderate,Moderate,Moderate,Moderate,Moderate
A Place to Call Home,2010.0,8.3,4851.0,Drama,60.0,Series,Not Rated,67.0,Mild,No Rate,Mild,Moderate,Mild
Leonardo,2010.0,7.2,2137.0,"Biography, Drama, History",52.0,Series,Not Rated,8.0,Mild,None,None,Mild,Mild
Endless Love,2014.0,6.3,42765.0,"Drama, Romance",104.0,Film,PG-13,-1.0,Mild,Moderate,Moderate,Mild,Moderate
Neighbours,2014.0,5.4,5020.0,"Drama, Romance",22.0,Series,TV-G,9059.0,Mild,Mild,Mild,Mild,Mild
Ip Man,2008.0,8.0,217554.0,"Action, Biography, Drama",106.0,Film,R,-1.0,None,Moderate,Mild,Mild,Moderate
The Owners,2020.0,4.9,6762.0,"Comedy, Crime, Horror",92.0,Film,Not Rated,-1.0,Mild,Moderate,Severe,Mild,Moderate
The Three Musketeers,1993.0,6.4,52927.0,"Action, Adventure, Comedy",105.0,Film,PG,-1.0,Mild,Moderate,Mild,Mild,Moderate
Monte Carlo,2011.0,5.8,43176.0,"Adventure, Comedy, Family",109.0,Film,PG,-1.0,None,None,Mild,None,None
eXistenZ,1999.0,6.8,97224.0,"Horror, Sci-Fi, Thriller",97.0,Film,R,-1.0,Mild,Severe,Moderate,None,Moderate
Vortex,2021.0,7.4,238.0,Drama,135.0,Film,None,-1.0,No Rate,No Rate,No Rate,No Rate,No Rate
The Omen,2006.0,5.5,57908.0,"Action, Adventure, Fantasy",110.0,Film,R,-1.0,None,Severe,Moderate,Mild,Severe
Big Shot,2006.0,7.5,3228.0,"Comedy, Drama, Sport",-1.0,Series,TV-PG,11.0,Mild,None,Mild,Mild,None
Assault on Precinct 13,1976.0,7.4,47462.0,"Action, Crime, Thriller",91.0,Film,R,-1.0,None,Severe,Moderate,Mild,Moderate
21 Grams,2003.0,7.6,231052.0,"Crime, Drama, Thriller",124.0,Film,R,-1.0,Moderate,Moderate,Moderate,Moderate,Moderate
Seppuku,1962.0,8.6,49571.0,"Action, Drama, Mystery",133.0,Film,Not Rated,-1.0,None,Severe,None,None,Moderate
The BFG,2016.0,6.4,81820.0,"Adventure, Family, Fantasy",117.0,Film,PG,-1.0,None,Mild,None,None,Mild
Vampire Academy,2014.0,5.5,53376.0,"Action, Comedy, Drama",104.0,Film,PG-13,-1.0,Mild,Moderate,Moderate,Mild,Mild
The Crucible,1996.0,6.8,36646.0,"Drama, History",124.0,Film,PG-13,-1.0,Moderate,Moderate,Mild,None,Moderate
Click,2006.0,6.4,317067.0,"Comedy, Drama, Fantasy",107.0,Film,PG-13,-1.0,Moderate,Mild,Moderate,Mild,Mild
All the President's Men,1976.0,8.0,109805.0,"Biography, Drama, History",138.0,Film,PG,-1.0,None,None,Moderate,Mild,Mild
Boîte noire,2021.0,7.4,995.0,"Drama, Mystery, Thriller",129.0,Film,None,-1.0,No Rate,No Rate,No Rate,No Rate,No Rate
Twins,1988.0,6.1,119219.0,"Comedy, Crime",107.0,Film,PG,-1.0,Mild,Moderate,Moderate,Mild,Mild
The Invisible Man,1933.0,7.7,32876.0,"Horror, Sci-Fi",71.0,Film,Approved,-1.0,None,Mild,None,Mild,Mild
Between Earth and Sky,2018.0,5.8,14870.0,"Crime, Drama, Mystery",97.0,Film,R,-1.0,None,Moderate,Mild,None,Moderate
Lost in Space,1998.0,5.2,70890.0,"Action, Adventure, Family",130.0,Film,PG-13,-1.0,Mild,Mild,Mild,None,Mild
Cheaper by the Dozen,2003.0,5.9,98412.0,"Comedy, Family",98.0,Film,PG,-1.0,Mild,Mild,None,Mild,None
The Magnificent Seven,1960.0,7.7,91598.0,"Action, Adventure, Western",128.0,Film,Approved,-1.0,None,Mild,Mild,Mild,Moderate
Books of Blood,2020.0,5.6,5615.0,"Drama, Horror, Mystery",107.0,Film,TV-MA,-1.0,Mild,Severe,Moderate,Mild,Moderate
Wild Child,2008.0,6.1,53326.0,"Comedy, Drama, Romance",98.0,Film,PG-13,-1.0,Mild,Mild,Moderate,Mild,None
Kung Fury: The Movie,2022.0,-1.0,-1.0,"Action, Comedy, Crime",-1.0,Film,None,-1.0,No Rate,No Rate,No Rate,No Rate,No Rate
Shtisel,2022.0,8.6,6298.0,Drama,45.0,Series,TV-14,33.0,None,None,None,Mild,None
The Net,1995.0,5.9,63902.0,"Action, Crime, Drama",114.0,Film,PG-13,-1.0,Mild,Mild,Moderate,Mild,Moderate
The Bad and the Beautiful,1952.0,7.8,14298.0,"Drama, Romance",118.0,Film,Passed,-1.0,None,None,None,Mild,Mild
Trance,2013.0,6.9,112013.0,"Crime, Drama, Mystery",101.0,Film,R,-1.0,Severe,Severe,Moderate,Mild,Severe
Life Itself,2018.0,6.9,19730.0,"Drama, Romance",117.0,Film,R,-1.0,Mild,Moderate,Severe,Mild,Moderate
Believe Me: The Abduction of Lisa McVey,2018.0,7.2,9254.0,"Biography, Crime, Drama",87.0,Film,TV-14,-1.0,Moderate,Moderate,Mild,Mild,Severe
Bite,2015.0,4.9,4799.0,Horror,88.0,Film,Not Rated,-1.0,Moderate,Severe,Mild,Mild,Severe
Primal,2015.0,8.7,8909.0,"Animation, Action, Adventure",22.0,Series,TV-MA,11.0,None,Severe,None,None,Moderate
Jiok,2015.0,6.8,31.0,"Crime, Drama, Fantasy",150.0,Series,TV-MA,6.0,No Rate,No Rate,No Rate,No Rate,No Rate
The Saint,1997.0,6.2,65804.0,"Action, Adventure, Romance",116.0,Film,PG-13,-1.0,Mild,Mild,Mild,Moderate,Mild
Being John Malkovich,1999.0,7.7,323825.0,"Comedy, Drama, Fantasy",113.0,Film,R,-1.0,Moderate,Mild,Moderate,Mild,Mild
The Host,2013.0,5.9,113055.0,"Action, Adventure, Drama",125.0,Film,PG-13,-1.0,None,None,None,None,None
Tae-yang-eui hoo-ye,2016.0,8.3,12280.0,"Action, Comedy, Drama",60.0,Series,TV-14,19.0,None,Mild,Mild,No Rate,No Rate
The Illusionist,2006.0,7.6,363166.0,"Drama, Fantasy, Mystery",110.0,Film,PG-13,-1.0,Mild,Mild,Mild,Mild,Mild
Adaptation.,2002.0,7.7,186497.0,"Comedy, Drama",115.0,Film,R,-1.0,Moderate,Moderate,Moderate,Moderate,Moderate
A Most Wanted Man,2014.0,6.8,74739.0,"Crime, Drama, Thriller",122.0,Film,R,-1.0,None,Mild,Moderate,Moderate,Moderate
Home Alone 2: Lost in New York,1992.0,6.8,324043.0,"Adventure, Comedy, Crime",120.0,Film,PG,-1.0,None,Moderate,Mild,Mild,Moderate
The Musketeers,1992.0,7.8,21495.0,"Adventure, Drama",55.0,Series,TV-14,30.0,Mild,Moderate,Mild,Mild,Mild
Some Kind of Wonderful,1987.0,7.1,29828.0,"Drama, Romance",95.0,Film,PG-13,-1.0,Mild,None,Mild,Mild,None
Ghosts of Mississippi,1996.0,6.7,10832.0,"Drama, History",130.0,Film,PG-13,-1.0,None,Moderate,Moderate,Mild,Mild
All Rise,1996.0,6.7,3906.0,Drama,44.0,Series,TV-PG,58.0,Severe,Severe,Severe,Severe,Severe
Solace,2015.0,6.4,59436.0,"Crime, Drama, Mystery",101.0,Film,R,-1.0,Moderate,Moderate,Mild,Mild,Moderate
Cocoon,1985.0,6.7,60414.0,"Comedy, Drama, Sci-Fi",117.0,Film,PG-13,-1.0,Mild,Mild,Mild,Mild,Mild
The Venture Bros.,1985.0,8.5,24671.0,"Animation, Action, Adventure",22.0,Series,TV-MA,86.0,Moderate,Moderate,Moderate,Moderate,Mild
"Double, Double Toil and Trouble",1993.0,5.9,3417.0,"Adventure, Comedy, Family",96.0,Film,TV-Y7,-1.0,None,Mild,None,None,Mild
The Watch,1993.0,5.3,4911.0,"Comedy, Crime, Drama",-1.0,Series,TV-14,8.0,Mild,No Rate,No Rate,No Rate,No Rate
August: Osage County,2013.0,7.2,87614.0,"Comedy, Drama",121.0,Film,R,-1.0,Mild,Mild,Severe,Moderate,Mild
Romaenseuneun Byulchaekboorok,2019.0,8.1,4036.0,Romance,62.0,Series,None,16.0,No Rate,No Rate,No Rate,No Rate,No Rate
Love Advent,2019.0,4.1,145.0,Action,2.0,Series,None,110.0,No Rate,No Rate,No Rate,No Rate,No Rate
The Client,1994.0,6.8,63669.0,"Crime, Drama, Mystery",119.0,Film,PG-13,-1.0,None,Mild,Moderate,Moderate,Moderate
Glory,1989.0,7.8,130083.0,"Biography, Drama, History",122.0,Film,R,-1.0,None,Severe,Moderate,Mild,Severe
SGU Stargate Universe,1989.0,7.6,48992.0,"Drama, Sci-Fi",43.0,Series,Not Rated,40.0,Mild,Mild,Mild,Mild,Mild
Polytechnique,2009.0,7.2,15125.0,"Crime, Drama, History",77.0,Film,Not Rated,-1.0,None,Severe,Mild,Mild,Severe
Haute tension,2003.0,6.8,70045.0,Horror,91.0,Film,R,-1.0,Moderate,Severe,Moderate,Mild,Severe
Insurgent,2015.0,6.2,226861.0,"Action, Adventure, Sci-Fi",119.0,Film,PG-13,-1.0,Mild,Moderate,Mild,None,Moderate
Bojwagwan,2015.0,7.9,397.0,Drama,60.0,Series,None,20.0,No Rate,No Rate,No Rate,No Rate,No Rate
The Spirit,2008.0,4.8,60537.0,"Action, Crime, Fantasy",103.0,Film,PG-13,-1.0,Mild,Severe,Moderate,Moderate,Severe
Krull,1983.0,6.1,31840.0,"Action, Adventure, Fantasy",116.0,Film,PG,-1.0,None,Mild,None,None,Moderate
The Apartment,1960.0,8.3,172677.0,"Comedy, Drama, Romance",125.0,Film,Approved,-1.0,Mild,Mild,None,Mild,Mild
The Six Million Dollar Man,1960.0,7.1,10364.0,"Action, Crime, Drama",60.0,Series,TV-PG,99.0,No Rate,No Rate,No Rate,No Rate,No Rate
The Island of Dr. Moreau,1996.0,4.6,32645.0,"Horror, Sci-Fi, Thriller",96.0,Film,PG-13,-1.0,Mild,Severe,Mild,Mild,Moderate
Royal Pains,1996.0,7.1,20332.0,"Comedy, Drama",42.0,Series,TV-PG,104.0,Mild,Mild,None,Mild,Moderate
Constantine,1996.0,7.5,51142.0,"Crime, Drama, Fantasy",43.0,Series,TV-14,13.0,Mild,Moderate,Mild,Moderate,Moderate
Stripes,1981.0,6.9,69283.0,"Comedy, War",106.0,Film,R,-1.0,Moderate,Mild,Moderate,Mild,None
Anon,2018.0,6.1,41062.0,"Crime, Sci-Fi, Thriller",100.0,Film,TV-MA,-1.0,Severe,Moderate,Moderate,Moderate,Moderate
The Lorax,2012.0,6.4,104931.0,"Animation, Adventure, Comedy",86.0,Film,PG,-1.0,None,Mild,None,None,Mild
The Report,2019.0,7.2,38746.0,"Biography, Crime, Drama",119.0,Film,R,-1.0,Mild,Severe,Moderate,None,Moderate
True History of the Kelly Gang,2019.0,6.0,9824.0,"Biography, Crime, Drama",124.0,Film,R,-1.0,Moderate,Severe,Severe,Mild,Severe
Movin' with Nancy,1967.0,7.5,231.0,Music,60.0,Film,None,-1.0,No Rate,No Rate,No Rate,No Rate,No Rate
Hard Candy,2005.0,7.1,157776.0,"Drama, Thriller",104.0,Film,R,-1.0,Moderate,Moderate,Moderate,Mild,Severe
Spontaneous,2020.0,6.5,10096.0,"Comedy, Horror, Romance",101.0,Film,None,-1.0,No Rate,No Rate,No Rate,No Rate,No Rate
A Star Is Born,1976.0,6.1,10918.0,"Drama, Music, Romance",139.0,Film,R,-1.0,Mild,None,Moderate,Moderate,None
The White House Plumbers,1976.0,-1.0,-1.0,"Biography, Drama, History",-1.0,Series,None,5.0,No Rate,No Rate,No Rate,No Rate,No Rate
The Bourne Supremacy,2004.0,7.7,447254.0,"Action, Mystery, Thriller",108.0,Film,PG-13,-1.0,Mild,Moderate,Moderate,Mild,Moderate
The Thomas Crown Affair,1999.0,6.9,90049.0,"Crime, Romance, Thriller",113.0,Film,R,-1.0,Moderate,None,Mild,Mild,None
No Escape,2015.0,6.8,82893.0,"Action, Thriller",103.0,Film,R,-1.0,None,Severe,Moderate,Mild,Severe
Highlander,2015.0,7.2,15051.0,"Action, Adventure, Fantasy",60.0,Series,TV-14,119.0,Mild,Moderate,Mild,Mild,Moderate
Grown-ish,2015.0,6.3,4842.0,"Comedy, Drama",22.0,Series,TV-14,60.0,Moderate,None,Moderate,Moderate,None
Paterson,2016.0,7.4,76293.0,"Comedy, Drama, Romance",118.0,Film,R,-1.0,None,None,Mild,Mild,None
The Heat,2013.0,6.6,166846.0,"Action, Comedy, Crime",117.0,Film,R,-1.0,Mild,Moderate,Severe,Moderate,Moderate
Escape from L.A.,1996.0,5.7,72505.0,"Action, Adventure, Sci-Fi",101.0,Film,R,-1.0,Mild,Moderate,Moderate,Mild,Moderate
The Obscure Life of the Grand Duke of Corsica,2021.0,4.8,170.0,"Comedy, Drama",93.0,Film,None,-1.0,No Rate,No Rate,No Rate,No Rate,No Rate
The Words,2012.0,7.0,76551.0,"Drama, Mystery, Romance",102.0,Film,PG-13,-1.0,Mild,Mild,Mild,Mild,None
Spy Kids 2: Island of Lost Dreams,2002.0,5.2,64885.0,"Action, Adventure, Comedy",100.0,Film,PG,-1.0,None,Mild,Mild,Mild,Mild
Muhtesem Yüzyil,2002.0,6.7,16131.0,"Biography, Drama, History",90.0,Series,None,219.0,No Rate,No Rate,No Rate,No Rate,No Rate
Serpico,1973.0,7.7,117127.0,"Biography, Crime, Drama",130.0,Film,R,-1.0,Moderate,Moderate,Severe,Moderate,Moderate
Out of the Furnace,2013.0,6.8,111654.0,"Action, Crime, Drama",116.0,Film,R,-1.0,None,Severe,Severe,Severe,Severe
Call Me Kat,2013.0,5.1,4552.0,Comedy,21.0,Series,TV-PG,14.0,Mild,None,None,Mild,None
Doom,2005.0,5.2,110995.0,"Action, Horror, Sci-Fi",105.0,Film,R,-1.0,Mild,Severe,Severe,Mild,Moderate
Songwriter,1984.0,6.3,704.0,"Drama, Music",94.0,Film,R,-1.0,Mild,Mild,Mild,Moderate,None
The Lair of the White Worm,1988.0,5.9,12054.0,"Comedy, Horror",93.0,Film,R,-1.0,Moderate,Moderate,Moderate,Mild,Moderate
Blue Lagoon: The Awakening,2012.0,5.5,14299.0,"Drama, Romance",85.0,Film,TV-14,-1.0,Mild,Mild,Mild,None,Mild
Dug Days,2012.0,8.3,2275.0,"Animation, Short, Adventure",-1.0,Series,TV-G,5.0,No Rate,Mild,No Rate,No Rate,No Rate
Up the Junction,1968.0,6.9,861.0,Drama,119.0,Film,R,-1.0,No Rate,No Rate,No Rate,Mild,Mild
Unfriended,2014.0,5.5,72549.0,"Horror, Mystery, Thriller",83.0,Film,R,-1.0,Moderate,Severe,Severe,Moderate,Severe
À bout de souffle,1960.0,7.8,77529.0,"Crime, Drama",90.0,Film,Not Rated,-1.0,Mild,Mild,Moderate,Moderate,None
The Split,1960.0,7.7,4566.0,Drama,60.0,Series,TV-MA,17.0,No Rate,No Rate,No Rate,No Rate,No Rate
Penguin Bloom,2020.0,6.8,8403.0,Drama,95.0,Film,TV-14,-1.0,None,Mild,None,None,Moderate
Jeune et jolie,2013.0,6.7,33851.0,"Drama, Romance",95.0,Film,Not Rated,-1.0,Severe,Mild,Mild,Mild,Mild
You Don't Mess with the Zohan,2008.0,5.5,196120.0,Comedy,113.0,Film,PG-13,-1.0,Moderate,Mild,Moderate,Mild,None
Mieruko-chan,2008.0,7.4,132.0,"Animation, Comedy, Fantasy",24.0,Series,PG-13,12.0,No Rate,No Rate,No Rate,No Rate,No Rate
The Fugitive,2008.0,8.1,3696.0,"Adventure, Crime, Drama",51.0,Series,None,120.0,No Rate,No Rate,No Rate,No Rate,No Rate
The Human Centipede III (Final Sequence),2015.0,2.7,15932.0,"Comedy, Horror",102.0,Film,Not Rated,-1.0,Severe,Severe,Severe,Moderate,Severe
The Survivor,2021.0,7.4,53.0,"Biography, Drama",129.0,Film,None,-1.0,No Rate,No Rate,No Rate,No Rate,No Rate
Dream Horse,2020.0,6.9,2633.0,"Biography, Comedy, Drama",113.0,Film,PG,-1.0,None,Mild,Mild,Moderate,Mild
Ted 2,2015.0,6.3,195412.0,Comedy,115.0,Film,R,-1.0,Moderate,Mild,Severe,Severe,Mild
Pan,2015.0,5.7,62426.0,"Adventure, Comedy, Family",111.0,Film,PG,-1.0,None,Mild,Mild,None,Moderate
Rat Race,2001.0,6.4,112517.0,"Action, Adventure, Comedy",112.0,Film,PG-13,-1.0,Mild,Mild,Moderate,Mild,None
Waiting for the Barbarians,2019.0,5.9,9456.0,Drama,112.0,Film,None,-1.0,No Rate,No Rate,No Rate,No Rate,No Rate
The Little Hours,2017.0,5.8,21713.0,"Comedy, Romance",90.0,Film,R,-1.0,Moderate,Mild,Severe,Mild,Mild
"Auf Wiedersehen, Pet",2017.0,8.4,3229.0,"Comedy, Drama",60.0,Series,None,40.0,No Rate,No Rate,No Rate,No Rate,No Rate
Blast from the Past,1999.0,6.6,62518.0,"Comedy, Drama, Romance",112.0,Film,PG-13,-1.0,Mild,None,Mild,Mild,Mild
Liar Game,1999.0,8.0,1856.0,Drama,36.0,Series,None,21.0,No Rate,No Rate,No Rate,No Rate,No Rate
The Pact,1999.0,6.8,2219.0,Thriller,60.0,Series,None,6.0,No Rate,No Rate,No Rate,No Rate,No Rate
The Hours,2002.0,7.5,128263.0,"Drama, Romance",110.0,Film,PG-13,-1.0,None,None,Mild,Mild,Moderate
The Woman in Black,2012.0,6.4,178555.0,"Drama, Fantasy, Horror",95.0,Film,PG-13,-1.0,None,Moderate,Mild,Mild,Severe
Erkenci Kus,2012.0,7.4,6471.0,"Comedy, Romance",120.0,Series,None,51.0,No Rate,No Rate,No Rate,No Rate,No Rate
The Black Book,2021.0,3.3,69.0,Horror,75.0,Film,None,-1.0,No Rate,No Rate,No Rate,No Rate,No Rate
The House Bunny,2008.0,5.5,81811.0,"Comedy, Romance",97.0,Film,PG-13,-1.0,Mild,None,Mild,Mild,None
Intelligence,2008.0,6.2,3221.0,Comedy,-1.0,Series,TV-MA,12.0,Mild,No Rate,Moderate,No Rate,No Rate
UFO,2008.0,7.9,3204.0,"Action, Sci-Fi",45.0,Series,TV-PG,26.0,Mild,Mild,Mild,Moderate,Moderate
Trial by Fire,2018.0,7.1,8688.0,"Biography, Drama",127.0,Film,R,-1.0,Mild,Moderate,Severe,Mild,Moderate
Swordfish,2001.0,6.5,181964.0,"Action, Crime, Thriller",99.0,Film,R,-1.0,Moderate,Moderate,Severe,Moderate,Moderate
The Endless,2017.0,6.5,38549.0,"Drama, Fantasy, Horror",111.0,Film,Not Rated,-1.0,None,Mild,Severe,Mild,Moderate
The Other Woman,2014.0,6.0,135373.0,"Comedy, Romance",109.0,Film,PG-13,-1.0,Mild,Mild,Moderate,Moderate,None
The Night Shift,2014.0,7.4,11660.0,"Drama, Romance",42.0,Series,TV-14,45.0,Mild,Severe,Mild,Mild,Moderate
Grizzly II: The Predator,2020.0,3.2,817.0,"Horror, Music, Thriller",74.0,Film,Not Rated,-1.0,No Rate,Severe,Moderate,No Rate,No Rate
Deception,2018.0,7.5,8745.0,"Crime, Drama, Mystery",41.0,Series,TV-PG,13.0,None,Moderate,Mild,Mild,Mild
Leave No Trace,2018.0,7.2,55534.0,"Adventure, Drama",109.0,Film,PG,-1.0,None,Mild,None,Mild,Mild
WolfWalkers,2020.0,8.1,25963.0,"Animation, Adventure, Family",103.0,Film,PG,-1.0,None,Mild,None,None,Mild
The Machine,2020.0,-1.0,-1.0,"Action, Comedy",-1.0,Film,None,-1.0,No Rate,No Rate,No Rate,No Rate,No Rate
Platinum End,2020.0,8.3,200.0,"Animation, Action, Drama",-1.0,Series,None,4.0,No Rate,No Rate,No Rate,No Rate,No Rate
The Suite Life of Zack & Cody,2020.0,6.6,34598.0,"Comedy, Family",30.0,Series,TV-G,87.0,None,None,None,None,Mild
Ying xiong,2002.0,7.9,177804.0,"Action, Adventure, History",120.0,Film,PG-13,-1.0,Mild,Moderate,None,None,Mild
Once Bitten,1985.0,5.5,14195.0,"Comedy, Drama, Fantasy",94.0,Film,PG-13,-1.0,Mild,Mild,Mild,Moderate,Mild
The Nest,2020.0,6.3,10278.0,"Drama, Romance",107.0,Film,R,-1.0,Moderate,Mild,Moderate,Moderate,None
Miss Fisher's Murder Mysteries,2020.0,8.3,14823.0,"Crime, Drama, Mystery",60.0,Series,TV-PG,34.0,Mild,Mild,Mild,Mild,Mild
Shaft,2019.0,6.4,49598.0,"Action, Comedy, Crime",111.0,Film,R,-1.0,Moderate,Moderate,Severe,Moderate,Mild
"Hail, Caesar!",2016.0,6.3,129030.0,"Comedy, Drama, Music",106.0,Film,PG-13,-1.0,None,Mild,Mild,Mild,None
The Exorcist,2023.0,-1.0,-1.0,Horror,121.0,Film,None,-1.0,No Rate,No Rate,No Rate,No Rate,No Rate
Jonathan Creek,2023.0,8.1,7069.0,"Comedy, Crime, Drama",60.0,Series,TV-MA,32.0,Moderate,Moderate,Moderate,No Rate,Mild
"Me, Myself & Irene",2000.0,6.6,230337.0,Comedy,116.0,Film,R,-1.0,Moderate,Moderate,Severe,Mild,Mild
A River Runs Through It,1992.0,7.2,56009.0,Drama,123.0,Film,PG,-1.0,Mild,Mild,Mild,Mild,Mild
Villains,2019.0,6.2,11567.0,"Comedy, Drama, Horror",90.0,Film,R,-1.0,Mild,Moderate,Severe,Moderate,Moderate
Foxcatcher,2014.0,7.0,138695.0,"Biography, Drama, History",134.0,Film,R,-1.0,Mild,Moderate,Mild,Moderate,Moderate
Flatliners,2017.0,5.2,45051.0,"Drama, Horror, Mystery",109.0,Film,PG-13,-1.0,Mild,Moderate,Mild,Mild,Moderate
Drake & Josh,2017.0,7.7,37566.0,"Comedy, Family",23.0,Series,TV-Y7,57.0,None,Mild,None,None,None
Glengarry Glen Ross,1992.0,7.7,101084.0,"Crime, Drama, Mystery",100.0,Film,R,-1.0,None,None,Severe,Mild,None
Becky,2020.0,5.9,14816.0,"Action, Crime, Drama",93.0,Film,R,-1.0,None,Severe,Moderate,None,Moderate
Adrift,2018.0,6.6,52099.0,"Action, Adventure, Biography",96.0,Film,PG-13,-1.0,Mild,Mild,Mild,Mild,Moderate
Destroyer,2018.0,6.2,27709.0,"Action, Crime, Drama",121.0,Film,R,-1.0,Moderate,Moderate,Severe,Moderate,Moderate
Chappelle's Show,2018.0,8.7,59031.0,"Comedy, Music",22.0,Series,TV-MA,33.0,Moderate,Mild,Severe,Moderate,None
In the Shadow of the Moon,2019.0,6.2,46340.0,"Crime, Mystery, Sci-Fi",115.0,Film,TV-MA,-1.0,Mild,Moderate,Moderate,Mild,Mild
Real World/Road Rules Challenge,2019.0,7.7,2924.0,"Adventure, Game-Show, Reality-TV",30.0,Series,TV-14,576.0,Severe,Mild,Severe,Moderate,Mild
Alter Ego,2019.0,3.3,163.0,Reality-TV,-1.0,Series,TV-PG,4.0,No Rate,No Rate,No Rate,No Rate,No Rate
Cinderella Man,2005.0,8.0,181770.0,"Biography, Drama, History",144.0,Film,PG-13,-1.0,None,Moderate,Moderate,Mild,Moderate
Asteroid City,2022.0,-1.0,-1.0,"Comedy, Romance",-1.0,Film,None,-1.0,No Rate,No Rate,No Rate,No Rate,No Rate
Alone,2022.0,8.4,4175.0,"Documentary, Reality-TV",44.0,Series,TV-14,92.0,None,Moderate,Mild,No Rate,No Rate
Undone,2022.0,8.2,16148.0,"Animation, Drama, Fantasy",23.0,Series,TV-MA,9.0,Mild,Moderate,Moderate,Mild,Moderate
Project Blue Book,2022.0,7.7,11908.0,"Drama, Mystery, Sci-Fi",45.0,Series,TV-14,20.0,Mild,Moderate,Mild,Mild,Moderate
Starsky and Hutch,2022.0,7.0,8618.0,"Action, Crime, Drama",60.0,Series,None,92.0,No Rate,No Rate,No Rate,No Rate,No Rate
Tales of the Unexpected,2022.0,7.7,1873.0,"Comedy, Drama, Horror",25.0,Series,None,112.0,No Rate,No Rate,No Rate,No Rate,No Rate
Sputnik,2020.0,6.4,21193.0,"Drama, Horror, Mystery",113.0,Film,Not Rated,-1.0,Mild,Severe,None,None,Moderate
Tea and Sympathy,1956.0,7.3,2576.0,Drama,122.0,Film,Approved,-1.0,No Rate,No Rate,No Rate,No Rate,No Rate
Diet of Sex,2014.0,4.6,1911.0,"Comedy, Drama, Romance",72.0,Film,None,-1.0,No Rate,No Rate,No Rate,No Rate,No Rate
Dark Skies,2013.0,6.3,73503.0,"Horror, Sci-Fi, Thriller",97.0,Film,PG-13,-1.0,Mild,Moderate,Mild,Mild,Severe
Argylle,2022.0,-1.0,-1.0,Action,-1.0,Film,None,-1.0,No Rate,No Rate,No Rate,No Rate,No Rate
Bloody Hell,2020.0,6.6,4760.0,"Action, Comedy, Horror",93.0,Film,R,-1.0,None,Moderate,Severe,Mild,Moderate
Cat People,1982.0,6.2,20284.0,"Fantasy, Horror, Thriller",118.0,Film,R,-1.0,Moderate,Moderate,Mild,None,Moderate
The Purge: Election Year,2016.0,6.0,95721.0,"Action, Horror, Sci-Fi",108.0,Film,R,-1.0,Mild,Severe,Severe,Mild,Severe
Despicable Me 3,2017.0,6.3,122713.0,"Animation, Adventure, Comedy",89.0,Film,PG,-1.0,Mild,Mild,Mild,None,Mild
Nurse 3-D,2013.0,4.5,10200.0,"Horror, Thriller",84.0,Film,R,-1.0,Moderate,Severe,Moderate,Mild,Severe
Mou gaan dou,2002.0,8.0,121532.0,"Action, Crime, Drama",101.0,Film,R,-1.0,None,Moderate,Mild,Moderate,Moderate
The Break-Up,2006.0,5.8,129197.0,"Comedy, Drama, Romance",106.0,Film,PG-13,-1.0,Mild,Mild,Moderate,Mild,None
The Mighty Ducks: Game Changers,2006.0,7.5,4049.0,"Comedy, Drama, Sport",-1.0,Series,TV-PG,11.0,None,None,Mild,Mild,None
Bugsy Malone,1976.0,6.8,17228.0,"Comedy, Crime, Family",93.0,Film,G,-1.0,None,None,None,Mild,None
Cyst,2020.0,4.5,272.0,"Comedy, Horror, Sci-Fi",69.0,Film,None,-1.0,No Rate,No Rate,No Rate,No Rate,No Rate
To the Lake,2019.0,7.3,11279.0,"Drama, Sci-Fi, Thriller",-1.0,Series,TV-MA,9.0,Moderate,Severe,Moderate,Moderate,Moderate
Touched by an Angel,2019.0,6.0,6766.0,"Drama, Family, Fantasy",60.0,Series,TV-G,211.0,None,Mild,Mild,Mild,Mild
Durante la tormenta,2018.0,7.4,49608.0,"Drama, Fantasy, Mystery",128.0,Film,TV-MA,-1.0,Mild,Mild,Mild,Mild,Mild
High Noon,1952.0,8.0,101009.0,"Drama, Thriller, Western",85.0,Film,PG,-1.0,None,Mild,None,Mild,Mild
Joey,1952.0,6.0,42116.0,"Comedy, Romance",22.0,Series,TV-14,46.0,Mild,None,Mild,Mild,None
The Benchwarmers,2006.0,5.5,49754.0,"Comedy, Sport",85.0,Film,PG-13,-1.0,Mild,Mild,Mild,Mild,None
The Other Boleyn Girl,2008.0,6.7,108576.0,"Biography, Drama, History",115.0,Film,PG-13,-1.0,Moderate,Moderate,Mild,Mild,Moderate
Penteuhauseu,2008.0,8.1,1847.0,"Crime, Drama, Mystery",70.0,Series,None,52.0,No Rate,No Rate,No Rate,No Rate,No Rate
Green Acres,2008.0,7.2,6297.0,"Comedy, Family",30.0,Series,TV-G,170.0,No Rate,No Rate,No Rate,No Rate,No Rate
Dreamland,2019.0,5.8,4782.0,"Drama, Thriller",98.0,Film,R,-1.0,Moderate,Mild,Moderate,None,Mild
The Golden Child,1986.0,6.0,54371.0,"Action, Adventure, Comedy",94.0,Film,PG-13,-1.0,Mild,Moderate,Mild,Mild,Mild
It Had to Be You,2000.0,5.7,1884.0,"Comedy, Romance",96.0,Film,PG,-1.0,No Rate,No Rate,No Rate,No Rate,No Rate
Secondhand Lions,2003.0,7.5,55894.0,"Comedy, Drama, Family",111.0,Film,PG,-1.0,Mild,Mild,Mild,Mild,Mild
Firebird,2021.0,7.8,2855.0,"Drama, Romance",107.0,Film,None,-1.0,No Rate,No Rate,No Rate,No Rate,No Rate
The Dragon Prince,2021.0,8.4,19443.0,"Animation, Adventure, Drama",26.0,Series,TV-Y7,27.0,None,Mild,None,None,Mild
Allegiant,2016.0,5.7,115284.0,"Action, Adventure, Mystery",120.0,Film,PG-13,-1.0,Mild,Mild,Mild,None,Mild
Cam,2018.0,5.9,29553.0,"Drama, Horror, Mystery",94.0,Film,TV-MA,-1.0,Severe,Moderate,Moderate,Mild,Moderate
Rush Hour 3,2007.0,6.2,160113.0,"Action, Comedy, Crime",91.0,Film,PG-13,-1.0,Moderate,Moderate,Moderate,Mild,Moderate
Patriot Games,1992.0,6.9,107865.0,"Action, Thriller",117.0,Film,R,-1.0,Mild,Moderate,Moderate,Mild,Moderate
Point Break,2015.0,5.3,60698.0,"Action, Adventure, Crime",114.0,Film,PG-13,-1.0,Mild,Moderate,Moderate,Mild,Moderate
Water,1985.0,6.1,2362.0,"Adventure, Comedy, Drama",115.0,Film,PG-13,-1.0,Moderate,Mild,Moderate,Mild,Mild
Animal Kingdom,2010.0,7.3,56420.0,"Crime, Drama",113.0,Film,R,-1.0,None,Moderate,Severe,Severe,Moderate
The Taking,2014.0,6.0,29133.0,"Horror, Mystery, Thriller",90.0,Film,R,-1.0,Mild,Moderate,Moderate,Mild,Severe
The Bad Guys,2022.0,-1.0,-1.0,"Animation, Adventure, Comedy",-1.0,Film,None,-1.0,No Rate,No Rate,No Rate,No Rate,No Rate
Judge Dredd,1995.0,5.6,114448.0,"Action, Crime, Sci-Fi",96.0,Film,R,-1.0,None,Severe,Mild,Mild,Moderate
Sin-gwa ham-kke: Jwi-wa beol,2017.0,7.3,13707.0,"Action, Drama, Fantasy",139.0,Film,Not Rated,-1.0,None,Moderate,Moderate,Mild,Moderate
Bull Durham,1988.0,7.1,51638.0,"Comedy, Romance, Sport",108.0,Film,R,-1.0,Moderate,Mild,Severe,Mild,None
Blue's Clues,1988.0,6.9,5420.0,"Animation, Comedy, Family",25.0,Series,TV-Y,176.0,None,None,None,None,None
Dharma & Greg,1988.0,6.3,29509.0,"Comedy, Romance",30.0,Series,TV-PG,119.0,Mild,Mild,Mild,Mild,None
Ophelia,2018.0,6.6,9539.0,"Drama, Romance, Thriller",114.0,Film,PG-13,-1.0,Mild,Mild,None,None,Mild
Lars and the Real Girl,2007.0,7.3,142000.0,"Comedy, Drama, Romance",106.0,Film,PG-13,-1.0,Mild,None,Mild,Mild,None
The Skeleton Key,2005.0,6.5,110280.0,"Drama, Horror, Mystery",104.0,Film,PG-13,-1.0,Mild,Moderate,Mild,Mild,Moderate
The Perfection,2018.0,6.2,39662.0,"Drama, Horror, Music",90.0,Film,TV-MA,-1.0,Moderate,Severe,Severe,Moderate,Severe
I Dream Too Much,1935.0,5.4,563.0,"Comedy, Romance, Musical",97.0,Film,Passed,-1.0,Mild,Mild,None,Mild,None
Frances Ha,2012.0,7.5,79230.0,"Comedy, Drama, Romance",86.0,Film,R,-1.0,Mild,None,Moderate,Mild,None
Sin nombre,2009.0,7.6,32071.0,"Adventure, Crime, Drama",96.0,Film,R,-1.0,Moderate,Severe,Moderate,Moderate,Moderate
Seulgirowun Gamppangsaenghwal,2009.0,8.4,2524.0,"Comedy, Drama",90.0,Series,None,16.0,No Rate,No Rate,No Rate,No Rate,No Rate
Boys Don't Cry,1999.0,7.5,95199.0,"Biography, Crime, Drama",118.0,Film,R,-1.0,Severe,Severe,Severe,Moderate,Severe
Between Two Ferns: The Movie,2019.0,6.1,29180.0,Comedy,82.0,Film,TV-MA,-1.0,Mild,Mild,Moderate,Mild,None
Joe Dirt,2001.0,6.0,54504.0,"Adventure, Comedy, Drama",91.0,Film,PG-13,-1.0,Moderate,Mild,Moderate,Mild,Mild
Now and Then,1995.0,6.8,28474.0,"Comedy, Drama, Romance",100.0,Film,PG-13,-1.0,Mild,Mild,Mild,Mild,Mild
The Transporter,2002.0,6.8,293541.0,"Action, Crime, Thriller",92.0,Film,PG-13,-1.0,Mild,Moderate,Moderate,Mild,Moderate
The Wolf of Snow Hollow,2020.0,6.2,15505.0,"Comedy, Horror, Mystery",83.0,Film,R,-1.0,Mild,Severe,Severe,Moderate,Moderate
Taeksi woonjunsa,2017.0,7.9,20311.0,"Action, Drama, History",137.0,Film,Not Rated,-1.0,None,Moderate,Mild,Mild,Moderate
Outside the Wire,2021.0,5.4,38983.0,"Action, Adventure, Fantasy",114.0,Film,R,-1.0,None,Moderate,Severe,Mild,Moderate
Ran,1985.0,8.2,119814.0,"Action, Drama, War",162.0,Film,R,-1.0,None,Severe,Mild,None,Moderate
Disaster Movie,2008.0,1.9,89557.0,"Comedy, Sci-Fi",87.0,Film,PG-13,-1.0,Moderate,Severe,Severe,Severe,Severe
Surge,2020.0,6.2,1354.0,Thriller,105.0,Film,None,-1.0,No Rate,No Rate,No Rate,No Rate,No Rate
Hot Shots!,1991.0,6.8,103840.0,"Action, Comedy",84.0,Film,PG-13,-1.0,Mild,Mild,Moderate,Mild,None
Waterloo Road,1991.0,7.2,3003.0,"Drama, Romance",53.0,Series,TV-14,201.0,Mild,Mild,Mild,Moderate,Moderate
Greek,1991.0,7.5,24014.0,"Comedy, Drama, Family",60.0,Series,TV-14,74.0,No Rate,No Rate,No Rate,No Rate,No Rate
Trolls,2016.0,6.5,76495.0,"Animation, Adventure, Comedy",92.0,Film,PG,-1.0,None,None,Mild,None,Mild
Der Name der Rose,1986.0,7.7,105392.0,"Crime, Drama, Mystery",130.0,Film,R,-1.0,Moderate,Moderate,Mild,None,Moderate
Short Circuit,1986.0,6.7,59570.0,"Comedy, Family, Sci-Fi",98.0,Film,PG,-1.0,Mild,Mild,Moderate,Mild,Mild
The Proposition,2005.0,7.3,51575.0,"Crime, Drama, Western",104.0,Film,R,-1.0,Mild,Severe,Severe,Mild,Severe
Doomsday,2008.0,5.9,75410.0,"Action, Sci-Fi, Thriller",113.0,Film,R,-1.0,Mild,Severe,Severe,Mild,Moderate
Song to Song,2017.0,5.7,20192.0,"Drama, Music, Romance",129.0,Film,R,-1.0,Moderate,Mild,Moderate,Moderate,None
Dragged Across Concrete,2018.0,6.9,42145.0,"Action, Crime, Drama",158.0,Film,R,-1.0,Moderate,Severe,Moderate,Mild,Severe
Get Smart,2008.0,6.5,210717.0,"Action, Adventure, Comedy",110.0,Film,PG-13,-1.0,Mild,Mild,Mild,None,Mild
The Long Kiss Goodnight,1996.0,6.8,76733.0,"Action, Crime, Drama",121.0,Film,R,-1.0,Mild,Severe,Severe,Mild,Moderate
Spinning Out,2020.0,7.6,12369.0,"Drama, Sport",48.0,Series,TV-MA,10.0,Moderate,Mild,Moderate,Moderate,Mild
Save Me,2020.0,7.7,5011.0,"Drama, Mystery",270.0,Series,TV-MA,18.0,Mild,Mild,Moderate,Moderate,No Rate
The Republic of Sarah,2021.0,5.6,723.0,Drama,-1.0,Series,TV-14,13.0,No Rate,No Rate,No Rate,No Rate,No Rate
Cocktail,1988.0,5.9,82400.0,"Comedy, Drama, Romance",104.0,Film,R,-1.0,Mild,Moderate,Moderate,Moderate,Mild
10 Years,2011.0,6.1,25016.0,"Comedy, Drama, Romance",110.0,Film,PG-13,-1.0,Mild,None,Mild,Mild,None
Scott & Bailey,2011.0,8.0,7743.0,"Crime, Drama, Mystery",45.0,Series,TV-14,33.0,Mild,Mild,Moderate,Mild,No Rate
House at the End of the Street,2012.0,5.6,75314.0,"Drama, Horror, Thriller",101.0,Film,PG-13,-1.0,Mild,Moderate,Mild,Mild,Moderate
"Luchshe, chem lyudi",2012.0,7.4,7863.0,"Drama, Sci-Fi",52.0,Series,None,16.0,No Rate,No Rate,No Rate,No Rate,No Rate
Twist,2021.0,4.1,2261.0,"Action, Drama",90.0,Film,R,-1.0,Mild,Moderate,Moderate,Moderate,Mild
Raven's Home,2021.0,7.3,2802.0,"Comedy, Family",22.0,Series,TV-G,82.0,None,None,None,None,None
Young Guns,1988.0,6.9,58138.0,"Action, Western",107.0,Film,R,-1.0,Mild,Moderate,Moderate,Moderate,Mild
Yoga Hosers,2016.0,4.3,13280.0,"Action, Comedy, Fantasy",88.0,Film,PG-13,-1.0,Mild,Mild,Mild,Mild,No Rate
The Postman,1997.0,6.1,71409.0,"Action, Adventure, Drama",177.0,Film,R,-1.0,Moderate,Moderate,Mild,Mild,Moderate
Shin Evangelion Gekijôban,2021.0,8.1,6327.0,"Animation, Action, Drama",154.0,Film,TV-MA,-1.0,Moderate,Moderate,Mild,None,Severe
Dumbo,2019.0,6.3,71014.0,"Adventure, Family, Fantasy",112.0,Film,PG,-1.0,None,Mild,None,None,Mild
Posledniy bogatyr. Koren' Zla,2021.0,5.9,700.0,"Adventure, Comedy, Family",121.0,Film,None,-1.0,No Rate,No Rate,No Rate,No Rate,No Rate
Step Up,2006.0,6.5,114396.0,"Crime, Drama, Music",104.0,Film,PG-13,-1.0,None,Mild,Mild,Mild,Mild
World Trade Center,2006.0,5.9,81885.0,"Drama, History, Thriller",129.0,Film,PG-13,-1.0,None,Moderate,Moderate,Mild,Severe
Cocomelon,2006.0,4.5,358.0,"Animation, Comedy, Family",-1.0,Series,TV-PG,80.0,None,None,None,None,Moderate
Seventh Son,2014.0,5.5,74580.0,"Action, Adventure, Fantasy",102.0,Film,PG-13,-1.0,None,Moderate,Mild,Mild,Mild
Failure to Launch,2006.0,5.6,77577.0,"Comedy, Romance",97.0,Film,PG-13,-1.0,Mild,Mild,Mild,Mild,None
Out of Sight,1998.0,7.0,89535.0,"Comedy, Crime, Drama",123.0,Film,R,-1.0,Mild,Moderate,Severe,Mild,Mild
Small Soldiers,1998.0,6.2,96238.0,"Action, Adventure, Comedy",108.0,Film,PG-13,-1.0,None,Mild,Mild,Mild,Mild
Work in Progress,1998.0,7.2,1682.0,Comedy,30.0,Series,TV-MA,18.0,No Rate,No Rate,No Rate,No Rate,No Rate
The Glass Castle,2017.0,7.1,31906.0,"Biography, Drama",127.0,Film,PG-13,-1.0,Mild,Mild,Moderate,Moderate,Moderate
Revolver,2005.0,6.4,92713.0,"Action, Crime, Drama",111.0,Film,R,-1.0,Moderate,Severe,Severe,Moderate,Moderate
Evan Almighty,2007.0,5.4,143357.0,"Comedy, Family, Fantasy",96.0,Film,PG,-1.0,Mild,Mild,Mild,None,None
Cabin Fever,2002.0,5.6,76101.0,Horror,93.0,Film,R,-1.0,Moderate,Severe,Severe,Moderate,Severe
In Plain Sight,2002.0,7.3,11287.0,"Crime, Drama, Mystery",60.0,Series,TV-14,61.0,No Rate,No Rate,No Rate,No Rate,No Rate
37°2 le matin,1986.0,7.4,20377.0,"Drama, Romance",185.0,Film,Unrated,-1.0,Severe,Moderate,Moderate,Moderate,Moderate
First Cow,2019.0,7.1,15010.0,"Drama, Western",122.0,Film,PG-13,-1.0,None,None,Mild,Mild,Mild
The Brown Bunny,2003.0,5.0,15043.0,Drama,93.0,Film,Not Rated,-1.0,Severe,Mild,Mild,Mild,None
Snakes on a Plane,2006.0,5.4,136125.0,"Action, Adventure, Crime",105.0,Film,R,-1.0,Moderate,Moderate,Moderate,Moderate,Moderate
The Bridges of Madison County,1995.0,7.6,77264.0,"Drama, Romance",135.0,Film,PG-13,-1.0,Moderate,None,Mild,Mild,None
Can't Hardly Wait,1998.0,6.5,48497.0,"Comedy, Romance",100.0,Film,PG-13,-1.0,Mild,None,Moderate,Severe,None
Get Shorty,1998.0,8.2,6661.0,"Comedy, Crime",60.0,Series,TV-MA,27.0,Moderate,Severe,Moderate,Moderate,Mild
Halloween Wars,1998.0,7.8,495.0,"Family, Game-Show, Reality-TV",42.0,Series,TV-G,53.0,No Rate,No Rate,No Rate,No Rate,No Rate
My Own Private Idaho,1991.0,7.0,53866.0,Drama,104.0,Film,R,-1.0,Moderate,Mild,Moderate,Moderate,Moderate
The Laundromat,2019.0,6.3,47733.0,"Comedy, Crime, Drama",96.0,Film,R,-1.0,Moderate,Mild,Mild,Mild,Mild
Homicide: Life on the Street,2019.0,8.6,12197.0,"Crime, Drama, Mystery",60.0,Series,TV-14,122.0,Moderate,Severe,Mild,Mild,Severe
Taken 2,2012.0,6.3,297908.0,"Action, Crime, Thriller",92.0,Film,PG-13,-1.0,Mild,Moderate,Mild,Mild,Moderate
Amores perros,2000.0,8.1,232561.0,"Drama, Thriller",154.0,Film,R,-1.0,Moderate,Severe,Severe,Mild,Severe
Entrapment,1999.0,6.3,111773.0,"Action, Crime, Romance",113.0,Film,PG-13,-1.0,Mild,Mild,Moderate,Mild,Mild
A Different World,1999.0,6.9,6358.0,Comedy,60.0,Series,TV-PG,144.0,No Rate,No Rate,No Rate,No Rate,No Rate
Taps,1981.0,6.8,17458.0,Drama,126.0,Film,PG,-1.0,Mild,Mild,Mild,Mild,Moderate
Emmerdale Farm,1981.0,4.8,3057.0,"Drama, Romance",30.0,Series,TV-PG,8036.0,Moderate,Moderate,Mild,Moderate,Severe
Meet the Spartans,2008.0,2.8,106020.0,"Comedy, Fantasy",87.0,Film,PG-13,-1.0,Moderate,Moderate,Moderate,Moderate,Severe
Trying,2008.0,7.7,5342.0,Comedy,30.0,Series,TV-14,17.0,Mild,None,No Rate,No Rate,No Rate
Giri/Haji,2019.0,7.9,12497.0,"Crime, Drama, Mystery",461.0,Series,TV-MA,8.0,Moderate,Severe,Moderate,Severe,Moderate
Staged,2019.0,8.6,5487.0,"Comedy, Drama",22.0,Series,Not Rated,14.0,None,None,Severe,Mild,None
Pocahontas,1995.0,6.7,177837.0,"Animation, Adventure, Drama",81.0,Film,G,-1.0,None,Mild,None,None,Mild
Ci sha xiao shuo jia,2021.0,6.2,1758.0,"Action, Adventure, Crime",130.0,Film,None,-1.0,No Rate,No Rate,No Rate,No Rate,No Rate
A Hidden Life,2019.0,7.4,21688.0,"Biography, Drama, Romance",174.0,Film,PG-13,-1.0,None,Moderate,None,Mild,Moderate
The Ward,2010.0,5.6,41603.0,"Horror, Mystery, Thriller",89.0,Film,R,-1.0,None,Moderate,Mild,Mild,Moderate
Here Today,2021.0,6.5,2025.0,"Comedy, Drama",93.0,Film,PG-13,-1.0,None,None,Moderate,None,Mild
Cujo,1983.0,6.1,43350.0,"Horror, Thriller",93.0,Film,R,-1.0,Mild,Moderate,Moderate,Mild,Severe
The Searchers,1956.0,7.9,85504.0,"Adventure, Drama, Western",119.0,Film,Passed,-1.0,None,Mild,Mild,Mild,Mild
Burden of Truth,1956.0,7.3,3726.0,Drama,44.0,Series,TV-PG,34.0,Mild,No Rate,No Rate,No Rate,No Rate
Underworld: Evolution,2006.0,6.7,194920.0,"Action, Fantasy, Thriller",106.0,Film,R,-1.0,Moderate,Severe,Moderate,Mild,Moderate
Minions: The Rise of Gru,2022.0,-1.0,-1.0,"Animation, Adventure, Comedy",90.0,Film,PG,-1.0,No Rate,No Rate,No Rate,No Rate,No Rate
The Long Call,2022.0,-1.0,-1.0,"Crime, Drama",-1.0,Series,None,4.0,No Rate,No Rate,No Rate,No Rate,No Rate
This Is Where I Leave You,2014.0,6.6,76490.0,"Comedy, Drama",103.0,Film,R,-1.0,Mild,Mild,Severe,Moderate,Mild
Superhost,2021.0,5.8,1362.0,"Horror, Thriller",84.0,Film,None,-1.0,No Rate,No Rate,No Rate,No Rate,No Rate
Fatale,2020.0,5.4,8182.0,Thriller,102.0,Film,R,-1.0,Mild,Mild,Moderate,No Rate,No Rate
Braqueurs,2015.0,6.3,4889.0,"Action, Crime, Drama",81.0,Film,TV-MA,-1.0,Moderate,Moderate,Moderate,Mild,Mild
Generation,2021.0,6.8,4045.0,"Comedy, Drama",30.0,Series,TV-MA,16.0,Severe,Mild,Severe,Moderate,Severe
Power Rangers: Dino Fury,2021.0,6.8,309.0,"Action, Adventure, Comedy",21.0,Series,TV-Y7,44.0,Mild,Moderate,None,None,Mild
Air Force One,1997.0,6.5,188197.0,"Action, Drama, Thriller",124.0,Film,R,-1.0,None,Moderate,Moderate,Mild,Moderate
El mariachi,1992.0,6.9,65453.0,"Action, Crime, Thriller",81.0,Film,R,-1.0,Mild,Moderate,Moderate,Mild,Moderate
Shazam! Fury of the Gods,2023.0,-1.0,-1.0,"Action, Adventure, Comedy",-1.0,Film,None,-1.0,No Rate,No Rate,No Rate,No Rate,No Rate
Locked Down,2021.0,5.2,9994.0,"Comedy, Crime, Romance",118.0,Film,R,-1.0,Mild,None,Moderate,Mild,Mild
47 Meters Down,2017.0,5.7,52097.0,"Adventure, Drama, Horror",89.0,Film,PG-13,-1.0,None,Moderate,Mild,Mild,Moderate
After Earth,2013.0,4.8,196546.0,"Action, Adventure, Sci-Fi",100.0,Film,PG-13,-1.0,None,Moderate,None,None,Moderate
13 Minutes (II),2021.0,-1.0,-1.0,"Action, Drama, Thriller",108.0,Film,PG-13,-1.0,No Rate,No Rate,No Rate,No Rate,No Rate
Night at the Museum: Battle of the Smithsonian,2009.0,6.0,185936.0,"Adventure, Comedy, Family",105.0,Film,PG,-1.0,None,Mild,Mild,None,Mild
Just Friends,2005.0,6.2,111134.0,"Comedy, Romance",96.0,Film,PG-13,-1.0,Moderate,Mild,Mild,Mild,None
The Handmaid's Tale,1990.0,6.0,9458.0,"Drama, Romance, Sci-Fi",109.0,Film,R,-1.0,Moderate,Severe,Moderate,Mild,Mild
Traces,1990.0,6.9,3396.0,"Crime, Mystery, Thriller",45.0,Series,TV-14,12.0,Mild,Moderate,Severe,Moderate,Mild
Triple 9,2016.0,6.3,70090.0,"Action, Crime, Thriller",115.0,Film,R,-1.0,Moderate,Severe,Severe,Severe,Moderate
The Maltese Falcon,1941.0,8.0,153730.0,"Crime, Film-Noir, Mystery",100.0,Film,Passed,-1.0,None,Mild,None,Mild,None
Due Date,2010.0,6.5,333119.0,"Comedy, Drama",95.0,Film,R,-1.0,Mild,Mild,Severe,Moderate,Mild
The Cat in the Hat,2003.0,4.0,79938.0,"Adventure, Comedy, Family",82.0,Film,PG,-1.0,Moderate,Mild,Mild,Mild,Moderate
Stepmom,1998.0,6.8,64129.0,"Comedy, Drama",125.0,Film,PG-13,-1.0,Mild,None,Moderate,Mild,Mild
Splash,1984.0,6.3,73908.0,"Comedy, Fantasy, Romance",111.0,Film,PG,-1.0,Moderate,Mild,Mild,Mild,Mild
Saw V,2008.0,5.8,120431.0,"Crime, Horror, Mystery",92.0,Film,R,-1.0,None,Severe,Severe,Mild,Severe
Mistresses,2008.0,7.6,1960.0,Drama,60.0,Series,None,16.0,No Rate,No Rate,No Rate,No Rate,No Rate
Adam: The Mirror,2017.0,6.9,1187.0,"Animation, Short, Sci-Fi",7.0,Film,None,-1.0,No Rate,No Rate,No Rate,No Rate,No Rate
Crossing Jordan,2017.0,7.0,10696.0,"Crime, Drama, Mystery",60.0,Series,TV-14,117.0,No Rate,Severe,Severe,No Rate,No Rate
Mr. Right,2015.0,6.4,53543.0,"Action, Comedy, Romance",95.0,Film,R,-1.0,Mild,Moderate,Severe,Mild,Mild
Je Suis Karl,2021.0,5.4,514.0,"Drama, Romance, Thriller",126.0,Film,None,-1.0,No Rate,No Rate,No Rate,No Rate,No Rate
Perception,2021.0,7.5,20238.0,"Crime, Drama, Mystery",42.0,Series,TV-14,39.0,Mild,Mild,Moderate,Mild,Mild
Space Cowboys,2000.0,6.5,78341.0,"Action, Adventure, Thriller",130.0,Film,PG-13,-1.0,Mild,Mild,Moderate,Mild,Mild
The Water Man,2020.0,5.4,3081.0,"Adventure, Drama, Family",91.0,Film,PG,-1.0,None,Moderate,Moderate,None,Moderate
"Shin seiki Evangelion Gekijô-ban: Air/Magokoro wo, kimi ni",1997.0,8.1,47000.0,"Animation, Action, Drama",87.0,Film,TV-MA,-1.0,Severe,Severe,Moderate,None,Severe
Pixels,2015.0,5.5,137442.0,"Animation, Action, Comedy",105.0,Film,PG-13,-1.0,Mild,Mild,Mild,Mild,Mild
Haven,2015.0,7.5,36681.0,"Crime, Drama, Fantasy",60.0,Series,TV-PG,78.0,Mild,Moderate,Mild,Mild,Mild
Ajeossi,2010.0,7.8,66462.0,"Action, Crime, Drama",119.0,Film,R,-1.0,Mild,Severe,Severe,Moderate,Moderate
Lake Placid,1999.0,5.7,58638.0,"Action, Comedy, Horror",82.0,Film,R,-1.0,Mild,Severe,Moderate,Mild,Moderate
Professor T.,1999.0,8.0,1828.0,"Comedy, Crime, Drama",53.0,Series,Not Rated,39.0,No Rate,No Rate,No Rate,No Rate,No Rate
Winter's Bone,2010.0,7.2,139513.0,"Drama, Mystery",100.0,Film,R,-1.0,None,Moderate,Moderate,Severe,Mild
The Mummy,1932.0,7.1,25217.0,"Fantasy, Horror",73.0,Film,Approved,-1.0,None,Mild,None,None,Mild
Sergio,2020.0,6.1,9130.0,"Biography, Drama, History",118.0,Film,R,-1.0,Moderate,Moderate,Mild,Mild,Mild
Patton,1970.0,7.9,98853.0,"Biography, Drama, War",172.0,Film,PG,-1.0,None,Moderate,Moderate,Mild,Moderate
Fried Barry,2020.0,5.6,1775.0,"Comedy, Horror, Sci-Fi",99.0,Film,None,-1.0,No Rate,No Rate,No Rate,No Rate,No Rate
10,1979.0,6.1,17216.0,"Comedy, Romance",122.0,Film,R,-1.0,Severe,None,Mild,Moderate,None
Stealth,2005.0,5.1,53043.0,"Action, Adventure, Sci-Fi",121.0,Film,PG-13,-1.0,Mild,Moderate,Mild,Mild,Mild
The Gateway,2021.0,4.5,425.0,Thriller,91.0,Film,R,-1.0,Moderate,Severe,Severe,Moderate,Moderate
Crossing Lines,2021.0,7.3,12701.0,"Action, Crime, Drama",43.0,Series,TV-14,34.0,Moderate,Severe,Severe,None,No Rate
Finding Alice,2021.0,5.8,1709.0,"Comedy, Drama",46.0,Series,Not Rated,7.0,No Rate,No Rate,No Rate,Mild,No Rate
Marathon Man,1976.0,7.4,60857.0,"Crime, Thriller",125.0,Film,R,-1.0,Moderate,Severe,Moderate,Mild,Severe
Insidious: Chapter 2,2013.0,6.6,162978.0,"Horror, Mystery, Thriller",106.0,Film,PG-13,-1.0,None,Moderate,Mild,None,Severe
Hooligans,2005.0,7.4,146326.0,"Crime, Drama, Sport",109.0,Film,R,-1.0,None,Severe,Severe,Moderate,Moderate
The God Committee,2021.0,5.7,2615.0,Thriller,98.0,Film,None,-1.0,No Rate,No Rate,No Rate,No Rate,No Rate
Secrets of Sulphur Springs,2021.0,7.7,1637.0,"Adventure, Drama, Family",24.0,Series,TV-PG,12.0,No Rate,No Rate,None,No Rate,Mild
The Grey,2011.0,6.8,246614.0,"Action, Adventure, Drama",117.0,Film,R,-1.0,None,Severe,Severe,Mild,Severe
Kung Fu Panda 3,2016.0,7.1,144918.0,"Animation, Action, Adventure",95.0,Film,PG,-1.0,None,Mild,None,None,Mild
You're the Worst,2016.0,8.1,24591.0,"Comedy, Drama, Romance",30.0,Series,TV-MA,62.0,Moderate,Mild,Severe,Severe,Mild
"Good Morning, Miss Bliss",2016.0,6.8,1801.0,"Comedy, Family",30.0,Series,TV-G,14.0,No Rate,No Rate,No Rate,No Rate,No Rate
Rawhide,2016.0,8.0,3506.0,Western,50.0,Series,TV-PG,217.0,No Rate,No Rate,No Rate,No Rate,No Rate
High-Rise,2015.0,5.6,40641.0,"Drama, Sci-Fi",119.0,Film,R,-1.0,Severe,Severe,Moderate,Severe,Moderate
The Equalizer,2015.0,7.8,4900.0,"Action, Crime, Drama",48.0,Series,TV-PG,88.0,Mild,Mild,Mild,Mild,Mild
I Am Sam,2001.0,7.6,146960.0,Drama,132.0,Film,PG-13,-1.0,None,None,Mild,None,Mild
40 Days and 40 Nights,2002.0,5.6,72475.0,"Comedy, Romance",96.0,Film,R,-1.0,Severe,None,Moderate,Mild,None
Waking the Dead,2002.0,7.9,5361.0,"Crime, Drama, Mystery",100.0,Series,TV-14,92.0,Moderate,Moderate,None,Mild,Moderate
Hunter Killer,2018.0,6.6,59212.0,"Action, Thriller",121.0,Film,R,-1.0,None,Moderate,Moderate,None,Mild
Law & Order: UK,2018.0,7.6,4094.0,"Crime, Drama, Mystery",46.0,Series,TV-14,53.0,Mild,Moderate,Moderate,Mild,No Rate
The Rental,2020.0,5.7,24674.0,"Drama, Horror, Mystery",88.0,Film,R,-1.0,Mild,Moderate,Moderate,Moderate,Moderate
8MM,1999.0,6.5,128942.0,"Crime, Drama, Mystery",123.0,Film,R,-1.0,Severe,Severe,Severe,Moderate,Severe
About a Boy,2002.0,7.1,179143.0,"Comedy, Drama, Romance",101.0,Film,PG-13,-1.0,Mild,Mild,Moderate,Mild,Mild
El olvido que seremos,2020.0,7.3,1285.0,"Drama, History",136.0,Film,None,-1.0,No Rate,No Rate,No Rate,No Rate,No Rate
Bad Girls,2020.0,7.9,2125.0,"Crime, Drama",90.0,Series,None,107.0,No Rate,No Rate,No Rate,No Rate,No Rate
Tristan + Isolde,2006.0,6.8,51586.0,"Action, Drama, Romance",125.0,Film,PG-13,-1.0,Mild,Moderate,None,None,Moderate
Percy Jackson: Sea of Monsters,2013.0,5.8,114171.0,"Adventure, Family, Fantasy",106.0,Film,PG,-1.0,None,Moderate,Mild,Mild,Moderate
Rifkin's Festival,2020.0,6.2,4308.0,Comedy,88.0,Film,PG-13,-1.0,Mild,Mild,Mild,Mild,Mild
Aileen Wuornos: American Boogeywoman,2021.0,4.1,133.0,"Drama, Horror, Thriller",85.0,Film,R,-1.0,No Rate,No Rate,No Rate,No Rate,No Rate
Dragon Ball Super: Doragon bôru cho,2021.0,8.3,26612.0,"Animation, Action, Adventure",24.0,Series,TV-PG,131.0,None,Mild,Mild,None,Moderate
Saw IV,2007.0,5.9,145890.0,"Crime, Horror, Mystery",93.0,Film,R,-1.0,Moderate,Severe,Severe,Mild,Severe
The Color of Money,1986.0,7.0,78943.0,"Drama, Sport",119.0,Film,R,-1.0,Mild,Mild,Moderate,Mild,None
Unknown,2011.0,6.8,255909.0,"Action, Mystery, Thriller",113.0,Film,PG-13,-1.0,Mild,Moderate,Mild,Mild,Moderate
To All the Boys I've Loved Before,2018.0,7.1,97268.0,"Comedy, Drama, Romance",99.0,Film,TV-14,-1.0,Mild,None,Mild,None,None
Meet the Parents,2000.0,7.0,321345.0,"Comedy, Romance",108.0,Film,PG-13,-1.0,Mild,Mild,Moderate,Mild,None
Good Times,2000.0,7.3,6663.0,Comedy,30.0,Series,TV-PG,133.0,None,Mild,Mild,Mild,None
Continuum,2000.0,7.6,59321.0,"Action, Sci-Fi, Thriller",45.0,Series,TV-14,42.0,Mild,Moderate,Mild,Mild,No Rate
Can't Buy Me Love,1987.0,6.8,35309.0,"Comedy, Drama, Romance",94.0,Film,PG-13,-1.0,Mild,Mild,Moderate,Moderate,Mild
Mainstream,2020.0,4.9,1917.0,"Comedy, Drama",94.0,Film,R,-1.0,Moderate,None,Severe,Mild,Mild
The Map of Tiny Perfect Things,2021.0,6.8,17466.0,"Comedy, Fantasy, Romance",98.0,Film,PG-13,-1.0,None,None,Mild,Mild,None
Exorcist II: The Heretic,1977.0,3.8,23604.0,Horror,117.0,Film,R,-1.0,Mild,Moderate,Mild,None,Moderate
The Power of One,1992.0,7.2,9741.0,"Drama, Sport",127.0,Film,PG-13,-1.0,Mild,Moderate,Mild,No Rate,Moderate
American Reunion,2012.0,6.7,208335.0,Comedy,113.0,Film,R,-1.0,Severe,Mild,Severe,Moderate,None
The Lake House,2006.0,6.8,144977.0,"Drama, Fantasy, Romance",99.0,Film,PG,-1.0,None,None,None,Mild,None
Flight of the Conchords,2006.0,8.5,57597.0,"Comedy, Music, Musical",28.0,Series,TV-MA,22.0,Mild,Mild,Moderate,Mild,None
Ek Thi Begum,2020.0,8.9,6037.0,"Crime, Drama",27.0,Series,None,26.0,No Rate,No Rate,No Rate,No Rate,No Rate
Robin Hood,1973.0,7.6,120934.0,"Animation, Adventure, Comedy",83.0,Film,G,-1.0,None,Mild,None,Mild,Mild
An Officer and a Gentleman,1982.0,7.0,54095.0,"Drama, Romance",124.0,Film,R,-1.0,Moderate,Moderate,Severe,Mild,Moderate
The Jackal,1997.0,6.4,112644.0,"Action, Crime, Drama",124.0,Film,R,-1.0,Mild,Severe,Severe,Mild,Moderate
The King: Youngwonui Gunjoo,2020.0,8.3,8865.0,"Fantasy, Mystery, Romance",70.0,Series,TV-14,16.0,None,Moderate,Mild,Mild,Moderate
The Nowhere Inn,2020.0,5.8,540.0,"Comedy, Drama, Horror",91.0,Film,None,-1.0,No Rate,No Rate,No Rate,No Rate,No Rate
The Artist,2011.0,7.9,236266.0,"Comedy, Drama, Romance",100.0,Film,PG-13,-1.0,None,Mild,None,Mild,Mild
To Catch a Spy,2021.0,6.3,595.0,"Mystery, Romance",90.0,Film,None,-1.0,No Rate,No Rate,No Rate,No Rate,No Rate
Da Vinci's Demons,2021.0,8.0,75054.0,"Adventure, Biography, Drama",60.0,Series,TV-MA,28.0,Severe,Moderate,Moderate,Mild,Moderate
Creepshow 2,1987.0,6.1,24196.0,"Fantasy, Horror",92.0,Film,R,-1.0,Moderate,Severe,Moderate,Mild,Moderate
The Lego Movie 2: The Second Part,2019.0,6.6,60570.0,"Animation, Adventure, Comedy",107.0,Film,PG,-1.0,None,Mild,None,None,Mild
Blue Heelers,2019.0,6.9,1177.0,"Action, Crime, Drama",60.0,Series,TV-14,510.0,Moderate,Mild,No Rate,No Rate,No Rate
Wildlife,2018.0,6.8,27185.0,Drama,105.0,Film,PG-13,-1.0,Mild,Mild,Mild,Mild,Mild
Terra Nova,2011.0,6.8,81742.0,"Adventure, Drama, Mystery",46.0,Series,TV-14,13.0,None,Moderate,Mild,None,Mild
One Lane Bridge,2011.0,6.5,719.0,"Crime, Drama, Fantasy",-1.0,Series,TV-14,11.0,No Rate,Moderate,Severe,No Rate,No Rate
The Wolfman,2010.0,5.8,104930.0,"Drama, Fantasy, Horror",103.0,Film,R,-1.0,Mild,Severe,Mild,Moderate,Moderate
Killing Me Softly,2002.0,5.5,17793.0,"Drama, Mystery, Romance",100.0,Film,Unrated,-1.0,Severe,Mild,None,Mild,Mild
Then Came You,2018.0,7.0,11540.0,"Adventure, Comedy, Drama",97.0,Film,None,-1.0,No Rate,No Rate,No Rate,No Rate,No Rate
Gummo,1997.0,6.7,33706.0,"Comedy, Drama",89.0,Film,R,-1.0,Moderate,Moderate,Severe,Moderate,Severe
Runt,2020.0,8.1,79.0,"Drama, Thriller",95.0,Film,None,-1.0,No Rate,No Rate,No Rate,No Rate,No Rate
Side Effects,2013.0,7.1,184728.0,"Crime, Drama, Mystery",106.0,Film,R,-1.0,Moderate,Mild,Moderate,Mild,Mild
The Life of David Gale,2003.0,7.5,116309.0,"Crime, Drama, Thriller",130.0,Film,R,-1.0,Moderate,Mild,Moderate,Mild,Moderate
Parenthood,1989.0,7.0,47523.0,"Comedy, Drama",124.0,Film,PG-13,-1.0,Moderate,Mild,Mild,Mild,Mild
Life in a Year,2020.0,6.2,7100.0,"Drama, Romance",107.0,Film,PG-13,-1.0,Mild,None,Mild,Mild,Mild
Countdown,2019.0,5.4,31266.0,"Horror, Thriller",90.0,Film,PG-13,-1.0,Mild,Moderate,Mild,Mild,Severe
Southland,2019.0,8.4,25488.0,"Crime, Drama, Thriller",42.0,Series,TV-MA,43.0,Mild,Severe,Moderate,Mild,No Rate
The Remains of the Day,1993.0,7.8,70212.0,"Drama, Romance",134.0,Film,PG,-1.0,None,None,None,Mild,None
The Family,2013.0,6.3,113996.0,"Comedy, Crime, Thriller",111.0,Film,R,-1.0,Mild,Severe,Moderate,Moderate,Moderate
The Saint,2013.0,7.5,5021.0,"Action, Crime, Drama",50.0,Series,TV-PG,118.0,No Rate,Mild,No Rate,Mild,No Rate
Jiu Jitsu,2020.0,2.9,7602.0,"Action, Sci-Fi, Thriller",102.0,Film,R,-1.0,None,Moderate,Mild,None,Moderate
The Great Wall,2016.0,5.9,129749.0,"Action, Adventure, Fantasy",103.0,Film,PG-13,-1.0,None,Moderate,Mild,None,Moderate
Becker,2016.0,7.2,12466.0,Comedy,30.0,Series,TV-PG,129.0,Mild,None,Mild,Mild,None
Good Luck Chuck,2007.0,5.6,88338.0,"Comedy, Romance",101.0,Film,R,-1.0,Severe,Mild,Severe,Mild,None
Ms Fisher's Modern Murder Mysteries,2007.0,7.2,1811.0,"Crime, Drama, Mystery",86.0,Series,Not Rated,12.0,No Rate,No Rate,No Rate,No Rate,No Rate
Black Monday,2007.0,7.5,5309.0,Comedy,582.0,Series,TV-MA,30.0,Moderate,Mild,Severe,Severe,Mild
War Horse,2011.0,7.2,152238.0,"Action, Adventure, Drama",146.0,Film,PG-13,-1.0,None,Moderate,Mild,Mild,Moderate
Artemis Fowl,2020.0,4.2,25963.0,"Adventure, Family, Fantasy",95.0,Film,PG,-1.0,None,Mild,None,None,Mild
The Movies That Made Us,2020.0,7.8,4772.0,Documentary,45.0,Series,TV-MA,16.0,None,Mild,Moderate,Mild,No Rate
Ferdinand,2017.0,6.7,52919.0,"Animation, Adventure, Comedy",108.0,Film,PG,-1.0,None,Mild,None,None,Mild
Any Given Sunday,1999.0,6.9,115726.0,"Drama, Sport",162.0,Film,R,-1.0,Moderate,Severe,Severe,Moderate,Mild
We Summon the Darkness,2019.0,5.2,9100.0,"Horror, Music, Thriller",91.0,Film,R,-1.0,None,Moderate,Severe,Moderate,Moderate
The Secret Life of Pets 2,2019.0,6.5,56845.0,"Animation, Adventure, Comedy",86.0,Film,PG,-1.0,None,Mild,Mild,None,Mild
Witches of East End,2019.0,7.6,25190.0,"Drama, Fantasy, Horror",60.0,Series,TV-14,23.0,Mild,Moderate,Moderate,Moderate,Moderate
Critical Role,2019.0,9.2,7872.0,"Adventure, Fantasy",180.0,Series,TV-14,295.0,Mild,Mild,Moderate,Mild,Moderate
Bachelor Party,1984.0,6.3,38481.0,Comedy,105.0,Film,R,-1.0,Moderate,None,Moderate,Moderate,None
Akinjeon,2019.0,6.9,10643.0,"Action, Crime, Drama",109.0,Film,Not Rated,-1.0,None,Severe,Severe,Moderate,Moderate
Star Trek: Prodigy,2019.0,-1.0,-1.0,"Animation, Action, Adventure",-1.0,Series,TV-Y7,10.0,No Rate,No Rate,No Rate,No Rate,No Rate
Burlesque,2010.0,6.4,82408.0,"Drama, Music, Musical",119.0,Film,PG-13,-1.0,Mild,None,Mild,Moderate,None
Jodaeiye Nader az Simin,2011.0,8.3,232684.0,Drama,123.0,Film,PG-13,-1.0,None,Mild,Mild,None,Mild
Mudbound,2017.0,7.4,46246.0,"Drama, War",134.0,Film,R,-1.0,Moderate,Severe,Severe,Moderate,Severe
ALF,2017.0,7.4,33191.0,"Comedy, Family, Sci-Fi",30.0,Series,TV-G,103.0,None,None,None,Mild,Mild
Eragon,2006.0,5.1,124300.0,"Action, Adventure, Family",104.0,Film,PG,-1.0,None,Mild,None,None,Mild
Z,1969.0,8.3,25750.0,"Crime, Drama, History",127.0,Film,M,-1.0,Mild,Moderate,Mild,Mild,Mild
Slow West,2015.0,6.9,44430.0,"Action, Adventure, Drama",84.0,Film,R,-1.0,Mild,Moderate,Mild,Mild,Moderate
Parker,2013.0,6.2,119313.0,"Action, Crime, Thriller",118.0,Film,R,-1.0,Mild,Severe,Severe,Mild,Mild
"Everything, Everything",2017.0,6.4,35969.0,"Drama, Romance",96.0,Film,PG-13,-1.0,Mild,None,Mild,None,None
68 Whiskey,2020.0,5.7,1895.0,"Comedy, Drama, War",-1.0,Series,TV-MA,10.0,Moderate,Moderate,Severe,Mild,Mild
Piranha 3DD,2012.0,3.7,41440.0,"Comedy, Horror, Sci-Fi",83.0,Film,R,-1.0,Severe,Severe,Moderate,Severe,Severe
Volcano,1997.0,5.5,74561.0,"Action, Drama, Sci-Fi",104.0,Film,PG-13,-1.0,None,Moderate,Mild,Mild,Moderate
Jaws: The Revenge,1987.0,3.0,44416.0,"Adventure, Horror, Thriller",89.0,Film,PG-13,-1.0,Mild,Moderate,Mild,Mild,Mild
Mississippi Burning,1988.0,7.8,94984.0,"Crime, Drama, History",128.0,Film,R,-1.0,None,Severe,Moderate,Mild,Severe
Lockout,2012.0,6.1,96761.0,"Action, Sci-Fi, Thriller",95.0,Film,PG-13,-1.0,None,Moderate,Moderate,Mild,Moderate
The One,2012.0,6.6,11513.0,"Crime, Drama, Sci-Fi",-1.0,Series,TV-MA,8.0,Mild,Mild,Moderate,Mild,Mild
Eli,2019.0,5.7,32525.0,"Drama, Horror, Mystery",98.0,Film,R,-1.0,None,Moderate,Mild,None,Moderate
Poseidon,2006.0,5.7,101720.0,"Action, Adventure, Thriller",98.0,Film,PG-13,-1.0,Mild,Moderate,Mild,Mild,Moderate
Grand Army,2020.0,7.5,5249.0,Drama,-1.0,Series,TV-MA,9.0,Moderate,Moderate,Severe,Moderate,Moderate
La belle et la bête,2014.0,6.4,20377.0,"Drama, Family, Fantasy",102.0,Film,PG-13,-1.0,Mild,Moderate,Mild,Mild,Severe
Selena,1997.0,6.8,27519.0,"Biography, Drama, Music",127.0,Film,PG,-1.0,Mild,Mild,Mild,Mild,Mild
Ben 10,1997.0,7.3,16138.0,"Animation, Action, Adventure",22.0,Series,TV-Y7-FV,51.0,None,Mild,None,None,Mild
Ant-Man and the Wasp: Quantumania,2023.0,-1.0,-1.0,"Action, Adventure, Comedy",-1.0,Film,None,-1.0,No Rate,No Rate,No Rate,No Rate,No Rate
One Foot in the Grave,2023.0,7.8,6070.0,"Comedy, Drama",90.0,Series,TV-PG,44.0,None,Mild,Moderate,Mild,Mild
Waves,2019.0,7.6,21368.0,"Drama, Romance, Sport",135.0,Film,R,-1.0,Mild,Moderate,Severe,Moderate,Moderate
Against All Odds,1984.0,5.9,11828.0,"Action, Adventure, Crime",128.0,Film,R,-1.0,Moderate,Moderate,Severe,Moderate,Mild
The Chi,1984.0,7.4,5276.0,Drama,60.0,Series,TV-MA,40.0,Moderate,Mild,Severe,Moderate,No Rate
The Beastmaster,1982.0,6.2,22218.0,"Action, Adventure, Fantasy",118.0,Film,PG,-1.0,Moderate,Moderate,Mild,Mild,Moderate
"Scooby Doo, Where Are You!",1982.0,7.9,32289.0,"Animation, Adventure, Comedy",22.0,Series,TV-G,25.0,None,Mild,None,None,Mild
"Janghwa, Hongryeon",2003.0,7.2,59668.0,"Drama, Horror, Mystery",114.0,Film,R,-1.0,None,Moderate,None,Mild,Severe
Pinocchio,2019.0,6.2,11192.0,"Drama, Family, Fantasy",125.0,Film,PG-13,-1.0,None,Mild,None,Mild,Moderate
Private Parts,1997.0,6.9,35756.0,"Biography, Comedy, Drama",109.0,Film,R,-1.0,Moderate,None,Severe,Mild,None
Gräns,2018.0,7.0,27427.0,"Crime, Drama, Fantasy",110.0,Film,R,-1.0,Severe,Moderate,Mild,Mild,Moderate
Playing with Fire,2019.0,5.1,12843.0,"Comedy, Family",96.0,Film,PG,-1.0,Mild,Mild,None,None,Mild
Moonstruck,1987.0,7.1,55577.0,"Comedy, Drama, Romance",102.0,Film,PG,-1.0,Mild,Mild,Mild,Mild,None
Kakegurui,1987.0,7.2,6938.0,"Animation, Drama, Mystery",24.0,Series,TV-14,24.0,Moderate,Moderate,Mild,None,Mild
Takers,2010.0,6.2,60684.0,"Action, Crime, Thriller",107.0,Film,PG-13,-1.0,Mild,Moderate,Moderate,Mild,Moderate
Child's Play 3,1991.0,5.1,38481.0,"Horror, Thriller",90.0,Film,R,-1.0,Mild,Severe,Moderate,Mild,Moderate
People Just Do Nothing,1991.0,8.5,5723.0,"Comedy, Music",30.0,Series,TV-MA,27.0,Mild,None,Moderate,Moderate,None
Legend of the Seeker,1991.0,7.6,34191.0,"Action, Adventure, Drama",44.0,Series,TV-14,44.0,Mild,Moderate,Mild,Mild,Moderate
Invictus,2009.0,7.3,154961.0,"Biography, Drama, History",134.0,Film,PG-13,-1.0,None,Mild,Moderate,Mild,Mild
Rough Night,2017.0,5.2,50012.0,"Comedy, Crime, Thriller",101.0,Film,R,-1.0,Moderate,Mild,Moderate,Moderate,Mild
From Beyond,1986.0,6.7,24678.0,"Horror, Sci-Fi",85.0,Film,R,-1.0,Moderate,Severe,Moderate,Mild,Severe
Better Off Dead...,1985.0,7.1,43038.0,"Comedy, Romance",97.0,Film,PG,-1.0,Mild,Mild,Mild,Mild,None
Head of the Class,1985.0,6.6,2535.0,Comedy,30.0,Series,TV-G,114.0,No Rate,No Rate,No Rate,No Rate,No Rate
Rogue,2020.0,4.0,7377.0,"Action, Horror, Thriller",105.0,Film,R,-1.0,None,Severe,Moderate,None,Moderate
Ghosts of Mars,2001.0,4.9,53030.0,"Action, Horror, Sci-Fi",98.0,Film,R,-1.0,None,Severe,Severe,Moderate,Moderate
The Exception,2016.0,6.8,12388.0,"Drama, Romance, War",107.0,Film,R,-1.0,Moderate,Mild,Mild,Mild,Mild
NOS4A2,2016.0,6.7,8417.0,"Drama, Fantasy, Horror",60.0,Series,TV-14,20.0,Mild,Moderate,Mild,Moderate,Moderate
Naked,1993.0,7.8,37181.0,"Comedy, Drama",131.0,Film,Not Rated,-1.0,Severe,Moderate,Severe,Moderate,Severe
The Color Purple,1985.0,7.8,82552.0,Drama,154.0,Film,PG-13,-1.0,Moderate,Moderate,Mild,Moderate,Moderate
La grande bellezza,2013.0,7.8,84781.0,Drama,141.0,Film,Not Rated,-1.0,Moderate,Mild,Mild,Mild,None
Anger Management,2003.0,6.2,209252.0,Comedy,106.0,Film,PG-13,-1.0,Moderate,Mild,Moderate,Mild,None
Exam,2009.0,6.8,110417.0,"Mystery, Thriller",101.0,Film,Not Rated,-1.0,None,Mild,Moderate,None,Moderate
The Polar Express,2004.0,6.6,188010.0,"Animation, Adventure, Comedy",100.0,Film,G,-1.0,None,None,None,None,Mild
Persian Lessons,2020.0,7.4,5240.0,"Drama, War",127.0,Film,None,-1.0,No Rate,No Rate,No Rate,No Rate,No Rate
Kiss the Girls,1997.0,6.6,70360.0,"Crime, Drama, Mystery",115.0,Film,R,-1.0,Moderate,Severe,Severe,Mild,Severe
The Empire,1997.0,4.0,15736.0,"Action, Drama, History",-1.0,Series,None,8.0,No Rate,No Rate,No Rate,No Rate,No Rate
The Bradshaw Bunch,1997.0,5.8,179.0,"Documentary, Reality-TV",30.0,Series,TV-14,11.0,No Rate,No Rate,No Rate,No Rate,No Rate
Carnivàle,1997.0,8.4,43565.0,"Drama, Fantasy, Mystery",55.0,Series,TV-MA,24.0,Severe,Moderate,Mild,Moderate,Moderate
The Good Dinosaur,2015.0,6.7,108433.0,"Animation, Adventure, Comedy",93.0,Film,PG,-1.0,None,Mild,None,Mild,Moderate
All-Star Weekend,2015.0,-1.0,-1.0,Comedy,-1.0,Film,None,-1.0,No Rate,No Rate,No Rate,No Rate,No Rate
"Quo vadis, Aida?",2020.0,7.9,26097.0,"Drama, History, War",101.0,Film,Approved,-1.0,None,Moderate,Mild,Mild,Moderate
Night Shift,1982.0,6.6,15119.0,Comedy,106.0,Film,R,-1.0,Moderate,Mild,Mild,Mild,Mild
The Unit,1982.0,8.1,21115.0,"Action, Drama, Thriller",60.0,Series,TV-PG,70.0,No Rate,No Rate,No Rate,No Rate,No Rate
Bad Moms,2016.0,6.2,119361.0,Comedy,100.0,Film,R,-1.0,Moderate,None,Severe,Severe,None
We Hunt Together,2016.0,6.9,1233.0,"Crime, Drama, Thriller",45.0,Series,TV-MA,9.0,No Rate,No Rate,Severe,No Rate,No Rate
Cure,1997.0,7.4,13138.0,"Crime, Horror, Mystery",111.0,Film,Not Rated,-1.0,Mild,Severe,Moderate,Moderate,Severe
Bangkok Breaking,1997.0,6.0,189.0,"Action, Crime, Drama",60.0,Series,TV-MA,6.0,No Rate,No Rate,No Rate,No Rate,No Rate
Taken 3,2014.0,6.0,185732.0,"Action, Crime, Thriller",108.0,Film,PG-13,-1.0,None,Moderate,Moderate,Mild,Moderate
Rogue,2007.0,6.2,29286.0,"Action, Drama, Horror",99.0,Film,R,-1.0,Mild,Moderate,Severe,Mild,Moderate
The Great Raid,2005.0,6.7,21983.0,"Action, Drama, War",132.0,Film,R,-1.0,Mild,Severe,Mild,None,Moderate
Knight of Cups,2015.0,5.7,26257.0,"Drama, Romance",118.0,Film,R,-1.0,Moderate,Mild,Moderate,Moderate,Mild
Starsky & Hutch,2004.0,6.1,143081.0,"Comedy, Crime",101.0,Film,PG-13,-1.0,Moderate,Moderate,Moderate,Severe,Mild
Endangered Species,2021.0,4.5,1131.0,"Action, Thriller",101.0,Film,R,-1.0,Moderate,Moderate,Moderate,Mild,Severe
Flight of the Phoenix,2004.0,6.1,53254.0,"Action, Adventure, Drama",113.0,Film,PG-13,-1.0,None,Mild,Mild,Mild,Moderate
Spidey and His Amazing Friends,2004.0,5.8,143.0,"Animation, Action, Adventure",22.0,Series,TV-Y7,21.0,No Rate,No Rate,No Rate,No Rate,No Rate
Unthinkable,2010.0,7.1,86088.0,"Crime, Drama, Thriller",97.0,Film,R,-1.0,None,Severe,Severe,Mild,Severe
Kara Para Ask,2010.0,7.3,5516.0,"Action, Crime, Drama",90.0,Series,TV-MA,54.0,Mild,Moderate,Moderate,Mild,Severe
Summer of 84,2018.0,6.7,37493.0,"Drama, Horror, Mystery",105.0,Film,Not Rated,-1.0,Mild,Moderate,Severe,Mild,Moderate
Two Weeks in Another Town,1962.0,6.4,2458.0,Drama,107.0,Film,Approved,-1.0,Mild,Mild,None,Moderate,Mild
Half Baked,1998.0,6.7,60666.0,"Comedy, Crime",82.0,Film,R,-1.0,Mild,Mild,Severe,Severe,None
The New World,2005.0,6.7,84846.0,"Biography, Drama, History",135.0,Film,PG-13,-1.0,Mild,Mild,Mild,Mild,Mild
Hung,2005.0,7.1,21410.0,"Comedy, Drama",30.0,Series,TV-MA,30.0,Severe,None,Moderate,Mild,None
Shoot 'Em Up,2007.0,6.6,147643.0,"Action, Thriller",86.0,Film,R,-1.0,Moderate,Severe,Severe,Mild,Moderate
Daybreak,2019.0,6.7,17715.0,"Action, Adventure, Comedy",60.0,Series,TV-MA,10.0,Mild,Moderate,Severe,Moderate,Mild
Keeping Up Appearances,2019.0,7.8,14943.0,Comedy,60.0,Series,TV-PG,44.0,None,None,None,Mild,None
La región salvaje,2016.0,6.1,5291.0,"Drama, Horror, Mystery",98.0,Film,Not Rated,-1.0,Severe,Moderate,Moderate,Mild,Mild
Guilty,2020.0,5.4,4180.0,"Drama, Thriller",119.0,Film,TV-MA,-1.0,Moderate,Mild,Moderate,Moderate,Moderate
The Loud House,2020.0,7.1,4588.0,"Animation, Adventure, Comedy",22.0,Series,TV-Y7,132.0,Mild,Mild,Mild,None,Mild
Turning Red,2022.0,-1.0,-1.0,"Animation, Adventure, Comedy",-1.0,Film,None,-1.0,No Rate,No Rate,No Rate,No Rate,No Rate
Vantage Point,2008.0,6.6,147829.0,"Action, Crime, Drama",90.0,Film,PG-13,-1.0,None,Moderate,Mild,Mild,Moderate
Wishmaster,1997.0,5.8,22408.0,"Fantasy, Horror",90.0,Film,R,-1.0,None,Severe,Moderate,Mild,Moderate
WKRP in Cincinnati,1997.0,7.9,8746.0,Comedy,30.0,Series,TV-PG,90.0,None,None,Mild,Mild,None
Leap Year,2010.0,6.5,100385.0,"Comedy, Romance",100.0,Film,PG,-1.0,Mild,Mild,Mild,None,None
Chitty Chitty Bang Bang,1968.0,6.9,43331.0,"Adventure, Family, Fantasy",144.0,Film,G,-1.0,None,Mild,None,Mild,Mild
Mean Streets,1973.0,7.2,104967.0,"Crime, Drama, Thriller",112.0,Film,R,-1.0,Moderate,Moderate,Severe,Moderate,Moderate
Riget,1973.0,8.3,17544.0,"Comedy, Drama, Fantasy",561.0,Series,TV-MA,13.0,Moderate,Severe,Severe,Mild,Severe
Terminator: The Sarah Connor Chronicles,1973.0,7.7,58870.0,"Action, Drama, Fantasy",60.0,Series,TV-PG,31.0,Mild,Moderate,Mild,Mild,Moderate
BROS,2022.0,-1.0,-1.0,"Comedy, Romance",-1.0,Film,None,-1.0,No Rate,No Rate,No Rate,No Rate,No Rate
À l'intérieur,2007.0,6.7,39232.0,Horror,82.0,Film,R,-1.0,None,Severe,Moderate,Mild,Severe
"Ich seh, Ich seh",2014.0,6.7,48564.0,"Horror, Mystery, Thriller",99.0,Film,R,-1.0,Mild,Severe,None,None,Severe
The Silence,2019.0,5.3,41783.0,"Drama, Horror, Sci-Fi",90.0,Film,PG-13,-1.0,None,Moderate,Mild,Mild,Moderate
Effie Gray,2014.0,6.0,5108.0,"Biography, Drama, Romance",104.0,Film,PG-13,-1.0,Mild,Mild,None,Mild,None
The White Tiger,2021.0,7.1,54606.0,"Crime, Drama",125.0,Film,R,-1.0,Mild,Moderate,Severe,Moderate,Moderate
"Where'd You Go, Bernadette",2019.0,6.5,19920.0,"Comedy, Drama",109.0,Film,PG-13,-1.0,Mild,None,Mild,Mild,None
Átame!,1989.0,7.0,27688.0,"Comedy, Crime, Drama",101.0,Film,NC-17,-1.0,Moderate,Moderate,Moderate,Moderate,Mild
White Lines,2020.0,6.6,15831.0,"Crime, Drama, Mystery",60.0,Series,TV-MA,10.0,Severe,Moderate,Severe,Severe,Mild
Eat Pray Love,2010.0,5.8,93261.0,"Biography, Drama, Romance",133.0,Film,PG-13,-1.0,Mild,None,Mild,Mild,None
Miracles from Heaven,2016.0,7.1,23986.0,"Biography, Drama, Family",109.0,Film,PG,-1.0,None,Mild,None,None,Moderate
Swallow,2021.0,3.9,104.0,"Drama, History, Thriller",128.0,Film,TV-14,-1.0,No Rate,No Rate,No Rate,No Rate,No Rate
Bound by Honor,1993.0,8.0,30071.0,"Crime, Drama",180.0,Film,R,-1.0,Moderate,Severe,Severe,Severe,Severe
Blockers,2018.0,6.2,75714.0,Comedy,102.0,Film,R,-1.0,Severe,Mild,Severe,Moderate,None
Vice Principals,2018.0,8.0,23127.0,Comedy,30.0,Series,TV-MA,18.0,Moderate,Moderate,Severe,Moderate,Mild
Petticoat Junction,2018.0,7.0,2836.0,Comedy,30.0,Series,TV-G,222.0,No Rate,No Rate,No Rate,No Rate,No Rate
Dragon Rider,2020.0,5.6,1199.0,"Animation, Adventure, Comedy",91.0,Film,E,-1.0,None,Mild,Mild,Mild,Mild
McLintock!,1963.0,7.2,14055.0,"Comedy, Romance, Western",127.0,Film,Passed,-1.0,None,Mild,Mild,Mild,None
Mad Max Beyond Thunderdome,1985.0,6.3,131650.0,"Action, Adventure, Sci-Fi",107.0,Film,PG-13,-1.0,None,Moderate,Moderate,None,Mild
Reign of Fire,2002.0,6.2,131394.0,"Action, Adventure, Fantasy",101.0,Film,PG-13,-1.0,None,Mild,Mild,Mild,Mild
Snuff Films,2007.0,4.1,61.0,Horror,73.0,Film,None,-1.0,No Rate,No Rate,No Rate,No Rate,No Rate
God: Serengeti,2017.0,6.7,2009.0,"Short, Comedy",4.0,Film,None,-1.0,No Rate,No Rate,No Rate,No Rate,No Rate
The Unforgivable,2021.0,-1.0,-1.0,Drama,112.0,Film,R,-1.0,No Rate,No Rate,No Rate,No Rate,No Rate
Trigger Point,2021.0,4.9,1719.0,"Action, Mystery, Thriller",85.0,Film,Not Rated,-1.0,Mild,Severe,Severe,Severe,Severe
Liv and Maddie,2021.0,6.4,7562.0,"Comedy, Drama, Family",22.0,Series,TV-G,80.0,None,None,None,None,None
I Still Believe,2020.0,6.5,10393.0,"Biography, Drama, Music",116.0,Film,PG,-1.0,None,None,None,None,Mild
Mr. Bean,2020.0,8.5,109230.0,"Comedy, Family",25.0,Series,TV-G,15.0,Mild,None,None,None,None
Blindspotting,2020.0,5.9,965.0,"Comedy, Crime, Drama",30.0,Series,TV-MA,9.0,Moderate,None,Severe,Moderate,Moderate
I Feel Pretty,2018.0,5.6,51927.0,"Comedy, Romance",110.0,Film,PG-13,-1.0,Moderate,None,Mild,Mild,None
H2O: Just Add Water,2018.0,7.2,13860.0,"Drama, Family, Fantasy",23.0,Series,TV-PG,78.0,None,None,None,None,None
A Wife's Nightmare,2014.0,5.9,1195.0,"Drama, Mystery, Thriller",85.0,Film,TV-PG,-1.0,Mild,Mild,Mild,Mild,Mild
Passions,2014.0,6.2,4461.0,Drama,60.0,Series,TV-14,1608.0,No Rate,No Rate,No Rate,No Rate,No Rate
Tenacious D in The Pick of Destiny,2006.0,6.8,105942.0,"Adventure, Comedy, Music",93.0,Film,R,-1.0,Moderate,Mild,Severe,Moderate,Mild
Star Trek: First Contact,1996.0,7.6,121655.0,"Action, Adventure, Drama",111.0,Film,PG-13,-1.0,Mild,Moderate,Mild,Mild,Mild
NewsRadio,1996.0,7.9,14640.0,"Comedy, Romance",23.0,Series,TV-PG,97.0,Mild,No Rate,Mild,No Rate,No Rate
The Time Traveler's Wife,1996.0,-1.0,-1.0,"Animation, Drama, Fantasy",-1.0,Series,None,6.0,No Rate,No Rate,No Rate,No Rate,No Rate
Mute,2018.0,5.5,33148.0,"Mystery, Sci-Fi, Thriller",126.0,Film,TV-MA,-1.0,Moderate,Moderate,Moderate,Mild,Moderate
Ted Bundy: American Boogeyman,2021.0,3.7,380.0,Crime,110.0,Film,None,-1.0,No Rate,No Rate,No Rate,No Rate,No Rate
Conviction,2019.0,6.8,399.0,"Short, Action, Sci-Fi",4.0,Film,None,-1.0,No Rate,No Rate,No Rate,No Rate,No Rate
The Long Home,2019.0,-1.0,-1.0,Drama,96.0,Film,None,-1.0,No Rate,No Rate,No Rate,No Rate,No Rate
Blade Runner: Black Lotus,2019.0,-1.0,-1.0,"Animation, Action, Crime",-1.0,Series,None,13.0,No Rate,No Rate,No Rate,No Rate,No Rate
Chinjeolhan geumjassi,2005.0,7.6,75602.0,"Crime, Drama, Thriller",115.0,Film,R,-1.0,Moderate,Severe,Moderate,Mild,Severe
Red Dawn,2012.0,5.4,75376.0,"Action, Drama",93.0,Film,PG-13,-1.0,Mild,Moderate,Moderate,Mild,Moderate
So I Married an Axe Murderer,1993.0,6.5,36499.0,"Comedy, Romance",93.0,Film,PG-13,-1.0,Mild,Mild,Moderate,Mild,Mild
A Good Old Fashioned Orgy,2011.0,6.1,22068.0,"Comedy, Romance",95.0,Film,R,-1.0,Moderate,None,Severe,Moderate,Mild
The Spectacular Now,2013.0,7.1,148609.0,"Comedy, Drama, Romance",95.0,Film,R,-1.0,Moderate,Mild,Severe,Moderate,Mild
Dokutaa Sutoon,2013.0,8.2,14650.0,"Animation, Action, Adventure",23.0,Series,TV-14,35.0,Mild,Mild,Mild,Mild,Mild
The Longest Ride,2015.0,7.1,79792.0,"Drama, Romance, Western",123.0,Film,PG-13,-1.0,Moderate,Mild,Mild,None,None
The Doctor Blake Mysteries,2015.0,8.1,4046.0,"Crime, Drama, Mystery",57.0,Series,TV-14,46.0,Mild,Mild,None,Mild,Mild
Raising Dion,2015.0,7.2,9872.0,"Drama, Sci-Fi",50.0,Series,TV-G,17.0,Mild,Mild,Mild,Mild,Mild
Hairspray,1988.0,7.0,20888.0,"Comedy, Drama, Family",92.0,Film,PG,-1.0,Mild,None,Mild,Mild,Mild
Paths of Glory,1957.0,8.4,187737.0,"Drama, War",88.0,Film,Approved,-1.0,None,Moderate,Mild,Mild,Moderate
Machete Kills,2013.0,5.6,76964.0,"Action, Crime, Thriller",107.0,Film,R,-1.0,Mild,Severe,Severe,Moderate,Moderate
The Sisterhood of the Traveling Pants,2005.0,6.5,58010.0,"Comedy, Drama, Romance",119.0,Film,PG,-1.0,Mild,None,None,Mild,Mild
Big Jake,1971.0,7.1,12260.0,Western,110.0,Film,PG-13,-1.0,None,Moderate,Moderate,Mild,Moderate
Midnight Sun,2018.0,6.6,27781.0,"Drama, Romance",91.0,Film,PG-13,-1.0,Mild,None,Mild,Mild,None
Back to School,1986.0,6.7,30413.0,"Comedy, Romance, Sport",96.0,Film,PG-13,-1.0,Moderate,Mild,Moderate,Mild,None
A Walk Among the Tombstones,2014.0,6.5,116851.0,"Action, Crime, Drama",114.0,Film,R,-1.0,Moderate,Severe,Severe,Moderate,Severe
Creeped Out,2014.0,6.6,1655.0,"Drama, Family, Fantasy",30.0,Series,TV-Y7,23.0,Mild,Moderate,Mild,None,Severe
Entourage,2015.0,6.6,78414.0,"Comedy, Drama",104.0,Film,R,-1.0,Moderate,Mild,Severe,Severe,Mild
The Gift,2000.0,6.7,66306.0,"Drama, Fantasy, Horror",112.0,Film,R,-1.0,Moderate,Moderate,Moderate,Mild,Severe
No mires para abajo,2008.0,6.0,2818.0,"Drama, Romance",85.0,Film,R,-1.0,Severe,None,Mild,Mild,None
Fatman,2020.0,5.9,19865.0,"Action, Comedy, Fantasy",100.0,Film,R,-1.0,None,Moderate,Moderate,Mild,Moderate
The Banana Splits Movie,2019.0,5.1,3462.0,"Comedy, Horror, Sci-Fi",89.0,Film,R,-1.0,None,Severe,Moderate,Mild,Severe
A Hologram for the King,2016.0,6.1,42874.0,"Comedy, Drama, Romance",98.0,Film,R,-1.0,Moderate,None,Mild,Mild,None
Hart to Hart,2016.0,6.6,7043.0,"Action, Adventure, Crime",60.0,Series,TV-PG,111.0,No Rate,No Rate,No Rate,No Rate,No Rate
Dollhouse,2016.0,7.7,47803.0,"Drama, Mystery, Sci-Fi",44.0,Series,TV-14,27.0,Mild,Moderate,Mild,Mild,Moderate
Zwartboek,2006.0,7.7,74825.0,"Drama, Thriller, War",145.0,Film,R,-1.0,Severe,Severe,Moderate,Moderate,Severe
Hot Summer Nights,2017.0,6.4,15784.0,"Comedy, Crime, Drama",107.0,Film,R,-1.0,Mild,Moderate,Severe,Severe,Moderate
Sharpe,2017.0,8.4,642.0,"Action, Adventure, Drama",-1.0,Series,None,18.0,No Rate,No Rate,No Rate,No Rate,No Rate
Time Bandits,1981.0,7.0,61303.0,"Adventure, Comedy, Fantasy",116.0,Film,PG,-1.0,None,Mild,Mild,Mild,Mild
Detectorists,1981.0,8.6,12545.0,Comedy,30.0,Series,Not Rated,19.0,None,None,Moderate,Mild,None
Bonnie and Clyde,1967.0,7.8,108427.0,"Action, Biography, Crime",111.0,Film,R,-1.0,Mild,Moderate,Mild,Mild,Moderate
Whitstable Pearl,1967.0,6.9,1124.0,"Crime, Drama, Mystery",-1.0,Series,TV-14,6.0,No Rate,Mild,Mild,Mild,No Rate
Dinosaur,2000.0,6.5,56995.0,"Animation, Adventure, Drama",82.0,Film,PG,-1.0,None,Moderate,None,None,Moderate
Centaurworld,2000.0,7.6,1020.0,"Animation, Adventure, Comedy",25.0,Series,TV-Y7,20.0,None,None,None,None,Mild
The Adjustment Bureau,2011.0,7.0,251126.0,"Romance, Sci-Fi, Thriller",106.0,Film,PG-13,-1.0,Mild,Mild,Moderate,Mild,Mild
Silent Hours,2021.0,5.0,132.0,Thriller,120.0,Film,None,-1.0,No Rate,No Rate,No Rate,No Rate,No Rate
Ice Age: Collision Course,2016.0,5.7,61249.0,"Animation, Adventure, Comedy",94.0,Film,PG,-1.0,Mild,Mild,None,None,Mild
Pink Flamingos,1972.0,6.1,23567.0,"Comedy, Crime",93.0,Film,NC-17,-1.0,Severe,Severe,Severe,Moderate,Severe
Kiss Kiss Bang Bang,2005.0,7.5,221172.0,"Comedy, Crime, Mystery",103.0,Film,R,-1.0,Moderate,Severe,Severe,Moderate,Mild
Inhumans,2017.0,5.0,23629.0,"Action, Adventure, Sci-Fi",43.0,Series,TV-PG,8.0,Moderate,Moderate,Mild,None,Mild
Belle de jour,1967.0,7.7,42495.0,"Drama, Romance",100.0,Film,R,-1.0,Moderate,Mild,Mild,Mild,Mild
Three,2005.0,4.9,9520.0,"Drama, Romance, Thriller",95.0,Film,TV-MA,-1.0,Moderate,Moderate,Moderate,Mild,Moderate
Mother's Day,2016.0,5.7,35717.0,"Comedy, Drama, Romance",118.0,Film,PG-13,-1.0,Mild,None,Mild,None,None
Andromeda,2016.0,6.6,13063.0,"Action, Adventure, Drama",43.0,Series,TV-PG,110.0,Mild,Mild,Mild,Mild,Mild
The Beguiled,1971.0,7.2,16846.0,"Drama, Thriller, War",105.0,Film,R,-1.0,Moderate,Moderate,Mild,Mild,Moderate
The Void,2016.0,5.9,33713.0,"Horror, Mystery, Sci-Fi",90.0,Film,Not Rated,-1.0,Mild,Severe,Severe,Mild,Severe
Carnage,2011.0,7.2,123706.0,"Comedy, Drama",80.0,Film,R,-1.0,None,Mild,Moderate,Moderate,Mild
When Hope Calls,2011.0,8.0,693.0,"Drama, Family, Romance",-1.0,Series,TV-G,11.0,No Rate,No Rate,None,No Rate,No Rate
Nathan for You,2011.0,8.9,23048.0,"Documentary, Comedy",30.0,Series,TV-14,32.0,Mild,None,Mild,Mild,None
The Hills Have Eyes II,2007.0,5.1,62546.0,"Horror, Thriller",89.0,Film,R,-1.0,Moderate,Severe,Severe,None,Severe
Doctor Doctor,2007.0,7.8,2563.0,"Comedy, Drama",50.0,Series,Not Rated,48.0,Moderate,Moderate,Moderate,Moderate,Moderate
Striptease,1996.0,4.5,44618.0,"Comedy, Crime, Drama",115.0,Film,R,-1.0,Moderate,Mild,Mild,Mild,Mild
Wrath of the Titans,2012.0,5.7,185495.0,"Action, Adventure, Fantasy",99.0,Film,PG-13,-1.0,None,Moderate,Mild,None,Moderate
The Naked Gun: From the Files of Police Squad!,1988.0,7.6,160852.0,"Comedy, Crime",85.0,Film,PG-13,-1.0,Moderate,Mild,Mild,Mild,None
Drunk History,1988.0,7.8,10130.0,"Comedy, History",22.0,Series,TV-14,72.0,Mild,Mild,Moderate,Severe,Mild
Inspector George Gently,1988.0,8.0,6444.0,"Crime, Drama, Mystery",89.0,Series,TV-MA,25.0,Mild,Mild,Moderate,Severe,No Rate
Flack,1988.0,7.2,4769.0,"Comedy, Drama",60.0,Series,TV-14,12.0,Mild,Mild,Severe,Severe,None
27 Dresses,2008.0,6.1,158973.0,"Comedy, Romance",111.0,Film,PG-13,-1.0,Mild,None,Mild,Mild,None
Selma,2014.0,7.5,89408.0,"Biography, Drama, History",128.0,Film,PG-13,-1.0,Mild,Moderate,Moderate,Mild,Moderate
Krypton,2014.0,6.9,15830.0,"Action, Adventure, Drama",45.0,Series,TV-14,20.0,Moderate,Moderate,Mild,Mild,Moderate
Kidding,2014.0,8.0,17339.0,"Comedy, Drama",30.0,Series,TV-MA,20.0,Moderate,Mild,Moderate,Moderate,Mild
Seberg,2019.0,5.8,7269.0,"Biography, Drama, Thriller",102.0,Film,R,-1.0,Mild,Mild,Moderate,Moderate,Mild
Dirty Rotten Scoundrels,1988.0,7.4,68266.0,"Comedy, Crime",110.0,Film,PG,-1.0,Mild,None,Mild,Mild,None
Bir Zamanlar Çukurova,1988.0,5.5,885.0,Drama,120.0,Series,None,108.0,No Rate,No Rate,No Rate,No Rate,No Rate
Nikita,1990.0,7.3,69949.0,"Action, Thriller",117.0,Film,R,-1.0,Mild,Severe,Moderate,Mild,Moderate
Breakfast on Pluto,2005.0,7.2,21792.0,"Comedy, Drama",128.0,Film,R,-1.0,Moderate,Moderate,Mild,Moderate,Moderate
American Gangster Presents: Big 50 - The Delrhonda Hood Story,2021.0,4.0,149.0,Drama,95.0,Film,None,-1.0,No Rate,No Rate,No Rate,No Rate,No Rate
Bad Blood,2021.0,7.5,8821.0,"Crime, Drama",47.0,Series,TV-MA,14.0,Mild,Severe,Moderate,Moderate,Moderate
Adventureland,2009.0,6.8,156494.0,"Comedy, Drama, Romance",107.0,Film,R,-1.0,Mild,Mild,Moderate,Moderate,None
WarGames,1983.0,7.1,95161.0,"Action, Adventure, Drama",114.0,Film,PG,-1.0,None,None,Mild,Mild,Mild
The White Orchid,2018.0,5.3,1000.0,"Drama, Mystery, Thriller",82.0,Film,TV-MA,-1.0,Mild,Mild,None,Mild,Mild
Never Back Down,2008.0,6.6,99068.0,"Action, Drama, Sport",113.0,Film,PG-13,-1.0,Mild,Moderate,Moderate,Mild,Moderate
Poltergeist III,1988.0,4.7,17936.0,"Horror, Thriller",98.0,Film,PG,-1.0,Mild,Moderate,Mild,Mild,Moderate
Corner Gas,1988.0,8.2,6745.0,Comedy,30.0,Series,TV-14,107.0,None,None,Mild,Mild,None
The Princess Diaries 2: Royal Engagement,2004.0,5.8,77450.0,"Comedy, Family, Romance",113.0,Film,G,-1.0,None,None,None,None,None
Bullitt,1968.0,7.4,65768.0,"Action, Crime, Thriller",114.0,Film,M/PG,-1.0,Mild,Moderate,Mild,None,Moderate
Kolskaya sverhglubokaya,2020.0,4.9,3290.0,"Horror, Thriller",115.0,Film,None,-1.0,No Rate,No Rate,No Rate,No Rate,No Rate
God's Not Dead,2014.0,4.7,41889.0,Drama,113.0,Film,PG,-1.0,None,Mild,None,Mild,Moderate
Food Wars: Shokugeki no Soma,2014.0,8.2,8508.0,"Animation, Comedy, Drama",24.0,Series,TV-14,89.0,Moderate,None,Mild,Mild,None
Norbit,2007.0,4.1,71920.0,"Comedy, Romance",103.0,Film,PG-13,-1.0,Moderate,Mild,Moderate,Mild,None
Bad Hair,2020.0,5.5,3147.0,"Comedy, Horror, Music",102.0,Film,Unrated,-1.0,Moderate,Severe,Moderate,None,Severe
Le dernier mercenaire,2021.0,5.3,7086.0,"Action, Adventure, Comedy",110.0,Film,TV-MA,-1.0,Mild,Moderate,Moderate,Mild,Mild
2 Days in the Valley,1996.0,6.5,19269.0,"Comedy, Crime, Thriller",104.0,Film,R,-1.0,Moderate,Moderate,Moderate,Mild,Mild
Pandorum,2009.0,6.7,147614.0,"Action, Horror, Mystery",108.0,Film,R,-1.0,Mild,Severe,Severe,None,Severe
Mirzapur,2009.0,8.5,63565.0,"Action, Crime, Drama",60.0,Series,TV-MA,19.0,Moderate,Severe,Severe,Severe,Severe
People Just Do Nothing: Big in Japan,2021.0,7.1,1601.0,"Comedy, Music",97.0,Film,R,-1.0,Moderate,Mild,Severe,Severe,None
Old Yeller,1957.0,7.3,12836.0,"Adventure, Drama, Family",83.0,Film,Approved,-1.0,None,Mild,None,None,Moderate
Snabba Cash,1957.0,7.6,7269.0,"Action, Crime, Drama",52.0,Series,TV-MA,7.0,Moderate,Severe,Moderate,Severe,Moderate
The Seventh Victim,1943.0,6.8,6525.0,"Drama, Horror, Mystery",71.0,Film,Approved,-1.0,No Rate,No Rate,No Rate,No Rate,No Rate
2067,2020.0,4.9,7658.0,Sci-Fi,114.0,Film,Not Rated,-1.0,None,Moderate,Severe,None,Moderate
Manhattan,2020.0,7.8,8180.0,"Drama, History, War",55.0,Series,TV-14,23.0,Moderate,No Rate,No Rate,No Rate,Moderate
Wet Hot American Summer,2001.0,6.6,56379.0,"Comedy, Romance",97.0,Film,R,-1.0,Mild,None,Moderate,Moderate,None
Fawlty Towers,2001.0,8.7,88569.0,Comedy,30.0,Series,TV-PG,12.0,Mild,None,Mild,Mild,None
"Hispania, la leyenda",2001.0,6.3,554.0,History,-1.0,Series,None,20.0,No Rate,No Rate,No Rate,No Rate,No Rate
John Q,2002.0,7.1,128820.0,"Crime, Drama, Thriller",116.0,Film,PG-13,-1.0,None,Mild,Moderate,Mild,Moderate
Persona,1966.0,8.1,111181.0,"Drama, Thriller",85.0,Film,Not Rated,-1.0,Moderate,Moderate,Mild,Mild,Moderate
The New Addams Family,1966.0,6.2,2087.0,"Comedy, Family, Horror",30.0,Series,None,65.0,No Rate,No Rate,No Rate,No Rate,No Rate
Glitch,1966.0,7.3,16413.0,"Drama, Horror, Sci-Fi",45.0,Series,TV-MA,18.0,Moderate,Mild,Moderate,Mild,Moderate
Jay and Silent Bob Strike Back,2001.0,6.8,151771.0,Comedy,104.0,Film,R,-1.0,Moderate,Mild,Severe,Moderate,None
Night of the Living Dead,1990.0,6.9,40684.0,Horror,92.0,Film,R,-1.0,Mild,Severe,Moderate,Mild,Moderate
Lucky Number Slevin,2006.0,7.7,306275.0,"Crime, Drama, Thriller",110.0,Film,R,-1.0,Moderate,Severe,Severe,Moderate,Moderate
Strange Days,1995.0,7.2,69623.0,"Action, Crime, Drama",145.0,Film,R,-1.0,Severe,Severe,Severe,Moderate,Severe
Where the Wild Things Are,2009.0,6.7,102926.0,"Adventure, Drama, Family",101.0,Film,PG,-1.0,None,Mild,Mild,None,Moderate
John Tucker Must Die,2006.0,5.8,81998.0,"Comedy, Romance",89.0,Film,PG-13,-1.0,Mild,None,Mild,Mild,None
Newsies,1992.0,6.9,19993.0,"Drama, Family, History",121.0,Film,PG,-1.0,None,Mild,Mild,Mild,Mild
Ratsasan,2018.0,8.4,35222.0,"Action, Crime, Drama",170.0,Film,Not Rated,-1.0,Mild,Severe,Mild,Mild,Severe
Trainwreck,2015.0,6.2,133788.0,"Comedy, Drama, Romance",125.0,Film,R,-1.0,Moderate,Mild,Severe,Severe,None
Zenra kantoku,2015.0,7.7,5525.0,"Biography, Drama",48.0,Series,TV-MA,16.0,Severe,Mild,Moderate,Moderate,Moderate
The Champ,1979.0,6.9,8321.0,"Drama, Sport",121.0,Film,PG,-1.0,Mild,Moderate,Mild,Mild,Severe
The Last Inn,2021.0,2.7,70.0,"Drama, Fantasy, Horror",97.0,Film,TV-MA,-1.0,Severe,No Rate,No Rate,No Rate,No Rate
Our Father,2021.0,5.4,86.0,"Comedy, Drama",96.0,Film,None,-1.0,No Rate,No Rate,No Rate,No Rate,No Rate
King Kong,1933.0,7.9,82705.0,"Adventure, Horror, Sci-Fi",100.0,Film,Passed,-1.0,Mild,Moderate,None,Mild,Moderate
Secret Diary of a Call Girl,1933.0,7.4,13200.0,Drama,30.0,Series,TV-MA,32.0,Severe,None,Severe,Moderate,Moderate
The Square,2017.0,7.2,59680.0,"Comedy, Drama",151.0,Film,R,-1.0,Moderate,Mild,Moderate,Mild,Moderate
Dragonball Evolution,2009.0,2.5,72403.0,"Action, Adventure, Fantasy",85.0,Film,PG,-1.0,Mild,Moderate,Mild,Mild,Moderate
The Captive,2014.0,5.9,32311.0,"Crime, Drama, Mystery",112.0,Film,R,-1.0,None,Mild,Moderate,Mild,Moderate
Ryû to sobakasu no hime,2021.0,7.2,552.0,"Animation, Adventure, Drama",121.0,Film,None,-1.0,No Rate,No Rate,No Rate,No Rate,No Rate
Max Payne,2008.0,5.3,124325.0,"Action, Crime, Drama",100.0,Film,PG-13,-1.0,Mild,Severe,Moderate,Mild,Mild
The Creed of Violence,2008.0,-1.0,-1.0,"Action, Crime, Drama",-1.0,Film,None,-1.0,No Rate,No Rate,No Rate,No Rate,No Rate
Anatomy of a Murder,1959.0,8.0,63564.0,"Drama, Mystery",161.0,Film,Not Rated,-1.0,None,Mild,Mild,Mild,Mild
SAS Australia,1959.0,7.5,141.0,Reality-TV,-1.0,Series,None,25.0,No Rate,No Rate,No Rate,No Rate,No Rate
4: Rise of the Silver Surfer,2007.0,5.6,257269.0,"Action, Adventure, Fantasy",92.0,Film,PG,-1.0,Mild,Mild,Mild,Mild,Mild
King of Thieves,2018.0,5.5,12957.0,"Biography, Crime, Drama",108.0,Film,R,-1.0,Mild,Mild,Severe,Moderate,Mild
The Dukes of Hazzard,2005.0,5.1,77398.0,Comedy,104.0,Film,PG-13,-1.0,Moderate,Mild,Moderate,Mild,None
Act Naturally,2011.0,4.8,776.0,"Comedy, Drama",90.0,Film,Unrated,-1.0,Moderate,None,Moderate,Mild,None
Antares,2004.0,6.1,2943.0,"Drama, Romance",105.0,Film,Unrated,-1.0,Moderate,None,Moderate,None,Mild
Ansatsu kyôshitsu,2004.0,8.0,11713.0,"Animation, Action, Comedy",23.0,Series,TV-14,49.0,Moderate,Moderate,Mild,Mild,Moderate
Priest,2011.0,5.7,117946.0,"Action, Adventure, Fantasy",87.0,Film,PG-13,-1.0,None,Severe,Mild,Mild,Moderate
Operation Finale,2018.0,6.6,37874.0,"Biography, Drama, History",122.0,Film,PG-13,-1.0,None,Moderate,Mild,Mild,Moderate
Take Shelter,2011.0,7.3,97619.0,"Drama, Sci-Fi, Thriller",121.0,Film,R,-1.0,None,Mild,Mild,Mild,Moderate
Las chicas del cable,2011.0,7.6,13282.0,Drama,50.0,Series,TV-14,42.0,Moderate,Mild,Mild,Moderate,Mild
A Perfect Getaway,2009.0,6.5,70472.0,"Drama, Mystery, Thriller",98.0,Film,R,-1.0,Moderate,Severe,Moderate,Moderate,Moderate
Happy Feet,2006.0,6.4,177189.0,"Animation, Adventure, Comedy",108.0,Film,PG,-1.0,Mild,Mild,None,None,Mild
When a Stranger Calls,2006.0,5.1,44661.0,"Horror, Thriller",87.0,Film,PG-13,-1.0,None,Moderate,Mild,Mild,Moderate
A House on the Bayou,2021.0,-1.0,-1.0,"Horror, Thriller",-1.0,Film,None,-1.0,No Rate,No Rate,No Rate,No Rate,No Rate
P.S. I Love You,2007.0,7.0,204769.0,"Comedy, Drama, Romance",126.0,Film,PG-13,-1.0,Mild,None,Mild,Mild,None
Monsters vs. Aliens,2009.0,6.4,154051.0,"Animation, Action, Adventure",94.0,Film,PG,-1.0,None,Mild,None,None,Mild
Friday Night Dinner,2009.0,8.1,16488.0,Comedy,24.0,Series,TV-14,37.0,Mild,None,Moderate,Mild,None
Pan Am,2009.0,7.0,19496.0,"Drama, History, Romance",42.0,Series,TV-PG,14.0,None,Mild,No Rate,No Rate,No Rate
Tangerine,2015.0,7.1,29331.0,"Comedy, Crime, Drama",88.0,Film,R,-1.0,Severe,Mild,Severe,Moderate,Mild
Resident Evil: Afterlife,2010.0,5.8,166654.0,"Action, Adventure, Horror",96.0,Film,R,-1.0,Mild,Severe,Moderate,None,Moderate
Bad Trip,2021.0,6.6,21273.0,Comedy,86.0,Film,Unrated,-1.0,Severe,Moderate,Severe,Mild,Mild
The Oval,2021.0,4.1,1029.0,Drama,60.0,Series,TV-14,50.0,Moderate,No Rate,No Rate,No Rate,No Rate
Wycliffe,2021.0,7.1,702.0,"Crime, Drama, Mystery",50.0,Series,TV-14,37.0,No Rate,No Rate,No Rate,No Rate,No Rate
Gia,1998.0,7.0,43350.0,"Biography, Drama, Romance",120.0,Film,R,-1.0,Severe,Mild,Moderate,Severe,Moderate
The Brood,1979.0,6.8,28061.0,"Horror, Sci-Fi",92.0,Film,R,-1.0,Mild,Severe,Mild,Mild,Severe
Night Raiders,2021.0,6.4,118.0,Sci-Fi,97.0,Film,None,-1.0,No Rate,No Rate,No Rate,No Rate,No Rate
Sam & Cat,2021.0,5.7,8455.0,"Comedy, Drama, Family",30.0,Series,TV-G,35.0,None,Mild,Mild,None,Mild
Roxanne,1987.0,6.6,42989.0,"Comedy, Romance",107.0,Film,PG,-1.0,Mild,Mild,Moderate,Mild,None
The Detour,1987.0,7.7,6531.0,"Adventure, Comedy",30.0,Series,TV-MA,42.0,Mild,Mild,No Rate,No Rate,No Rate
Scooby-Doo! Mystery Incorporated,1987.0,8.0,10448.0,"Animation, Adventure, Comedy",23.0,Series,TV-Y7-FV,52.0,Mild,Mild,None,Mild,Moderate
The Forgiven,2021.0,6.8,62.0,Drama,117.0,Film,None,-1.0,No Rate,No Rate,No Rate,No Rate,No Rate
America: The Motion Picture,2021.0,5.6,5365.0,"Animation, Action, Adventure",98.0,Film,TV-MA,-1.0,Moderate,Severe,Severe,Mild,Mild
Resort to Love,2021.0,5.7,4562.0,"Comedy, Romance",101.0,Film,PG,-1.0,Mild,None,None,Mild,None
Killjoys,2021.0,7.2,21218.0,"Action, Adventure, Sci-Fi",42.0,Series,TV-MA,50.0,Moderate,Moderate,Mild,Mild,Mild
AVPR: Aliens vs Predator - Requiem,2007.0,4.6,120131.0,"Action, Horror, Sci-Fi",94.0,Film,R,-1.0,Mild,Severe,Moderate,Mild,Severe
"Endings, Beginnings",2019.0,5.7,5042.0,Drama,110.0,Film,Unrated,-1.0,Moderate,None,Moderate,Moderate,None
La cara oculta,2011.0,7.4,40729.0,"Drama, Mystery, Thriller",97.0,Film,R,-1.0,Severe,Mild,Mild,Mild,Moderate
Dumb and Dumber To,2014.0,5.6,133162.0,Comedy,109.0,Film,PG-13,-1.0,Moderate,Mild,Moderate,Mild,Mild
Brawl in Cell Block 99,2017.0,7.2,62894.0,"Action, Crime, Drama",132.0,Film,Not Rated,-1.0,Mild,Severe,Moderate,Mild,Severe
Lake Mungo,2008.0,6.3,20647.0,"Drama, Horror, Mystery",87.0,Film,R,-1.0,Moderate,Moderate,None,Mild,Severe
Alpha,2018.0,6.7,59238.0,"Action, Adventure, Drama",96.0,Film,PG-13,-1.0,None,Mild,None,None,Moderate
The Kindergarten Teacher,2018.0,6.7,14388.0,"Drama, Thriller",96.0,Film,R,-1.0,Moderate,None,Mild,Mild,None
Tenki no ko,2019.0,7.5,31527.0,"Animation, Drama, Fantasy",112.0,Film,PG-13,-1.0,Mild,Mild,Mild,Mild,Mild
Dalkomhan insaeng,2005.0,7.5,38677.0,"Action, Crime, Drama",119.0,Film,Not Rated,-1.0,None,Severe,Severe,Mild,Moderate
Four Rooms,1995.0,6.8,101583.0,Comedy,98.0,Film,R,-1.0,Moderate,Moderate,Severe,Moderate,Moderate
Tate no Yuusha no Nariagari,1995.0,8.1,9023.0,"Animation, Action, Adventure",24.0,Series,TV-14,26.0,Mild,Moderate,Mild,Mild,Moderate
Ma Rainey's Black Bottom,2020.0,6.9,47046.0,"Drama, Music",94.0,Film,R,-1.0,Mild,Mild,Moderate,Mild,Mild
My Struggle,2021.0,8.7,74.0,Biography,-1.0,Film,None,-1.0,No Rate,No Rate,No Rate,No Rate,No Rate
The Whole Truth,2016.0,6.2,27223.0,"Crime, Drama, Mystery",93.0,Film,R,-1.0,Mild,Mild,Mild,Mild,Mild
Mallrats,1995.0,7.1,119801.0,"Comedy, Romance",94.0,Film,R,-1.0,Moderate,Mild,Severe,Moderate,None
The Bureau of Magical Things,1995.0,6.8,1608.0,"Family, Fantasy, Mystery",25.0,Series,TV-G,40.0,None,None,None,None,None
Mommy,2014.0,8.1,54020.0,Drama,139.0,Film,R,-1.0,Mild,Moderate,Severe,Moderate,Moderate
The Assistant,2019.0,6.3,19964.0,Drama,87.0,Film,R,-1.0,None,None,Mild,Mild,Mild
The Personal History of David Copperfield,2019.0,6.4,17770.0,"Comedy, Drama",119.0,Film,PG,-1.0,None,Mild,None,Mild,Mild
The Family Man,2000.0,6.8,106632.0,"Comedy, Drama, Fantasy",125.0,Film,PG-13,-1.0,Mild,None,Mild,Mild,None
Elle,2016.0,7.1,64036.0,"Crime, Drama, Thriller",130.0,Film,R,-1.0,Severe,Severe,Moderate,Mild,Severe
Daddy Day Care,2003.0,5.6,66308.0,"Comedy, Family",92.0,Film,PG,-1.0,None,Mild,Mild,None,None
Alvin and the Chipmunks: The Road Chip,2015.0,5.0,18357.0,"Animation, Adventure, Comedy",92.0,Film,PG,-1.0,Mild,Mild,Mild,Mild,Mild
The Red Sea Diving Resort,2019.0,6.6,26953.0,"Drama, History, Thriller",129.0,Film,TV-MA,-1.0,Mild,Moderate,Moderate,Mild,Severe
How High,2001.0,6.3,56036.0,"Comedy, Fantasy",93.0,Film,R,-1.0,Moderate,Mild,Severe,Severe,None
Chugyeokja,2008.0,7.8,62423.0,"Action, Crime, Thriller",125.0,Film,Not Rated,-1.0,Mild,Severe,Moderate,Mild,Severe
Forever,2008.0,8.3,55231.0,"Crime, Drama, Fantasy",43.0,Series,TV-PG,22.0,None,Moderate,Mild,Mild,Moderate
The Human Centipede II (Full Sequence),2011.0,3.8,37492.0,Horror,91.0,Film,Not Rated,-1.0,Severe,Severe,Severe,Mild,Severe
Double Indemnity,1944.0,8.3,150448.0,"Crime, Drama, Film-Noir",107.0,Film,Passed,-1.0,None,Mild,None,Mild,Mild
Before the Devil Knows You're Dead,2007.0,7.3,100668.0,"Crime, Drama, Thriller",117.0,Film,R,-1.0,Severe,Moderate,Severe,Severe,Severe
Queen Bees,2021.0,6.0,887.0,"Comedy, Drama, Romance",100.0,Film,PG-13,-1.0,None,None,Mild,Moderate,None
Death Race,2008.0,6.3,203578.0,"Action, Sci-Fi, Thriller",105.0,Film,R,-1.0,Mild,Severe,Severe,Mild,Moderate
